ISO-10303-21;
HEADER;
FILE_DESCRIPTION(('KiCad electronic assembly'),'2;1');
FILE_NAME('radio.step','2026-09-10T21:53:24',('Pcbnew'),('Kicad'),
  'Open CASCADE STEP processor 7.9','KiCad to STEP converter','Unknown'
  );
FILE_SCHEMA(('AUTOMOTIVE_DESIGN { 1 0 10303 214 1 1 1 1 }'));
ENDSEC;
DATA;
#1 = APPLICATION_PROTOCOL_DEFINITION('international standard',
  'automotive_design',2000,#2);
#2 = APPLICATION_CONTEXT(
  'core data for automotive mechanical design processes');
#3 = SHAPE_DEFINITION_REPRESENTATION(#4,#10);
#4 = PRODUCT_DEFINITION_SHAPE('','',#5);
#5 = PRODUCT_DEFINITION('design','',#6,#9);
#6 = PRODUCT_DEFINITION_FORMATION('','',#7);
#7 = PRODUCT('radio 1','radio 1','',(#8));
#8 = PRODUCT_CONTEXT('',#2,'mechanical');
#9 = PRODUCT_DEFINITION_CONTEXT('part definition',#2,'design');
#10 = SHAPE_REPRESENTATION('',(#11,#15,#19,#23,#27,#31,#35,#39,#43,#47,
    #51,#55,#59,#63,#67),#71);
#11 = AXIS2_PLACEMENT_3D('',#12,#13,#14);
#12 = CARTESIAN_POINT('',(0.,0.,0.));
#13 = DIRECTION('',(0.,0.,1.));
#14 = DIRECTION('',(1.,0.,-0.));
#15 = AXIS2_PLACEMENT_3D('',#16,#17,#18);
#16 = CARTESIAN_POINT('',(125.5,-51.,1.595));
#17 = DIRECTION('',(0.,0.,1.));
#18 = DIRECTION('',(1.,0.,0.));
#19 = AXIS2_PLACEMENT_3D('',#20,#21,#22);
#20 = CARTESIAN_POINT('',(116.5,-34.,1.595));
#21 = DIRECTION('',(0.,0.,1.));
#22 = DIRECTION('',(1.,0.,0.));
#23 = AXIS2_PLACEMENT_3D('',#24,#25,#26);
#24 = CARTESIAN_POINT('',(109.46,-29.,1.595));
#25 = DIRECTION('',(0.,-0.,1.));
#26 = DIRECTION('',(1.110223024625E-16,1.,0.));
#27 = AXIS2_PLACEMENT_3D('',#28,#29,#30);
#28 = CARTESIAN_POINT('',(146.,-29.,1.595));
#29 = DIRECTION('',(0.,0.,1.));
#30 = DIRECTION('',(1.,0.,0.));
#31 = AXIS2_PLACEMENT_3D('',#32,#33,#34);
#32 = CARTESIAN_POINT('',(104.5,-47.,1.595));
#33 = DIRECTION('',(0.,0.,1.));
#34 = DIRECTION('',(1.,0.,0.));
#35 = AXIS2_PLACEMENT_3D('',#36,#37,#38);
#36 = CARTESIAN_POINT('',(139.,-28.92,1.595));
#37 = DIRECTION('',(0.,0.,1.));
#38 = DIRECTION('',(1.,0.,0.));
#39 = AXIS2_PLACEMENT_3D('',#40,#41,#42);
#40 = CARTESIAN_POINT('',(92.,-29.,1.595));
#41 = DIRECTION('',(0.,-0.,1.));
#42 = DIRECTION('',(1.110223024625E-16,1.,0.));
#43 = AXIS2_PLACEMENT_3D('',#44,#45,#46);
#44 = CARTESIAN_POINT('',(101.,-29.,1.595));
#45 = DIRECTION('',(0.,-0.,1.));
#46 = DIRECTION('',(1.110223024625E-16,1.,0.));
#47 = AXIS2_PLACEMENT_3D('',#48,#49,#50);
#48 = CARTESIAN_POINT('',(144.38,-35.,1.595));
#49 = DIRECTION('',(0.,0.,1.));
#50 = DIRECTION('',(1.,0.,0.));
#51 = AXIS2_PLACEMENT_3D('',#52,#53,#54);
#52 = CARTESIAN_POINT('',(133.19,-29.,1.595));
#53 = DIRECTION('',(0.,0.,1.));
#54 = DIRECTION('',(1.,0.,0.));
#55 = AXIS2_PLACEMENT_3D('',#56,#57,#58);
#56 = CARTESIAN_POINT('',(127.5,-40.,1.595));
#57 = DIRECTION('',(0.,0.,1.));
#58 = DIRECTION('',(1.,0.,0.));
#59 = AXIS2_PLACEMENT_3D('',#60,#61,#62);
#60 = CARTESIAN_POINT('',(113.19,-42.19,1.595));
#61 = DIRECTION('',(0.,0.,1.));
#62 = DIRECTION('',(1.,0.,0.));
#63 = AXIS2_PLACEMENT_3D('',#64,#65,#66);
#64 = CARTESIAN_POINT('',(105.5,-37.,1.595));
#65 = DIRECTION('',(0.,0.,1.));
#66 = DIRECTION('',(1.,0.,0.));
#67 = AXIS2_PLACEMENT_3D('',#68,#69,#70);
#68 = CARTESIAN_POINT('',(0.,0.,0.));
#69 = DIRECTION('',(0.,0.,1.));
#70 = DIRECTION('',(1.,0.,-0.));
#71 = ( GEOMETRIC_REPRESENTATION_CONTEXT(3) 
GLOBAL_UNCERTAINTY_ASSIGNED_CONTEXT((#75)) GLOBAL_UNIT_ASSIGNED_CONTEXT(
(#72,#73,#74)) REPRESENTATION_CONTEXT('Context #1',
  '3D Context with UNIT and UNCERTAINTY') );
#72 = ( LENGTH_UNIT() NAMED_UNIT(*) SI_UNIT(.MILLI.,.METRE.) );
#73 = ( NAMED_UNIT(*) PLANE_ANGLE_UNIT() SI_UNIT($,.RADIAN.) );
#74 = ( NAMED_UNIT(*) SI_UNIT($,.STERADIAN.) SOLID_ANGLE_UNIT() );
#75 = UNCERTAINTY_MEASURE_WITH_UNIT(LENGTH_MEASURE(5.E-07),#72,
  'distance_accuracy_value','confusion accuracy');
#76 = PRODUCT_RELATED_PRODUCT_CATEGORY('part',$,(#7));
#77 = SHAPE_DEFINITION_REPRESENTATION(#78,#84);
#78 = PRODUCT_DEFINITION_SHAPE('','',#79);
#79 = PRODUCT_DEFINITION('design','',#80,#83);
#80 = PRODUCT_DEFINITION_FORMATION('','',#81);
#81 = PRODUCT('CP_Radial_D6.3mm_P2.50mm','CP_Radial_D6.3mm_P2.50mm','',(
    #82));
#82 = PRODUCT_CONTEXT('',#2,'mechanical');
#83 = PRODUCT_DEFINITION_CONTEXT('part definition',#2,'design');
#84 = SHAPE_REPRESENTATION('',(#11,#85),#89);
#85 = AXIS2_PLACEMENT_3D('',#86,#87,#88);
#86 = CARTESIAN_POINT('',(0.,0.,0.));
#87 = DIRECTION('',(0.,0.,1.));
#88 = DIRECTION('',(1.,0.,-0.));
#89 = ( GEOMETRIC_REPRESENTATION_CONTEXT(3) 
GLOBAL_UNCERTAINTY_ASSIGNED_CONTEXT((#93)) GLOBAL_UNIT_ASSIGNED_CONTEXT(
(#90,#91,#92)) REPRESENTATION_CONTEXT('Context #1',
  '3D Context with UNIT and UNCERTAINTY') );
#90 = ( LENGTH_UNIT() NAMED_UNIT(*) SI_UNIT(.MILLI.,.METRE.) );
#91 = ( NAMED_UNIT(*) PLANE_ANGLE_UNIT() SI_UNIT($,.RADIAN.) );
#92 = ( NAMED_UNIT(*) SI_UNIT($,.STERADIAN.) SOLID_ANGLE_UNIT() );
#93 = UNCERTAINTY_MEASURE_WITH_UNIT(LENGTH_MEASURE(1.E-06),#90,
  'distance_accuracy_value','confusion accuracy');
#94 = CONTEXT_DEPENDENT_SHAPE_REPRESENTATION(#95,#97);
#95 = ( REPRESENTATION_RELATIONSHIP('','',#84,#10) 
REPRESENTATION_RELATIONSHIP_WITH_TRANSFORMATION(#96) 
SHAPE_REPRESENTATION_RELATIONSHIP() );
#96 = ITEM_DEFINED_TRANSFORMATION('','',#11,#15);
#97 = PRODUCT_DEFINITION_SHAPE('Placement','Placement of an item',#98);
#98 = NEXT_ASSEMBLY_USAGE_OCCURRENCE('2','C2','',#5,#79,$);
#99 = PRODUCT_RELATED_PRODUCT_CATEGORY('part',$,(#81));
#100 = SHAPE_DEFINITION_REPRESENTATION(#101,#107);
#101 = PRODUCT_DEFINITION_SHAPE('','',#102);
#102 = PRODUCT_DEFINITION('design','',#103,#106);
#103 = PRODUCT_DEFINITION_FORMATION('','',#104);
#104 = PRODUCT('CP_Radial_D63mm_P250mm','CP_Radial_D63mm_P250mm','',(
    #105));
#105 = PRODUCT_CONTEXT('',#2,'mechanical');
#106 = PRODUCT_DEFINITION_CONTEXT('part definition',#2,'design');
#107 = ADVANCED_BREP_SHAPE_REPRESENTATION('',(#11,#108),#1932);
#108 = BREP_WITH_VOIDS('',#109,(#1810));
#109 = CLOSED_SHELL('',(#110,#127,#152,#201,#234,#252,#277,#309,#327,
    #336,#374,#396,#459,#487,#665,#731,#800,#832,#1010,#1076,#1108,#1218
    ,#1252,#1270,#1286,#1318,#1336,#1479,#1531,#1555,#1579,#1603,#1665,
    #1682,#1706,#1722,#1746,#1758,#1774,#1786,#1798));
#110 = ADVANCED_FACE('',(#111),#122,.F.);
#111 = FACE_BOUND('',#112,.F.);
#112 = EDGE_LOOP('',(#113));
#113 = ORIENTED_EDGE('',*,*,#114,.T.);
#114 = EDGE_CURVE('',#115,#115,#117,.T.);
#115 = VERTEX_POINT('',#116);
#116 = CARTESIAN_POINT('',(2.25,-1.224646799147E-16,-1.9));
#117 = CIRCLE('',#118,0.25);
#118 = AXIS2_PLACEMENT_3D('',#119,#120,#121);
#119 = CARTESIAN_POINT('',(2.5,-1.530808498934E-16,-1.9));
#120 = DIRECTION('',(0.,0.,1.));
#121 = DIRECTION('',(-1.,1.224646799147E-16,0.));
#122 = PLANE('',#123);
#123 = AXIS2_PLACEMENT_3D('',#124,#125,#126);
#124 = CARTESIAN_POINT('',(2.5,-1.749248380069E-16,-1.9));
#125 = DIRECTION('',(4.108650548026E-33,4.08046586736E-33,1.));
#126 = DIRECTION('',(-1.,1.224646799147E-16,4.108650548026E-33));
#127 = ADVANCED_FACE('',(#128),#147,.T.);
#128 = FACE_BOUND('',#129,.T.);
#129 = EDGE_LOOP('',(#130,#139,#145,#146));
#130 = ORIENTED_EDGE('',*,*,#131,.F.);
#131 = EDGE_CURVE('',#132,#132,#134,.T.);
#132 = VERTEX_POINT('',#133);
#133 = CARTESIAN_POINT('',(2.25,-1.224646799147E-16,0.2));
#134 = CIRCLE('',#135,0.25);
#135 = AXIS2_PLACEMENT_3D('',#136,#137,#138);
#136 = CARTESIAN_POINT('',(2.5,-1.530808498934E-16,0.2));
#137 = DIRECTION('',(0.,0.,1.));
#138 = DIRECTION('',(-1.,1.224646799147E-16,0.));
#139 = ORIENTED_EDGE('',*,*,#140,.T.);
#140 = EDGE_CURVE('',#132,#115,#141,.T.);
#141 = LINE('',#142,#143);
#142 = CARTESIAN_POINT('',(2.25,-1.224646799147E-16,0.3));
#143 = VECTOR('',#144,1.);
#144 = DIRECTION('',(0.,0.,-1.));
#145 = ORIENTED_EDGE('',*,*,#114,.T.);
#146 = ORIENTED_EDGE('',*,*,#140,.F.);
#147 = CYLINDRICAL_SURFACE('',#148,0.25);
#148 = AXIS2_PLACEMENT_3D('',#149,#150,#151);
#149 = CARTESIAN_POINT('',(2.5,-1.530808498934E-16,0.3));
#150 = DIRECTION('',(0.,0.,1.));
#151 = DIRECTION('',(-1.,1.224646799147E-16,0.));
#152 = ADVANCED_FACE('',(#153,#182,#185),#196,.F.);
#153 = FACE_BOUND('',#154,.F.);
#154 = EDGE_LOOP('',(#155,#166,#175));
#155 = ORIENTED_EDGE('',*,*,#156,.T.);
#156 = EDGE_CURVE('',#157,#159,#161,.T.);
#157 = VERTEX_POINT('',#158);
#158 = CARTESIAN_POINT('',(-0.955,2.70034619212E-16,0.2));
#159 = VERTEX_POINT('',#160);
#160 = CARTESIAN_POINT('',(3.287154369187,-0.843816968365,0.2));
#161 = CIRCLE('',#162,2.205);
#162 = AXIS2_PLACEMENT_3D('',#163,#164,#165);
#163 = CARTESIAN_POINT('',(1.25,0.,0.2));
#164 = DIRECTION('',(0.,0.,1.));
#165 = DIRECTION('',(-1.,1.224646799147E-16,0.));
#166 = ORIENTED_EDGE('',*,*,#167,.T.);
#167 = EDGE_CURVE('',#159,#168,#170,.T.);
#168 = VERTEX_POINT('',#169);
#169 = CARTESIAN_POINT('',(3.287154369187,0.843816968365,0.2));
#170 = CIRCLE('',#171,2.205);
#171 = AXIS2_PLACEMENT_3D('',#172,#173,#174);
#172 = CARTESIAN_POINT('',(1.25,0.,0.2));
#173 = DIRECTION('',(0.,0.,1.));
#174 = DIRECTION('',(-1.,1.224646799147E-16,0.));
#175 = ORIENTED_EDGE('',*,*,#176,.T.);
#176 = EDGE_CURVE('',#168,#157,#177,.T.);
#177 = CIRCLE('',#178,2.205);
#178 = AXIS2_PLACEMENT_3D('',#179,#180,#181);
#179 = CARTESIAN_POINT('',(1.25,0.,0.2));
#180 = DIRECTION('',(0.,0.,1.));
#181 = DIRECTION('',(-1.,1.224646799147E-16,0.));
#182 = FACE_BOUND('',#183,.F.);
#183 = EDGE_LOOP('',(#184));
#184 = ORIENTED_EDGE('',*,*,#131,.F.);
#185 = FACE_BOUND('',#186,.F.);
#186 = EDGE_LOOP('',(#187));
#187 = ORIENTED_EDGE('',*,*,#188,.F.);
#188 = EDGE_CURVE('',#189,#189,#191,.T.);
#189 = VERTEX_POINT('',#190);
#190 = CARTESIAN_POINT('',(-0.25,1.836970198721E-16,0.2));
#191 = CIRCLE('',#192,0.25);
#192 = AXIS2_PLACEMENT_3D('',#193,#194,#195);
#193 = CARTESIAN_POINT('',(0.,1.530808498934E-16,0.2));
#194 = DIRECTION('',(0.,0.,1.));
#195 = DIRECTION('',(-1.,1.224646799147E-16,0.));
#196 = PLANE('',#197);
#197 = AXIS2_PLACEMENT_3D('',#198,#199,#200);
#198 = CARTESIAN_POINT('',(1.25,-1.425463059326E-16,0.2));
#199 = DIRECTION('',(0.,0.,1.));
#200 = DIRECTION('',(-1.,1.224646799147E-16,0.));
#201 = ADVANCED_FACE('',(#202),#229,.F.);
#202 = FACE_BOUND('',#203,.F.);
#203 = EDGE_LOOP('',(#204,#212,#213,#214,#222));
#204 = ORIENTED_EDGE('',*,*,#205,.F.);
#205 = EDGE_CURVE('',#159,#206,#208,.T.);
#206 = VERTEX_POINT('',#207);
#207 = CARTESIAN_POINT('',(3.287154369187,-0.843816968365,0.));
#208 = LINE('',#209,#210);
#209 = CARTESIAN_POINT('',(3.287154369187,-0.843816968365,0.3));
#210 = VECTOR('',#211,1.);
#211 = DIRECTION('',(0.,0.,-1.));
#212 = ORIENTED_EDGE('',*,*,#156,.F.);
#213 = ORIENTED_EDGE('',*,*,#176,.F.);
#214 = ORIENTED_EDGE('',*,*,#215,.T.);
#215 = EDGE_CURVE('',#168,#216,#218,.T.);
#216 = VERTEX_POINT('',#217);
#217 = CARTESIAN_POINT('',(3.287154369187,0.843816968365,0.));
#218 = LINE('',#219,#220);
#219 = CARTESIAN_POINT('',(3.287154369187,0.843816968365,0.3));
#220 = VECTOR('',#221,1.);
#221 = DIRECTION('',(0.,0.,-1.));
#222 = ORIENTED_EDGE('',*,*,#223,.F.);
#223 = EDGE_CURVE('',#206,#216,#224,.T.);
#224 = CIRCLE('',#225,2.205);
#225 = AXIS2_PLACEMENT_3D('',#226,#227,#228);
#226 = CARTESIAN_POINT('',(1.25,0.,0.));
#227 = DIRECTION('',(0.,-0.,-1.));
#228 = DIRECTION('',(0.923879532511,-0.382683432365,0.));
#229 = CYLINDRICAL_SURFACE('',#230,2.205);
#230 = AXIS2_PLACEMENT_3D('',#231,#232,#233);
#231 = CARTESIAN_POINT('',(1.25,0.,0.3));
#232 = DIRECTION('',(0.,0.,-1.));
#233 = DIRECTION('',(0.923879532511,-0.382683432365,0.));
#234 = ADVANCED_FACE('',(#235),#247,.F.);
#235 = FACE_BOUND('',#236,.F.);
#236 = EDGE_LOOP('',(#237,#238,#239,#240));
#237 = ORIENTED_EDGE('',*,*,#215,.F.);
#238 = ORIENTED_EDGE('',*,*,#167,.F.);
#239 = ORIENTED_EDGE('',*,*,#205,.T.);
#240 = ORIENTED_EDGE('',*,*,#241,.F.);
#241 = EDGE_CURVE('',#216,#206,#242,.T.);
#242 = CIRCLE('',#243,2.205);
#243 = AXIS2_PLACEMENT_3D('',#244,#245,#246);
#244 = CARTESIAN_POINT('',(1.25,0.,0.));
#245 = DIRECTION('',(0.,0.,-1.));
#246 = DIRECTION('',(0.923879532511,0.382683432365,0.));
#247 = CYLINDRICAL_SURFACE('',#248,2.205);
#248 = AXIS2_PLACEMENT_3D('',#249,#250,#251);
#249 = CARTESIAN_POINT('',(1.25,0.,0.3));
#250 = DIRECTION('',(0.,0.,-1.));
#251 = DIRECTION('',(0.923879532511,0.382683432365,0.));
#252 = ADVANCED_FACE('',(#253),#272,.T.);
#253 = FACE_BOUND('',#254,.T.);
#254 = EDGE_LOOP('',(#255,#256,#264,#271));
#255 = ORIENTED_EDGE('',*,*,#188,.F.);
#256 = ORIENTED_EDGE('',*,*,#257,.T.);
#257 = EDGE_CURVE('',#189,#258,#260,.T.);
#258 = VERTEX_POINT('',#259);
#259 = CARTESIAN_POINT('',(-0.25,1.836970198721E-16,-2.));
#260 = LINE('',#261,#262);
#261 = CARTESIAN_POINT('',(-0.25,1.836970198721E-16,0.3));
#262 = VECTOR('',#263,1.);
#263 = DIRECTION('',(0.,0.,-1.));
#264 = ORIENTED_EDGE('',*,*,#265,.T.);
#265 = EDGE_CURVE('',#258,#258,#266,.T.);
#266 = CIRCLE('',#267,0.25);
#267 = AXIS2_PLACEMENT_3D('',#268,#269,#270);
#268 = CARTESIAN_POINT('',(0.,1.530808498934E-16,-2.));
#269 = DIRECTION('',(0.,0.,1.));
#270 = DIRECTION('',(-1.,1.224646799147E-16,0.));
#271 = ORIENTED_EDGE('',*,*,#257,.F.);
#272 = CYLINDRICAL_SURFACE('',#273,0.25);
#273 = AXIS2_PLACEMENT_3D('',#274,#275,#276);
#274 = CARTESIAN_POINT('',(0.,1.530808498934E-16,0.3));
#275 = DIRECTION('',(0.,0.,1.));
#276 = DIRECTION('',(-1.,1.224646799147E-16,0.));
#277 = ADVANCED_FACE('',(#278),#304,.T.);
#278 = FACE_BOUND('',#279,.F.);
#279 = EDGE_LOOP('',(#280,#281,#289,#298));
#280 = ORIENTED_EDGE('',*,*,#223,.T.);
#281 = ORIENTED_EDGE('',*,*,#282,.T.);
#282 = EDGE_CURVE('',#216,#283,#285,.T.);
#283 = VERTEX_POINT('',#284);
#284 = CARTESIAN_POINT('',(3.975444620908,1.128916125477,
    -5.551115123126E-17));
#285 = LINE('',#286,#287);
#286 = CARTESIAN_POINT('',(3.287154369187,0.843816968365,0.));
#287 = VECTOR('',#288,1.);
#288 = DIRECTION('',(0.923879532511,0.382683432365,0.));
#289 = ORIENTED_EDGE('',*,*,#290,.F.);
#290 = EDGE_CURVE('',#291,#283,#293,.T.);
#291 = VERTEX_POINT('',#292);
#292 = CARTESIAN_POINT('',(3.975444620908,-1.128916125477,
    -5.551115123126E-17));
#293 = CIRCLE('',#294,2.95);
#294 = AXIS2_PLACEMENT_3D('',#295,#296,#297);
#295 = CARTESIAN_POINT('',(1.25,0.,-5.551115123126E-17));
#296 = DIRECTION('',(0.,-0.,-1.));
#297 = DIRECTION('',(0.923879532511,-0.382683432365,0.));
#298 = ORIENTED_EDGE('',*,*,#299,.F.);
#299 = EDGE_CURVE('',#206,#291,#300,.T.);
#300 = LINE('',#301,#302);
#301 = CARTESIAN_POINT('',(3.287154369187,-0.843816968365,0.));
#302 = VECTOR('',#303,1.);
#303 = DIRECTION('',(0.923879532511,-0.382683432365,0.));
#304 = PLANE('',#305);
#305 = AXIS2_PLACEMENT_3D('',#306,#307,#308);
#306 = CARTESIAN_POINT('',(1.25,0.,0.));
#307 = DIRECTION('',(0.,0.,-1.));
#308 = DIRECTION('',(0.923879532511,-0.382683432365,0.));
#309 = ADVANCED_FACE('',(#310),#322,.T.);
#310 = FACE_BOUND('',#311,.F.);
#311 = EDGE_LOOP('',(#312,#313,#314,#321));
#312 = ORIENTED_EDGE('',*,*,#241,.T.);
#313 = ORIENTED_EDGE('',*,*,#299,.T.);
#314 = ORIENTED_EDGE('',*,*,#315,.F.);
#315 = EDGE_CURVE('',#283,#291,#316,.T.);
#316 = CIRCLE('',#317,2.95);
#317 = AXIS2_PLACEMENT_3D('',#318,#319,#320);
#318 = CARTESIAN_POINT('',(1.25,0.,-5.551115123126E-17));
#319 = DIRECTION('',(0.,0.,-1.));
#320 = DIRECTION('',(0.923879532511,0.382683432365,0.));
#321 = ORIENTED_EDGE('',*,*,#282,.F.);
#322 = PLANE('',#323);
#323 = AXIS2_PLACEMENT_3D('',#324,#325,#326);
#324 = CARTESIAN_POINT('',(1.25,0.,0.));
#325 = DIRECTION('',(0.,0.,-1.));
#326 = DIRECTION('',(0.923879532511,0.382683432365,0.));
#327 = ADVANCED_FACE('',(#328),#331,.F.);
#328 = FACE_BOUND('',#329,.F.);
#329 = EDGE_LOOP('',(#330));
#330 = ORIENTED_EDGE('',*,*,#265,.T.);
#331 = PLANE('',#332);
#332 = AXIS2_PLACEMENT_3D('',#333,#334,#335);
#333 = CARTESIAN_POINT('',(-2.22044604925E-16,1.312368617799E-16,-2.));
#334 = DIRECTION('',(2.013238768533E-31,4.08046586736E-33,1.));
#335 = DIRECTION('',(-1.,1.224646799147E-16,2.013238768533E-31));
#336 = ADVANCED_FACE('',(#337),#365,.F.);
#337 = FACE_BOUND('',#338,.F.);
#338 = EDGE_LOOP('',(#339,#340,#349,#358));
#339 = ORIENTED_EDGE('',*,*,#290,.T.);
#340 = ORIENTED_EDGE('',*,*,#341,.T.);
#341 = EDGE_CURVE('',#283,#342,#344,.T.);
#342 = VERTEX_POINT('',#343);
#343 = CARTESIAN_POINT('',(4.160220527411,1.20545281195,0.2));
#344 = CIRCLE('',#345,0.2);
#345 = AXIS2_PLACEMENT_3D('',#346,#347,#348);
#346 = CARTESIAN_POINT('',(3.975444620908,1.128916125477,0.2));
#347 = DIRECTION('',(0.382683432365,-0.923879532511,0.));
#348 = DIRECTION('',(2.051424657948E-15,8.497279155087E-16,-1.));
#349 = ORIENTED_EDGE('',*,*,#350,.F.);
#350 = EDGE_CURVE('',#351,#342,#353,.T.);
#351 = VERTEX_POINT('',#352);
#352 = CARTESIAN_POINT('',(4.160220527411,-1.20545281195,0.2));
#353 = CIRCLE('',#354,3.15);
#354 = AXIS2_PLACEMENT_3D('',#355,#356,#357);
#355 = CARTESIAN_POINT('',(1.25,0.,0.2));
#356 = DIRECTION('',(0.,-0.,-1.));
#357 = DIRECTION('',(0.923879532511,-0.382683432365,0.));
#358 = ORIENTED_EDGE('',*,*,#359,.F.);
#359 = EDGE_CURVE('',#291,#351,#360,.T.);
#360 = CIRCLE('',#361,0.2);
#361 = AXIS2_PLACEMENT_3D('',#362,#363,#364);
#362 = CARTESIAN_POINT('',(3.975444620908,-1.128916125477,0.2));
#363 = DIRECTION('',(-0.382683432365,-0.923879532511,0.));
#364 = DIRECTION('',(2.051424657948E-15,-8.497279155087E-16,-1.));
#365 = SURFACE_OF_REVOLUTION('',#366,#371);
#366 = CIRCLE('',#367,0.2);
#367 = AXIS2_PLACEMENT_3D('',#368,#369,#370);
#368 = CARTESIAN_POINT('',(3.975444620908,-1.128916125477,0.2));
#369 = DIRECTION('',(-0.382683432365,-0.923879532511,0.));
#370 = DIRECTION('',(2.051424657948E-15,-8.497279155087E-16,-1.));
#371 = AXIS1_PLACEMENT('',#372,#373);
#372 = CARTESIAN_POINT('',(1.25,0.,0.));
#373 = DIRECTION('',(0.,0.,-1.));
#374 = ADVANCED_FACE('',(#375),#387,.F.);
#375 = FACE_BOUND('',#376,.F.);
#376 = EDGE_LOOP('',(#377,#378,#379,#386));
#377 = ORIENTED_EDGE('',*,*,#315,.T.);
#378 = ORIENTED_EDGE('',*,*,#359,.T.);
#379 = ORIENTED_EDGE('',*,*,#380,.F.);
#380 = EDGE_CURVE('',#342,#351,#381,.T.);
#381 = CIRCLE('',#382,3.15);
#382 = AXIS2_PLACEMENT_3D('',#383,#384,#385);
#383 = CARTESIAN_POINT('',(1.25,0.,0.2));
#384 = DIRECTION('',(0.,0.,-1.));
#385 = DIRECTION('',(0.923879532511,0.382683432365,0.));
#386 = ORIENTED_EDGE('',*,*,#341,.F.);
#387 = SURFACE_OF_REVOLUTION('',#388,#393);
#388 = CIRCLE('',#389,0.2);
#389 = AXIS2_PLACEMENT_3D('',#390,#391,#392);
#390 = CARTESIAN_POINT('',(3.975444620908,1.128916125477,0.2));
#391 = DIRECTION('',(0.382683432365,-0.923879532511,0.));
#392 = DIRECTION('',(2.051424657948E-15,8.497279155087E-16,-1.));
#393 = AXIS1_PLACEMENT('',#394,#395);
#394 = CARTESIAN_POINT('',(1.25,0.,0.));
#395 = DIRECTION('',(0.,0.,-1.));
#396 = ADVANCED_FACE('',(#397),#454,.T.);
#397 = FACE_BOUND('',#398,.T.);
#398 = EDGE_LOOP('',(#399,#441,#447,#448));
#399 = ORIENTED_EDGE('',*,*,#400,.T.);
#400 = EDGE_CURVE('',#401,#403,#405,.T.);
#401 = VERTEX_POINT('',#402);
#402 = CARTESIAN_POINT('',(4.160220527411,-1.20545281195,1.064979142851)
  );
#403 = VERTEX_POINT('',#404);
#404 = CARTESIAN_POINT('',(4.160220527411,1.20545281195,1.064979142851)
  );
#405 = B_SPLINE_CURVE_WITH_KNOTS('',12,(#406,#407,#408,#409,#410,#411,
    #412,#413,#414,#415,#416,#417,#418,#419,#420,#421,#422,#423,#424,
    #425,#426,#427,#428,#429,#430,#431,#432,#433,#434,#435,#436,#437,
    #438,#439,#440),.UNSPECIFIED.,.F.,.F.,(13,11,11,13),(-0.737875708395
    ,-5.005450452798E-16,17.318029502913,18.055905211308),
  .UNSPECIFIED.);
#406 = CARTESIAN_POINT('',(4.442593336158,-0.523744547427,1.064979142851
    ));
#407 = CARTESIAN_POINT('',(4.418899197873,-0.580947257422,1.064979142851
    ));
#408 = CARTESIAN_POINT('',(4.395234708841,-0.63807838779,1.064979142851)
  );
#409 = CARTESIAN_POINT('',(4.371599869062,-0.695137938531,1.064979142851
    ));
#410 = CARTESIAN_POINT('',(4.347994678535,-0.752125909643,1.064979142851
    ));
#411 = CARTESIAN_POINT('',(4.32441913726,-0.809042301129,1.064979142851)
  );
#412 = CARTESIAN_POINT('',(4.300873245238,-0.865887112986,1.064979142851
    ));
#413 = CARTESIAN_POINT('',(4.277357002469,-0.922660345216,1.064979142851
    ));
#414 = CARTESIAN_POINT('',(4.253870408952,-0.979361997818,1.064979142851
    ));
#415 = CARTESIAN_POINT('',(4.230413464688,-1.035992070792,1.064979142851
    ));
#416 = CARTESIAN_POINT('',(4.206986169676,-1.092550564139,1.064979142851
    ));
#417 = CARTESIAN_POINT('',(4.183588523917,-1.149037477858,1.064979142851
    ));
#418 = CARTESIAN_POINT('',(3.611770905991,-2.52952732626,1.064979142851)
  );
#419 = CARTESIAN_POINT('',(2.397473580719,-3.601570783487,1.064979180278
    ));
#420 = CARTESIAN_POINT('',(0.644651861499,-4.026279926308,1.064978648913
    ));
#421 = CARTESIAN_POINT('',(-1.234906135463,-3.473813323938,
    1.064980780301));
#422 = CARTESIAN_POINT('',(-2.634312668055,-2.095046805731,
    1.064976073802));
#423 = CARTESIAN_POINT('',(-3.335721730314,-5.195843755246E-12,
    1.064982880597));
#424 = CARTESIAN_POINT('',(-2.634312668056,2.095046805741,1.064976073802
    ));
#425 = CARTESIAN_POINT('',(-1.234906135463,3.473813323931,1.064980780301
    ));
#426 = CARTESIAN_POINT('',(0.644651861498,4.026279926312,1.064978648913)
  );
#427 = CARTESIAN_POINT('',(2.397473580719,3.601570783485,1.064979180278)
  );
#428 = CARTESIAN_POINT('',(3.611770905991,2.529527326261,1.064979142851)
  );
#429 = CARTESIAN_POINT('',(4.183588523917,1.149037477858,1.064979142851)
  );
#430 = CARTESIAN_POINT('',(4.206986169676,1.092550564139,1.064979142851)
  );
#431 = CARTESIAN_POINT('',(4.230413464688,1.035992070792,1.064979142851)
  );
#432 = CARTESIAN_POINT('',(4.253870408952,0.979361997818,1.064979142851)
  );
#433 = CARTESIAN_POINT('',(4.277357002469,0.922660345216,1.064979142851)
  );
#434 = CARTESIAN_POINT('',(4.300873245238,0.865887112986,1.064979142851)
  );
#435 = CARTESIAN_POINT('',(4.32441913726,0.809042301128,1.064979142851)
  );
#436 = CARTESIAN_POINT('',(4.347994678535,0.752125909643,1.064979142851)
  );
#437 = CARTESIAN_POINT('',(4.371599869062,0.695137938531,1.064979142851)
  );
#438 = CARTESIAN_POINT('',(4.395234708841,0.63807838779,1.064979142851)
  );
#439 = CARTESIAN_POINT('',(4.418899197873,0.580947257422,1.064979142851)
  );
#440 = CARTESIAN_POINT('',(4.442593336158,0.523744547427,1.064979142851)
  );
#441 = ORIENTED_EDGE('',*,*,#442,.F.);
#442 = EDGE_CURVE('',#342,#403,#443,.T.);
#443 = LINE('',#444,#445);
#444 = CARTESIAN_POINT('',(4.160220527411,1.20545281195,0.2));
#445 = VECTOR('',#446,1.);
#446 = DIRECTION('',(0.,0.,1.));
#447 = ORIENTED_EDGE('',*,*,#350,.F.);
#448 = ORIENTED_EDGE('',*,*,#449,.T.);
#449 = EDGE_CURVE('',#351,#401,#450,.T.);
#450 = LINE('',#451,#452);
#451 = CARTESIAN_POINT('',(4.160220527411,-1.20545281195,0.2));
#452 = VECTOR('',#453,1.);
#453 = DIRECTION('',(0.,0.,1.));
#454 = CYLINDRICAL_SURFACE('',#455,3.15);
#455 = AXIS2_PLACEMENT_3D('',#456,#457,#458);
#456 = CARTESIAN_POINT('',(1.25,0.,0.2));
#457 = DIRECTION('',(0.,0.,1.));
#458 = DIRECTION('',(0.923879532511,-0.382683432365,0.));
#459 = ADVANCED_FACE('',(#460),#482,.T.);
#460 = FACE_BOUND('',#461,.T.);
#461 = EDGE_LOOP('',(#462,#479,#480,#481));
#462 = ORIENTED_EDGE('',*,*,#463,.T.);
#463 = EDGE_CURVE('',#403,#401,#464,.T.);
#464 = B_SPLINE_CURVE_WITH_KNOTS('',5,(#465,#466,#467,#468,#469,#470,
    #471,#472,#473,#474,#475,#476,#477,#478),.UNSPECIFIED.,.F.,.F.,(6,4,
    4,6),(-0.150460971643,-1.699349482237E-07,2.474004384637,
    2.624464954166),.UNSPECIFIED.);
#465 = CARTESIAN_POINT('',(4.102641670439,1.344460469082,1.064979142851)
  );
#466 = CARTESIAN_POINT('',(4.114157445154,1.316658929638,1.064979142851)
  );
#467 = CARTESIAN_POINT('',(4.125673218125,1.288857394406,1.064979142851)
  );
#468 = CARTESIAN_POINT('',(4.137188989351,1.261055863385,1.064979142851)
  );
#469 = CARTESIAN_POINT('',(4.148704758833,1.233254336576,1.064979142851)
  );
#470 = CARTESIAN_POINT('',(4.349572580446,0.748316518349,1.064979142851)
  );
#471 = CARTESIAN_POINT('',(4.44918882011,0.254004984338,1.064979142851)
  );
#472 = CARTESIAN_POINT('',(4.449189507099,-0.254003344051,1.064979142851
    ));
#473 = CARTESIAN_POINT('',(4.349572930008,-0.748315674432,1.064979142851
    ));
#474 = CARTESIAN_POINT('',(4.148704755344,-1.233254344999,1.064979142851
    ));
#475 = CARTESIAN_POINT('',(4.137188984118,-1.26105587602,1.064979142851)
  );
#476 = CARTESIAN_POINT('',(4.125673212892,-1.288857407041,1.064979142851
    ));
#477 = CARTESIAN_POINT('',(4.114157441665,-1.316658938061,1.064979142851
    ));
#478 = CARTESIAN_POINT('',(4.102641670439,-1.344460469082,1.064979142851
    ));
#479 = ORIENTED_EDGE('',*,*,#449,.F.);
#480 = ORIENTED_EDGE('',*,*,#380,.F.);
#481 = ORIENTED_EDGE('',*,*,#442,.T.);
#482 = CYLINDRICAL_SURFACE('',#483,3.15);
#483 = AXIS2_PLACEMENT_3D('',#484,#485,#486);
#484 = CARTESIAN_POINT('',(1.25,0.,0.2));
#485 = DIRECTION('',(0.,0.,1.));
#486 = DIRECTION('',(0.923879532511,0.382683432365,-0.));
#487 = ADVANCED_FACE('',(#488),#559,.T.);
#488 = FACE_BOUND('',#489,.T.);
#489 = EDGE_LOOP('',(#490,#505,#545,#558));
#490 = ORIENTED_EDGE('',*,*,#491,.T.);
#491 = EDGE_CURVE('',#401,#492,#494,.T.);
#492 = VERTEX_POINT('',#493);
#493 = CARTESIAN_POINT('',(4.085968234571,-1.174696505219,1.269338405373
    ));
#494 = B_SPLINE_CURVE_WITH_KNOTS('',5,(#495,#496,#497,#498,#499,#500,
    #501,#502,#503,#504),.UNSPECIFIED.,.F.,.F.,(6,4,6),(0.,0.5,1.),
  .UNSPECIFIED.);
#495 = CARTESIAN_POINT('',(4.160220527411,-1.20545281195,1.064979142851)
  );
#496 = CARTESIAN_POINT('',(4.160220527325,-1.205452811915,1.086945211059
    ));
#497 = CARTESIAN_POINT('',(4.158363641376,-1.204683664571,1.109287401744
    ));
#498 = CARTESIAN_POINT('',(4.154519320142,-1.203091294577,1.131653463673
    ));
#499 = CARTESIAN_POINT('',(4.148681246824,-1.200673085431,1.153609621265
    ));
#500 = CARTESIAN_POINT('',(4.133299432345,-1.19430172926,1.195943886549)
  );
#501 = CARTESIAN_POINT('',(4.123755497541,-1.190348502026,1.216322527195
    ));
#502 = CARTESIAN_POINT('',(4.112493966491,-1.185683823132,1.235531219587
    ));
#503 = CARTESIAN_POINT('',(4.099792457984,-1.180422686045,1.253257054289
    ));
#504 = CARTESIAN_POINT('',(4.085968234571,-1.174696505219,1.269338405373
    ));
#505 = ORIENTED_EDGE('',*,*,#506,.T.);
#506 = EDGE_CURVE('',#492,#507,#509,.T.);
#507 = VERTEX_POINT('',#508);
#508 = CARTESIAN_POINT('',(4.085968234571,1.174696505219,1.269338405373)
  );
#509 = B_SPLINE_CURVE_WITH_KNOTS('',12,(#510,#511,#512,#513,#514,#515,
    #516,#517,#518,#519,#520,#521,#522,#523,#524,#525,#526,#527,#528,
    #529,#530,#531,#532,#533,#534,#535,#536,#537,#538,#539,#540,#541,
    #542,#543,#544),.UNSPECIFIED.,.F.,.F.,(13,11,11,13),(-0.737875708395
    ,-5.005450452798E-16,17.318029502913,18.055905211308),
  .UNSPECIFIED.);
#510 = CARTESIAN_POINT('',(4.368341043318,-0.492988240695,1.269338405373
    ));
#511 = CARTESIAN_POINT('',(4.344050686533,-0.551630349481,1.269338405373
    ));
#512 = CARTESIAN_POINT('',(4.319898382364,-0.609939169769,1.269338405373
    ));
#513 = CARTESIAN_POINT('',(4.295884130811,-0.667914701558,1.269338405373
    ));
#514 = CARTESIAN_POINT('',(4.272007931874,-0.725556944848,1.269338405373
    ));
#515 = CARTESIAN_POINT('',(4.248269785554,-0.78286589964,1.269338405373)
  );
#516 = CARTESIAN_POINT('',(4.224669691851,-0.839841565933,1.269338405373
    ));
#517 = CARTESIAN_POINT('',(4.201207650763,-0.896483943727,1.269338405373
    ));
#518 = CARTESIAN_POINT('',(4.177883662292,-0.952793033023,1.269338405373
    ));
#519 = CARTESIAN_POINT('',(4.154697726437,-1.00876883382,1.269338405373)
  );
#520 = CARTESIAN_POINT('',(4.131649843199,-1.064411346118,1.269338405373
    ));
#521 = CARTESIAN_POINT('',(4.108740012577,-1.119720569918,1.269338405373
    ));
#522 = CARTESIAN_POINT('',(3.55151193136,-2.464988160927,1.269338405373)
  );
#523 = CARTESIAN_POINT('',(2.368142926712,-3.509870065854,1.269338398404
    ));
#524 = CARTESIAN_POINT('',(0.659702150751,-3.923262885354,1.269338497341
    ));
#525 = CARTESIAN_POINT('',(-1.17054232476,-3.385171524248,1.269338100488
    ));
#526 = CARTESIAN_POINT('',(-2.536114514568,-2.041943209283,
    1.269338976815));
#527 = CARTESIAN_POINT('',(-3.218001563387,1.211253319866E-12,
    1.269337709422));
#528 = CARTESIAN_POINT('',(-2.536114514568,2.041943209281,1.269338976816
    ));
#529 = CARTESIAN_POINT('',(-1.170542324761,3.385171524249,1.269338100487
    ));
#530 = CARTESIAN_POINT('',(0.659702150752,3.923262885354,1.269338497342)
  );
#531 = CARTESIAN_POINT('',(2.368142926712,3.509870065854,1.269338398404)
  );
#532 = CARTESIAN_POINT('',(3.55151193136,2.464988160927,1.269338405373)
  );
#533 = CARTESIAN_POINT('',(4.108740012577,1.119720569918,1.269338405373)
  );
#534 = CARTESIAN_POINT('',(4.131649843199,1.064411346118,1.269338405373)
  );
#535 = CARTESIAN_POINT('',(4.154697726437,1.00876883382,1.269338405373)
  );
#536 = CARTESIAN_POINT('',(4.177883662292,0.952793033023,1.269338405373)
  );
#537 = CARTESIAN_POINT('',(4.201207650763,0.896483943727,1.269338405373)
  );
#538 = CARTESIAN_POINT('',(4.224669691851,0.839841565933,1.269338405373)
  );
#539 = CARTESIAN_POINT('',(4.248269785554,0.78286589964,1.269338405373)
  );
#540 = CARTESIAN_POINT('',(4.272007931874,0.725556944848,1.269338405373)
  );
#541 = CARTESIAN_POINT('',(4.295884130811,0.667914701558,1.269338405373)
  );
#542 = CARTESIAN_POINT('',(4.319898382364,0.609939169769,1.269338405373)
  );
#543 = CARTESIAN_POINT('',(4.344050686533,0.551630349481,1.269338405373)
  );
#544 = CARTESIAN_POINT('',(4.368341043318,0.492988240695,1.269338405373)
  );
#545 = ORIENTED_EDGE('',*,*,#546,.F.);
#546 = EDGE_CURVE('',#403,#507,#547,.T.);
#547 = B_SPLINE_CURVE_WITH_KNOTS('',5,(#548,#549,#550,#551,#552,#553,
    #554,#555,#556,#557),.UNSPECIFIED.,.F.,.F.,(6,4,6),(0.,0.5,1.),
  .UNSPECIFIED.);
#548 = CARTESIAN_POINT('',(4.160220527411,1.20545281195,1.064979142851)
  );
#549 = CARTESIAN_POINT('',(4.160220527325,1.205452811915,1.086945211059)
  );
#550 = CARTESIAN_POINT('',(4.158363641376,1.204683664571,1.109287401744)
  );
#551 = CARTESIAN_POINT('',(4.154519320142,1.203091294577,1.131653463673)
  );
#552 = CARTESIAN_POINT('',(4.148681246824,1.200673085431,1.153609621265)
  );
#553 = CARTESIAN_POINT('',(4.133299432345,1.19430172926,1.195943886549)
  );
#554 = CARTESIAN_POINT('',(4.123755497541,1.190348502026,1.216322527195)
  );
#555 = CARTESIAN_POINT('',(4.112493966491,1.185683823132,1.235531219587)
  );
#556 = CARTESIAN_POINT('',(4.099792457984,1.180422686045,1.253257054289)
  );
#557 = CARTESIAN_POINT('',(4.085968234571,1.174696505219,1.269338405373)
  );
#558 = ORIENTED_EDGE('',*,*,#400,.F.);
#559 = ( BOUNDED_SURFACE() B_SPLINE_SURFACE(2,12,(
    (#560,#561,#562,#563,#564,#565,#566,#567,#568,#569,#570,#571,#572
      ,#573,#574,#575,#576,#577,#578,#579,#580,#581,#582,#583,#584,#585
      ,#586,#587,#588,#589,#590,#591,#592,#593,#594)
    ,(#595,#596,#597,#598,#599,#600,#601,#602,#603,#604,#605,#606,#607
      ,#608,#609,#610,#611,#612,#613,#614,#615,#616,#617,#618,#619,#620
      ,#621,#622,#623,#624,#625,#626,#627,#628,#629)
    ,(#630,#631,#632,#633,#634,#635,#636,#637,#638,#639,#640,#641,#642
      ,#643,#644,#645,#646,#647,#648,#649,#650,#651,#652,#653,#654,#655
      ,#656,#657,#658,#659,#660,#661,#662,#663,#664
)),.UNSPECIFIED.,.F.,.F.,.F.) B_SPLINE_SURFACE_WITH_KNOTS((3,3),(13,11,
    11,13),(0.,17.318029502913),(-0.737875708395,-5.005450452798E-16,
    17.318029502913,18.055905211308),.UNSPECIFIED.) 
GEOMETRIC_REPRESENTATION_ITEM() RATIONAL_B_SPLINE_SURFACE((
    (1.,1.,1.,1.,1.,1.,1.,1.,1.,1.,1.,1.,1.,1.,1.,1.,1.,1.,1.,1.,1.,1.
      ,1.,1.,1.,1.,1.,1.,1.,1.,1.,1.,1.,1.,1.)
    ,(0.93061798229,0.93061798229,0.93061798229,0.93061798229
      ,0.93061798229,0.93061798229,0.93061798229,0.93061798229
      ,0.93061798229,0.93061798229,0.93061798229,0.93061798229
      ,0.93061798229,0.93061801928,0.930617494111,0.930619600648
      ,0.930614949024,0.930621676455,0.930614949024,0.930619600647
      ,0.930617494111,0.93061801928,0.93061798229,0.93061798229
      ,0.93061798229,0.93061798229,0.93061798229,0.93061798229
      ,0.93061798229,0.93061798229,0.93061798229,0.93061798229
      ,0.93061798229,0.93061798229,0.93061798229)
    ,(1.,1.,1.,1.,1.,1.,1.,1.,1.,1.,1.,1.,1.,1.,1.,1.,1.,1.,1.,1.,1.,1.
,1.,1.,1.,1.,1.,1.,1.,1.,1.,1.,1.,1.,1.
))) REPRESENTATION_ITEM('') SURFACE() );
#560 = CARTESIAN_POINT('',(4.442593336158,-0.523744547427,1.064979142851
    ));
#561 = CARTESIAN_POINT('',(4.418899197873,-0.580947257422,1.064979142851
    ));
#562 = CARTESIAN_POINT('',(4.395234708841,-0.63807838779,1.064979142851)
  );
#563 = CARTESIAN_POINT('',(4.371599869062,-0.695137938531,1.064979142851
    ));
#564 = CARTESIAN_POINT('',(4.347994678535,-0.752125909643,1.064979142851
    ));
#565 = CARTESIAN_POINT('',(4.32441913726,-0.809042301129,1.064979142851)
  );
#566 = CARTESIAN_POINT('',(4.300873245238,-0.865887112986,1.064979142851
    ));
#567 = CARTESIAN_POINT('',(4.277357002469,-0.922660345216,1.064979142851
    ));
#568 = CARTESIAN_POINT('',(4.253870408952,-0.979361997818,1.064979142851
    ));
#569 = CARTESIAN_POINT('',(4.230413464688,-1.035992070792,1.064979142851
    ));
#570 = CARTESIAN_POINT('',(4.206986169676,-1.092550564139,1.064979142851
    ));
#571 = CARTESIAN_POINT('',(4.183588523917,-1.149037477858,1.064979142851
    ));
#572 = CARTESIAN_POINT('',(3.611770905991,-2.52952732626,1.064979142851)
  );
#573 = CARTESIAN_POINT('',(2.397473580719,-3.601570783487,1.064979180278
    ));
#574 = CARTESIAN_POINT('',(0.644651861499,-4.026279926308,1.064978648913
    ));
#575 = CARTESIAN_POINT('',(-1.234906135463,-3.473813323938,
    1.064980780301));
#576 = CARTESIAN_POINT('',(-2.634312668055,-2.095046805731,
    1.064976073802));
#577 = CARTESIAN_POINT('',(-3.335721730314,-5.195843755246E-12,
    1.064982880597));
#578 = CARTESIAN_POINT('',(-2.634312668056,2.095046805741,1.064976073802
    ));
#579 = CARTESIAN_POINT('',(-1.234906135463,3.473813323931,1.064980780301
    ));
#580 = CARTESIAN_POINT('',(0.644651861498,4.026279926312,1.064978648913)
  );
#581 = CARTESIAN_POINT('',(2.397473580719,3.601570783485,1.064979180278)
  );
#582 = CARTESIAN_POINT('',(3.611770905991,2.529527326261,1.064979142851)
  );
#583 = CARTESIAN_POINT('',(4.183588523917,1.149037477858,1.064979142851)
  );
#584 = CARTESIAN_POINT('',(4.206986169676,1.092550564139,1.064979142851)
  );
#585 = CARTESIAN_POINT('',(4.230413464688,1.035992070792,1.064979142851)
  );
#586 = CARTESIAN_POINT('',(4.253870408952,0.979361997818,1.064979142851)
  );
#587 = CARTESIAN_POINT('',(4.277357002469,0.922660345216,1.064979142851)
  );
#588 = CARTESIAN_POINT('',(4.300873245238,0.865887112986,1.064979142851)
  );
#589 = CARTESIAN_POINT('',(4.32441913726,0.809042301128,1.064979142851)
  );
#590 = CARTESIAN_POINT('',(4.347994678535,0.752125909643,1.064979142851)
  );
#591 = CARTESIAN_POINT('',(4.371599869062,0.695137938531,1.064979142851)
  );
#592 = CARTESIAN_POINT('',(4.395234708841,0.63807838779,1.064979142851)
  );
#593 = CARTESIAN_POINT('',(4.418899197873,0.580947257422,1.064979142851)
  );
#594 = CARTESIAN_POINT('',(4.442593336158,0.523744547427,1.064979142851)
  );
#595 = CARTESIAN_POINT('',(4.442593336158,-0.523744547427,1.182962690499
    ));
#596 = CARTESIAN_POINT('',(4.418899197873,-0.580947257422,1.182962690499
    ));
#597 = CARTESIAN_POINT('',(4.395234708841,-0.63807838779,1.182962690499)
  );
#598 = CARTESIAN_POINT('',(4.371599869061,-0.695137938531,1.182962690499
    ));
#599 = CARTESIAN_POINT('',(4.347994678534,-0.752125909643,1.182962690499
    ));
#600 = CARTESIAN_POINT('',(4.32441913726,-0.809042301129,1.182962690499)
  );
#601 = CARTESIAN_POINT('',(4.300873245238,-0.865887112986,1.182962690499
    ));
#602 = CARTESIAN_POINT('',(4.277357002469,-0.922660345216,1.182962690499
    ));
#603 = CARTESIAN_POINT('',(4.253870408952,-0.979361997818,1.182962690499
    ));
#604 = CARTESIAN_POINT('',(4.230413464688,-1.035992070792,1.182962690499
    ));
#605 = CARTESIAN_POINT('',(4.206986169676,-1.092550564139,1.182962690499
    ));
#606 = CARTESIAN_POINT('',(4.183588523917,-1.149037477858,1.182962690499
    ));
#607 = CARTESIAN_POINT('',(3.611770905991,-2.529527326261,1.182962690499
    ));
#608 = CARTESIAN_POINT('',(2.397473409613,-3.601570594418,1.182962692916
    ));
#609 = CARTESIAN_POINT('',(0.644651798713,-4.026281720893,1.182962658608
    ));
#610 = CARTESIAN_POINT('',(-1.23490220089,-3.473808210321,1.182962796222
    ));
#611 = CARTESIAN_POINT('',(-2.634324724748,-2.095052673194,
    1.182962492343));
#612 = CARTESIAN_POINT('',(-3.335704239193,3.357980560281E-12,
    1.182962931828));
#613 = CARTESIAN_POINT('',(-2.634324724748,2.095052673188,1.182962492343
    ));
#614 = CARTESIAN_POINT('',(-1.23490220089,3.473808210325,1.182962796222)
  );
#615 = CARTESIAN_POINT('',(0.644651798713,4.026281720891,1.182962658608)
  );
#616 = CARTESIAN_POINT('',(2.397473409613,3.601570594419,1.182962692916)
  );
#617 = CARTESIAN_POINT('',(3.611770905991,2.529527326261,1.182962690499)
  );
#618 = CARTESIAN_POINT('',(4.183588523917,1.149037477858,1.182962690499)
  );
#619 = CARTESIAN_POINT('',(4.206986169676,1.092550564139,1.182962690499)
  );
#620 = CARTESIAN_POINT('',(4.230413464688,1.035992070792,1.182962690499)
  );
#621 = CARTESIAN_POINT('',(4.253870408952,0.979361997818,1.182962690499)
  );
#622 = CARTESIAN_POINT('',(4.277357002469,0.922660345216,1.182962690499)
  );
#623 = CARTESIAN_POINT('',(4.300873245238,0.865887112986,1.182962690499)
  );
#624 = CARTESIAN_POINT('',(4.32441913726,0.809042301129,1.182962690499)
  );
#625 = CARTESIAN_POINT('',(4.347994678534,0.752125909643,1.182962690499)
  );
#626 = CARTESIAN_POINT('',(4.371599869061,0.695137938531,1.182962690499)
  );
#627 = CARTESIAN_POINT('',(4.395234708841,0.63807838779,1.182962690499)
  );
#628 = CARTESIAN_POINT('',(4.418899197873,0.580947257422,1.182962690499)
  );
#629 = CARTESIAN_POINT('',(4.442593336158,0.523744547427,1.182962690499)
  );
#630 = CARTESIAN_POINT('',(4.368341043318,-0.492988240695,1.269338405373
    ));
#631 = CARTESIAN_POINT('',(4.344050686533,-0.551630349481,1.269338405373
    ));
#632 = CARTESIAN_POINT('',(4.319898382364,-0.609939169769,1.269338405373
    ));
#633 = CARTESIAN_POINT('',(4.295884130811,-0.667914701558,1.269338405373
    ));
#634 = CARTESIAN_POINT('',(4.272007931874,-0.725556944848,1.269338405373
    ));
#635 = CARTESIAN_POINT('',(4.248269785554,-0.78286589964,1.269338405373)
  );
#636 = CARTESIAN_POINT('',(4.224669691851,-0.839841565933,1.269338405373
    ));
#637 = CARTESIAN_POINT('',(4.201207650763,-0.896483943727,1.269338405373
    ));
#638 = CARTESIAN_POINT('',(4.177883662292,-0.952793033023,1.269338405373
    ));
#639 = CARTESIAN_POINT('',(4.154697726437,-1.00876883382,1.269338405373)
  );
#640 = CARTESIAN_POINT('',(4.131649843199,-1.064411346118,1.269338405373
    ));
#641 = CARTESIAN_POINT('',(4.108740012577,-1.119720569918,1.269338405373
    ));
#642 = CARTESIAN_POINT('',(3.55151193136,-2.464988160927,1.269338405373)
  );
#643 = CARTESIAN_POINT('',(2.368142926712,-3.509870065854,1.269338398404
    ));
#644 = CARTESIAN_POINT('',(0.659702150751,-3.923262885354,1.269338497341
    ));
#645 = CARTESIAN_POINT('',(-1.17054232476,-3.385171524248,1.269338100488
    ));
#646 = CARTESIAN_POINT('',(-2.536114514568,-2.041943209283,
    1.269338976815));
#647 = CARTESIAN_POINT('',(-3.218001563387,1.211253319866E-12,
    1.269337709422));
#648 = CARTESIAN_POINT('',(-2.536114514568,2.041943209281,1.269338976816
    ));
#649 = CARTESIAN_POINT('',(-1.170542324761,3.385171524249,1.269338100487
    ));
#650 = CARTESIAN_POINT('',(0.659702150752,3.923262885354,1.269338497342)
  );
#651 = CARTESIAN_POINT('',(2.368142926712,3.509870065854,1.269338398404)
  );
#652 = CARTESIAN_POINT('',(3.55151193136,2.464988160927,1.269338405373)
  );
#653 = CARTESIAN_POINT('',(4.108740012577,1.119720569918,1.269338405373)
  );
#654 = CARTESIAN_POINT('',(4.131649843199,1.064411346118,1.269338405373)
  );
#655 = CARTESIAN_POINT('',(4.154697726437,1.00876883382,1.269338405373)
  );
#656 = CARTESIAN_POINT('',(4.177883662292,0.952793033023,1.269338405373)
  );
#657 = CARTESIAN_POINT('',(4.201207650763,0.896483943727,1.269338405373)
  );
#658 = CARTESIAN_POINT('',(4.224669691851,0.839841565933,1.269338405373)
  );
#659 = CARTESIAN_POINT('',(4.248269785554,0.78286589964,1.269338405373)
  );
#660 = CARTESIAN_POINT('',(4.272007931874,0.725556944848,1.269338405373)
  );
#661 = CARTESIAN_POINT('',(4.295884130811,0.667914701558,1.269338405373)
  );
#662 = CARTESIAN_POINT('',(4.319898382364,0.609939169769,1.269338405373)
  );
#663 = CARTESIAN_POINT('',(4.344050686533,0.551630349481,1.269338405373)
  );
#664 = CARTESIAN_POINT('',(4.368341043318,0.492988240695,1.269338405373)
  );
#665 = ADVANCED_FACE('',(#666),#688,.T.);
#666 = FACE_BOUND('',#667,.T.);
#667 = EDGE_LOOP('',(#668,#669,#686,#687));
#668 = ORIENTED_EDGE('',*,*,#546,.T.);
#669 = ORIENTED_EDGE('',*,*,#670,.T.);
#670 = EDGE_CURVE('',#507,#492,#671,.T.);
#671 = B_SPLINE_CURVE_WITH_KNOTS('',5,(#672,#673,#674,#675,#676,#677,
    #678,#679,#680,#681,#682,#683,#684,#685),.UNSPECIFIED.,.F.,.F.,(6,4,
    4,6),(-0.150460971643,-1.699349482237E-07,2.474004384637,
    2.624464954166),.UNSPECIFIED.);
#672 = CARTESIAN_POINT('',(4.028389379453,1.313704158425,1.269338405373)
  );
#673 = CARTESIAN_POINT('',(4.040198971339,1.285193281472,1.269338405373)
  );
#674 = CARTESIAN_POINT('',(4.051861652875,1.257037077477,1.269338405373)
  );
#675 = CARTESIAN_POINT('',(4.063377424063,1.22923554644,1.269338405373)
  );
#676 = CARTESIAN_POINT('',(4.074746284901,1.201788688362,1.269338405373)
  );
#677 = CARTESIAN_POINT('',(4.270489096011,0.72922373811,1.269338405373)
  );
#678 = CARTESIAN_POINT('',(4.367563702078,0.247524287167,1.269338405373)
  );
#679 = CARTESIAN_POINT('',(4.36756434983,-0.247522755157,1.269338405373)
  );
#680 = CARTESIAN_POINT('',(4.270489454492,-0.729222872661,1.269338405373
    ));
#681 = CARTESIAN_POINT('',(4.074746280416,-1.201788699189,1.269338405373
    ));
#682 = CARTESIAN_POINT('',(4.063377417335,-1.229235562681,1.269338405373
    ));
#683 = CARTESIAN_POINT('',(4.051861646148,-1.257037093718,1.269338405373
    ));
#684 = CARTESIAN_POINT('',(4.040198966854,-1.285193292299,1.269338405373
    ));
#685 = CARTESIAN_POINT('',(4.028389379453,-1.313704158425,1.269338405373
    ));
#686 = ORIENTED_EDGE('',*,*,#491,.F.);
#687 = ORIENTED_EDGE('',*,*,#463,.F.);
#688 = ( BOUNDED_SURFACE() B_SPLINE_SURFACE(2,5,(
    (#689,#690,#691,#692,#693,#694,#695,#696,#697,#698,#699,#700,#701
      ,#702)
    ,(#703,#704,#705,#706,#707,#708,#709,#710,#711,#712,#713,#714,#715
      ,#716)
    ,(#717,#718,#719,#720,#721,#722,#723,#724,#725,#726,#727,#728,#729
,#730
    )),.UNSPECIFIED.,.F.,.F.,.F.) B_SPLINE_SURFACE_WITH_KNOTS((3,3),(6,4
    ,4,6),(0.,2.474004554572),(-0.150460971643,-1.699349482237E-07,
    2.474004384637,2.624464954166),.UNSPECIFIED.) 
GEOMETRIC_REPRESENTATION_ITEM() RATIONAL_B_SPLINE_SURFACE((
    (1.,1.,1.,1.,1.,1.,1.,1.,1.,1.,1.,1.,1.,1.)
    ,(0.93061798229,0.93061798229,0.93061798229,0.93061798229
      ,0.93061798229,0.93061798229,0.93061798229,0.93061798229
      ,0.93061798229,0.93061798229,0.93061798229,0.93061798229
      ,0.93061798229,0.93061798229)
,(1.,1.,1.,1.,1.,1.,1.,1.,1.,1.,1.,1.,1.,1.
))) REPRESENTATION_ITEM('') SURFACE() );
#689 = CARTESIAN_POINT('',(4.102641670439,1.344460469082,1.064979142851)
  );
#690 = CARTESIAN_POINT('',(4.114157445154,1.316658929638,1.064979142851)
  );
#691 = CARTESIAN_POINT('',(4.125673218125,1.288857394406,1.064979142851)
  );
#692 = CARTESIAN_POINT('',(4.137188989351,1.261055863385,1.064979142851)
  );
#693 = CARTESIAN_POINT('',(4.148704758833,1.233254336576,1.064979142851)
  );
#694 = CARTESIAN_POINT('',(4.349572580446,0.748316518349,1.064979142851)
  );
#695 = CARTESIAN_POINT('',(4.44918882011,0.254004984338,1.064979142851)
  );
#696 = CARTESIAN_POINT('',(4.449189507099,-0.254003344051,1.064979142851
    ));
#697 = CARTESIAN_POINT('',(4.349572930008,-0.748315674432,1.064979142851
    ));
#698 = CARTESIAN_POINT('',(4.148704755344,-1.233254344999,1.064979142851
    ));
#699 = CARTESIAN_POINT('',(4.137188984118,-1.26105587602,1.064979142851)
  );
#700 = CARTESIAN_POINT('',(4.125673212892,-1.288857407041,1.064979142851
    ));
#701 = CARTESIAN_POINT('',(4.114157441665,-1.316658938061,1.064979142851
    ));
#702 = CARTESIAN_POINT('',(4.102641670439,-1.344460469082,1.064979142851
    ));
#703 = CARTESIAN_POINT('',(4.102641670439,1.344460469082,1.182962690499)
  );
#704 = CARTESIAN_POINT('',(4.114157445154,1.316658929638,1.182962690499)
  );
#705 = CARTESIAN_POINT('',(4.125673218125,1.288857394406,1.182962690499)
  );
#706 = CARTESIAN_POINT('',(4.137188989351,1.261055863385,1.182962690499)
  );
#707 = CARTESIAN_POINT('',(4.148704758833,1.233254336576,1.182962690499)
  );
#708 = CARTESIAN_POINT('',(4.349572580446,0.748316518349,1.182962690499)
  );
#709 = CARTESIAN_POINT('',(4.44918882011,0.254004984338,1.182962690499)
  );
#710 = CARTESIAN_POINT('',(4.449189507099,-0.254003344051,1.182962690499
    ));
#711 = CARTESIAN_POINT('',(4.349572930008,-0.748315674432,1.182962690499
    ));
#712 = CARTESIAN_POINT('',(4.148704755344,-1.233254344999,1.182962690499
    ));
#713 = CARTESIAN_POINT('',(4.137188984118,-1.26105587602,1.182962690499)
  );
#714 = CARTESIAN_POINT('',(4.125673212892,-1.288857407041,1.182962690499
    ));
#715 = CARTESIAN_POINT('',(4.114157441665,-1.316658938061,1.182962690499
    ));
#716 = CARTESIAN_POINT('',(4.102641670439,-1.344460469082,1.182962690499
    ));
#717 = CARTESIAN_POINT('',(4.028389379453,1.313704158425,1.269338405373)
  );
#718 = CARTESIAN_POINT('',(4.040198971339,1.285193281472,1.269338405373)
  );
#719 = CARTESIAN_POINT('',(4.051861652875,1.257037077477,1.269338405373)
  );
#720 = CARTESIAN_POINT('',(4.063377424063,1.22923554644,1.269338405373)
  );
#721 = CARTESIAN_POINT('',(4.074746284901,1.201788688362,1.269338405373)
  );
#722 = CARTESIAN_POINT('',(4.270489096011,0.72922373811,1.269338405373)
  );
#723 = CARTESIAN_POINT('',(4.367563702078,0.247524287167,1.269338405373)
  );
#724 = CARTESIAN_POINT('',(4.36756434983,-0.247522755157,1.269338405373)
  );
#725 = CARTESIAN_POINT('',(4.270489454492,-0.729222872661,1.269338405373
    ));
#726 = CARTESIAN_POINT('',(4.074746280416,-1.201788699189,1.269338405373
    ));
#727 = CARTESIAN_POINT('',(4.063377417335,-1.229235562681,1.269338405373
    ));
#728 = CARTESIAN_POINT('',(4.051861646148,-1.257037093718,1.269338405373
    ));
#729 = CARTESIAN_POINT('',(4.040198966854,-1.285193292299,1.269338405373
    ));
#730 = CARTESIAN_POINT('',(4.028389379453,-1.313704158425,1.269338405373
    ));
#731 = ADVANCED_FACE('',(#732),#791,.F.);
#732 = FACE_BOUND('',#733,.F.);
#733 = EDGE_LOOP('',(#734,#743,#744,#753));
#734 = ORIENTED_EDGE('',*,*,#735,.F.);
#735 = EDGE_CURVE('',#492,#736,#738,.T.);
#736 = VERTEX_POINT('',#737);
#737 = CARTESIAN_POINT('',(4.085968234571,-1.174696505219,1.930661594627
    ));
#738 = CIRCLE('',#739,0.485412195974);
#739 = AXIS2_PLACEMENT_3D('',#740,#741,#742);
#740 = CARTESIAN_POINT('',(4.414287398851,-1.31069075585,1.6));
#741 = DIRECTION('',(0.382683432365,0.923879532511,2.775557561563E-17));
#742 = DIRECTION('',(-0.523404384043,0.216801194476,-0.824041924199));
#743 = ORIENTED_EDGE('',*,*,#506,.T.);
#744 = ORIENTED_EDGE('',*,*,#745,.T.);
#745 = EDGE_CURVE('',#507,#746,#748,.T.);
#746 = VERTEX_POINT('',#747);
#747 = CARTESIAN_POINT('',(4.085968234571,1.174696505219,1.930661594627)
  );
#748 = CIRCLE('',#749,0.485412195974);
#749 = AXIS2_PLACEMENT_3D('',#750,#751,#752);
#750 = CARTESIAN_POINT('',(4.414287398851,1.31069075585,1.6));
#751 = DIRECTION('',(-0.382683432365,0.923879532511,-2.775557561563E-17)
  );
#752 = DIRECTION('',(-0.523404384043,-0.216801194476,-0.824041924199));
#753 = ORIENTED_EDGE('',*,*,#754,.F.);
#754 = EDGE_CURVE('',#736,#746,#755,.T.);
#755 = B_SPLINE_CURVE_WITH_KNOTS('',12,(#756,#757,#758,#759,#760,#761,
    #762,#763,#764,#765,#766,#767,#768,#769,#770,#771,#772,#773,#774,
    #775,#776,#777,#778,#779,#780,#781,#782,#783,#784,#785,#786,#787,
    #788,#789,#790),.UNSPECIFIED.,.F.,.F.,(13,11,11,13),(-0.737875708395
    ,-4.947925115305E-16,17.318029502913,18.055905211308),
  .UNSPECIFIED.);
#756 = CARTESIAN_POINT('',(4.368341043318,-0.492988240695,1.930661594627
    ));
#757 = CARTESIAN_POINT('',(4.344050686533,-0.551630349481,1.930661594627
    ));
#758 = CARTESIAN_POINT('',(4.319898382364,-0.609939169769,1.930661594627
    ));
#759 = CARTESIAN_POINT('',(4.295884130811,-0.667914701558,1.930661594627
    ));
#760 = CARTESIAN_POINT('',(4.272007931874,-0.725556944848,1.930661594627
    ));
#761 = CARTESIAN_POINT('',(4.248269785554,-0.78286589964,1.930661594627)
  );
#762 = CARTESIAN_POINT('',(4.224669691851,-0.839841565933,1.930661594627
    ));
#763 = CARTESIAN_POINT('',(4.201207650763,-0.896483943727,1.930661594627
    ));
#764 = CARTESIAN_POINT('',(4.177883662292,-0.952793033023,1.930661594627
    ));
#765 = CARTESIAN_POINT('',(4.154697726437,-1.00876883382,1.930661594627)
  );
#766 = CARTESIAN_POINT('',(4.131649843199,-1.064411346118,1.930661594627
    ));
#767 = CARTESIAN_POINT('',(4.108740012577,-1.119720569918,1.930661594627
    ));
#768 = CARTESIAN_POINT('',(3.55151193136,-2.464988160927,1.930661594627)
  );
#769 = CARTESIAN_POINT('',(2.368142926712,-3.509870065855,1.930661601596
    ));
#770 = CARTESIAN_POINT('',(0.659702150751,-3.923262885354,1.930661502657
    ));
#771 = CARTESIAN_POINT('',(-1.17054232476,-3.385171524248,1.930661899515
    ));
#772 = CARTESIAN_POINT('',(-2.536114514567,-2.041943209282,
    1.930661023182));
#773 = CARTESIAN_POINT('',(-3.218001563388,6.15951734062E-13,
    1.930662290581));
#774 = CARTESIAN_POINT('',(-2.536114514567,2.041943209281,1.930661023182
    ));
#775 = CARTESIAN_POINT('',(-1.170542324761,3.385171524249,1.930661899514
    ));
#776 = CARTESIAN_POINT('',(0.659702150752,3.923262885354,1.930661502658)
  );
#777 = CARTESIAN_POINT('',(2.368142926712,3.509870065854,1.930661601596)
  );
#778 = CARTESIAN_POINT('',(3.55151193136,2.464988160927,1.930661594627)
  );
#779 = CARTESIAN_POINT('',(4.108740012577,1.119720569918,1.930661594627)
  );
#780 = CARTESIAN_POINT('',(4.131649843199,1.064411346118,1.930661594627)
  );
#781 = CARTESIAN_POINT('',(4.154697726437,1.00876883382,1.930661594627)
  );
#782 = CARTESIAN_POINT('',(4.177883662292,0.952793033023,1.930661594627)
  );
#783 = CARTESIAN_POINT('',(4.201207650763,0.896483943727,1.930661594627)
  );
#784 = CARTESIAN_POINT('',(4.224669691851,0.839841565933,1.930661594627)
  );
#785 = CARTESIAN_POINT('',(4.248269785554,0.78286589964,1.930661594627)
  );
#786 = CARTESIAN_POINT('',(4.272007931874,0.725556944848,1.930661594627)
  );
#787 = CARTESIAN_POINT('',(4.295884130811,0.667914701558,1.930661594627)
  );
#788 = CARTESIAN_POINT('',(4.319898382364,0.609939169769,1.930661594627)
  );
#789 = CARTESIAN_POINT('',(4.344050686533,0.551630349481,1.930661594627)
  );
#790 = CARTESIAN_POINT('',(4.368341043318,0.492988240695,1.930661594627)
  );
#791 = SURFACE_OF_REVOLUTION('',#792,#797);
#792 = CIRCLE('',#793,0.485412195974);
#793 = AXIS2_PLACEMENT_3D('',#794,#795,#796);
#794 = CARTESIAN_POINT('',(4.414287398851,-1.31069075585,1.6));
#795 = DIRECTION('',(0.382683432365,0.923879532511,0.));
#796 = DIRECTION('',(-0.523404384043,0.216801194476,-0.824041924199));
#797 = AXIS1_PLACEMENT('',#798,#799);
#798 = CARTESIAN_POINT('',(1.25,0.,0.));
#799 = DIRECTION('',(0.,0.,-1.));
#800 = ADVANCED_FACE('',(#801),#823,.F.);
#801 = FACE_BOUND('',#802,.F.);
#802 = EDGE_LOOP('',(#803,#804,#805,#806));
#803 = ORIENTED_EDGE('',*,*,#745,.F.);
#804 = ORIENTED_EDGE('',*,*,#670,.T.);
#805 = ORIENTED_EDGE('',*,*,#735,.T.);
#806 = ORIENTED_EDGE('',*,*,#807,.F.);
#807 = EDGE_CURVE('',#746,#736,#808,.T.);
#808 = B_SPLINE_CURVE_WITH_KNOTS('',5,(#809,#810,#811,#812,#813,#814,
    #815,#816,#817,#818,#819,#820,#821,#822),.UNSPECIFIED.,.F.,.F.,(6,4,
    4,6),(-0.150460971643,-1.699349482392E-07,2.474004384637,
    2.624464954166),.UNSPECIFIED.);
#809 = CARTESIAN_POINT('',(4.028389379453,1.313704158425,1.930661594627)
  );
#810 = CARTESIAN_POINT('',(4.040198971339,1.285193281472,1.930661594627)
  );
#811 = CARTESIAN_POINT('',(4.051861652875,1.257037077477,1.930661594627)
  );
#812 = CARTESIAN_POINT('',(4.063377424063,1.22923554644,1.930661594627)
  );
#813 = CARTESIAN_POINT('',(4.074746284901,1.201788688362,1.930661594627)
  );
#814 = CARTESIAN_POINT('',(4.270489096011,0.72922373811,1.930661594627)
  );
#815 = CARTESIAN_POINT('',(4.367563702078,0.247524287167,1.930661594627)
  );
#816 = CARTESIAN_POINT('',(4.36756434983,-0.247522755157,1.930661594627)
  );
#817 = CARTESIAN_POINT('',(4.270489454492,-0.729222872661,1.930661594627
    ));
#818 = CARTESIAN_POINT('',(4.074746280416,-1.201788699189,1.930661594627
    ));
#819 = CARTESIAN_POINT('',(4.063377417335,-1.229235562681,1.930661594627
    ));
#820 = CARTESIAN_POINT('',(4.051861646148,-1.257037093718,1.930661594627
    ));
#821 = CARTESIAN_POINT('',(4.040198966854,-1.285193292299,1.930661594627
    ));
#822 = CARTESIAN_POINT('',(4.028389379453,-1.313704158425,1.930661594627
    ));
#823 = SURFACE_OF_REVOLUTION('',#824,#829);
#824 = CIRCLE('',#825,0.485412195974);
#825 = AXIS2_PLACEMENT_3D('',#826,#827,#828);
#826 = CARTESIAN_POINT('',(4.414287398851,1.31069075585,1.6));
#827 = DIRECTION('',(-0.382683432365,0.923879532511,0.));
#828 = DIRECTION('',(-0.523404384043,-0.216801194476,-0.824041924199));
#829 = AXIS1_PLACEMENT('',#830,#831);
#830 = CARTESIAN_POINT('',(1.25,0.,0.));
#831 = DIRECTION('',(0.,0.,-1.));
#832 = ADVANCED_FACE('',(#833),#904,.T.);
#833 = FACE_BOUND('',#834,.T.);
#834 = EDGE_LOOP('',(#835,#850,#890,#903));
#835 = ORIENTED_EDGE('',*,*,#836,.T.);
#836 = EDGE_CURVE('',#736,#837,#839,.T.);
#837 = VERTEX_POINT('',#838);
#838 = CARTESIAN_POINT('',(4.160220527411,-1.20545281195,2.135020857149)
  );
#839 = B_SPLINE_CURVE_WITH_KNOTS('',5,(#840,#841,#842,#843,#844,#845,
    #846,#847,#848,#849),.UNSPECIFIED.,.F.,.F.,(6,4,6),(0.,0.5,1.),
  .UNSPECIFIED.);
#840 = CARTESIAN_POINT('',(4.085968234571,-1.174696505219,1.930661594627
    ));
#841 = CARTESIAN_POINT('',(4.099792457984,-1.180422686045,1.946742945711
    ));
#842 = CARTESIAN_POINT('',(4.112493966491,-1.185683823132,1.964468780413
    ));
#843 = CARTESIAN_POINT('',(4.123755497541,-1.190348502026,1.983677472805
    ));
#844 = CARTESIAN_POINT('',(4.133299432345,-1.19430172926,2.004056113451)
  );
#845 = CARTESIAN_POINT('',(4.148681246824,-1.200673085431,2.046390378735
    ));
#846 = CARTESIAN_POINT('',(4.154519320142,-1.203091294577,2.068346536327
    ));
#847 = CARTESIAN_POINT('',(4.158363641376,-1.204683664571,2.090712598256
    ));
#848 = CARTESIAN_POINT('',(4.160220527325,-1.205452811915,2.113054788941
    ));
#849 = CARTESIAN_POINT('',(4.160220527411,-1.20545281195,2.135020857149)
  );
#850 = ORIENTED_EDGE('',*,*,#851,.T.);
#851 = EDGE_CURVE('',#837,#852,#854,.T.);
#852 = VERTEX_POINT('',#853);
#853 = CARTESIAN_POINT('',(4.160220527411,1.20545281195,2.135020857149)
  );
#854 = B_SPLINE_CURVE_WITH_KNOTS('',12,(#855,#856,#857,#858,#859,#860,
    #861,#862,#863,#864,#865,#866,#867,#868,#869,#870,#871,#872,#873,
    #874,#875,#876,#877,#878,#879,#880,#881,#882,#883,#884,#885,#886,
    #887,#888,#889),.UNSPECIFIED.,.F.,.F.,(13,11,11,13),(-0.737875708395
    ,-4.947925115305E-16,17.318029502913,18.055905211308),
  .UNSPECIFIED.);
#855 = CARTESIAN_POINT('',(4.442593336158,-0.523744547427,2.135020857149
    ));
#856 = CARTESIAN_POINT('',(4.418899197873,-0.580947257422,2.135020857149
    ));
#857 = CARTESIAN_POINT('',(4.395234708841,-0.63807838779,2.135020857149)
  );
#858 = CARTESIAN_POINT('',(4.371599869062,-0.695137938531,2.135020857149
    ));
#859 = CARTESIAN_POINT('',(4.347994678535,-0.752125909643,2.135020857149
    ));
#860 = CARTESIAN_POINT('',(4.32441913726,-0.809042301129,2.135020857149)
  );
#861 = CARTESIAN_POINT('',(4.300873245238,-0.865887112986,2.135020857149
    ));
#862 = CARTESIAN_POINT('',(4.277357002469,-0.922660345216,2.135020857149
    ));
#863 = CARTESIAN_POINT('',(4.253870408952,-0.979361997818,2.135020857149
    ));
#864 = CARTESIAN_POINT('',(4.230413464688,-1.035992070792,2.135020857149
    ));
#865 = CARTESIAN_POINT('',(4.206986169676,-1.092550564139,2.135020857149
    ));
#866 = CARTESIAN_POINT('',(4.183588523917,-1.149037477858,2.135020857149
    ));
#867 = CARTESIAN_POINT('',(3.61177090599,-2.52952732626,2.135020857149)
  );
#868 = CARTESIAN_POINT('',(2.397473580719,-3.601570783487,2.135020819723
    ));
#869 = CARTESIAN_POINT('',(0.644651861498,-4.026279926309,2.135021351086
    ));
#870 = CARTESIAN_POINT('',(-1.234906135462,-3.473813323936,
    2.135019219701));
#871 = CARTESIAN_POINT('',(-2.634312668057,-2.095046805733,
    2.135023926195));
#872 = CARTESIAN_POINT('',(-3.335721730313,-3.16902060149E-12,
    2.135017119406));
#873 = CARTESIAN_POINT('',(-2.634312668057,2.095046805739,2.135023926196
    ));
#874 = CARTESIAN_POINT('',(-1.234906135462,3.473813323932,2.1350192197)
  );
#875 = CARTESIAN_POINT('',(0.644651861498,4.026279926311,2.135021351086)
  );
#876 = CARTESIAN_POINT('',(2.397473580719,3.601570783485,2.135020819722)
  );
#877 = CARTESIAN_POINT('',(3.61177090599,2.529527326261,2.135020857149)
  );
#878 = CARTESIAN_POINT('',(4.183588523917,1.149037477858,2.135020857149)
  );
#879 = CARTESIAN_POINT('',(4.206986169676,1.092550564139,2.135020857149)
  );
#880 = CARTESIAN_POINT('',(4.230413464688,1.035992070792,2.135020857149)
  );
#881 = CARTESIAN_POINT('',(4.253870408952,0.979361997818,2.135020857149)
  );
#882 = CARTESIAN_POINT('',(4.277357002469,0.922660345216,2.135020857149)
  );
#883 = CARTESIAN_POINT('',(4.300873245238,0.865887112986,2.135020857149)
  );
#884 = CARTESIAN_POINT('',(4.32441913726,0.809042301128,2.135020857149)
  );
#885 = CARTESIAN_POINT('',(4.347994678535,0.752125909643,2.135020857149)
  );
#886 = CARTESIAN_POINT('',(4.371599869062,0.695137938531,2.135020857149)
  );
#887 = CARTESIAN_POINT('',(4.395234708841,0.63807838779,2.135020857149)
  );
#888 = CARTESIAN_POINT('',(4.418899197873,0.580947257422,2.135020857149)
  );
#889 = CARTESIAN_POINT('',(4.442593336158,0.523744547427,2.135020857149)
  );
#890 = ORIENTED_EDGE('',*,*,#891,.F.);
#891 = EDGE_CURVE('',#746,#852,#892,.T.);
#892 = B_SPLINE_CURVE_WITH_KNOTS('',5,(#893,#894,#895,#896,#897,#898,
    #899,#900,#901,#902),.UNSPECIFIED.,.F.,.F.,(6,4,6),(0.,0.5,1.),
  .UNSPECIFIED.);
#893 = CARTESIAN_POINT('',(4.085968234571,1.174696505219,1.930661594627)
  );
#894 = CARTESIAN_POINT('',(4.099792457984,1.180422686045,1.946742945711)
  );
#895 = CARTESIAN_POINT('',(4.112493966491,1.185683823132,1.964468780413)
  );
#896 = CARTESIAN_POINT('',(4.123755497541,1.190348502026,1.983677472805)
  );
#897 = CARTESIAN_POINT('',(4.133299432345,1.19430172926,2.004056113451)
  );
#898 = CARTESIAN_POINT('',(4.148681246824,1.200673085431,2.046390378735)
  );
#899 = CARTESIAN_POINT('',(4.154519320142,1.203091294577,2.068346536327)
  );
#900 = CARTESIAN_POINT('',(4.158363641376,1.204683664571,2.090712598256)
  );
#901 = CARTESIAN_POINT('',(4.160220527325,1.205452811915,2.113054788941)
  );
#902 = CARTESIAN_POINT('',(4.160220527411,1.20545281195,2.135020857149)
  );
#903 = ORIENTED_EDGE('',*,*,#754,.F.);
#904 = ( BOUNDED_SURFACE() B_SPLINE_SURFACE(2,12,(
    (#905,#906,#907,#908,#909,#910,#911,#912,#913,#914,#915,#916,#917
      ,#918,#919,#920,#921,#922,#923,#924,#925,#926,#927,#928,#929,#930
      ,#931,#932,#933,#934,#935,#936,#937,#938,#939)
    ,(#940,#941,#942,#943,#944,#945,#946,#947,#948,#949,#950,#951,#952
      ,#953,#954,#955,#956,#957,#958,#959,#960,#961,#962,#963,#964,#965
      ,#966,#967,#968,#969,#970,#971,#972,#973,#974)
    ,(#975,#976,#977,#978,#979,#980,#981,#982,#983,#984,#985,#986,#987
      ,#988,#989,#990,#991,#992,#993,#994,#995,#996,#997,#998,#999,#1000
      ,#1001,#1002,#1003,#1004,#1005,#1006,#1007,#1008,#1009
)),.UNSPECIFIED.,.F.,.F.,.F.) B_SPLINE_SURFACE_WITH_KNOTS((3,3),(13,11,
    11,13),(0.,17.318029502913),(-0.737875708395,-4.947925115305E-16,
    17.318029502913,18.055905211308),.UNSPECIFIED.) 
GEOMETRIC_REPRESENTATION_ITEM() RATIONAL_B_SPLINE_SURFACE((
    (1.,1.,1.,1.,1.,1.,1.,1.,1.,1.,1.,1.,1.,1.,1.,1.,1.,1.,1.,1.,1.,1.
      ,1.,1.,1.,1.,1.,1.,1.,1.,1.,1.,1.,1.,1.)
    ,(0.93061798229,0.93061798229,0.93061798229,0.93061798229
      ,0.93061798229,0.93061798229,0.93061798229,0.93061798229
      ,0.93061798229,0.93061798229,0.93061798229,0.93061798229
      ,0.93061798229,0.93061801928,0.930617494111,0.930619600647
      ,0.930614949024,0.930621676454,0.930614949024,0.930619600647
      ,0.930617494111,0.93061801928,0.93061798229,0.93061798229
      ,0.93061798229,0.93061798229,0.93061798229,0.93061798229
      ,0.93061798229,0.93061798229,0.93061798229,0.93061798229
      ,0.93061798229,0.93061798229,0.93061798229)
    ,(1.,1.,1.,1.,1.,1.,1.,1.,1.,1.,1.,1.,1.,1.,1.,1.,1.,1.,1.,1.,1.,1.
,1.,1.,1.,1.,1.,1.,1.,1.,1.,1.,1.,1.,1.
))) REPRESENTATION_ITEM('') SURFACE() );
#905 = CARTESIAN_POINT('',(4.368341043318,-0.492988240695,1.930661594627
    ));
#906 = CARTESIAN_POINT('',(4.344050686533,-0.551630349481,1.930661594627
    ));
#907 = CARTESIAN_POINT('',(4.319898382364,-0.609939169769,1.930661594627
    ));
#908 = CARTESIAN_POINT('',(4.295884130811,-0.667914701558,1.930661594627
    ));
#909 = CARTESIAN_POINT('',(4.272007931874,-0.725556944848,1.930661594627
    ));
#910 = CARTESIAN_POINT('',(4.248269785554,-0.78286589964,1.930661594627)
  );
#911 = CARTESIAN_POINT('',(4.224669691851,-0.839841565933,1.930661594627
    ));
#912 = CARTESIAN_POINT('',(4.201207650763,-0.896483943727,1.930661594627
    ));
#913 = CARTESIAN_POINT('',(4.177883662292,-0.952793033023,1.930661594627
    ));
#914 = CARTESIAN_POINT('',(4.154697726437,-1.00876883382,1.930661594627)
  );
#915 = CARTESIAN_POINT('',(4.131649843199,-1.064411346118,1.930661594627
    ));
#916 = CARTESIAN_POINT('',(4.108740012577,-1.119720569918,1.930661594627
    ));
#917 = CARTESIAN_POINT('',(3.55151193136,-2.464988160927,1.930661594627)
  );
#918 = CARTESIAN_POINT('',(2.368142926712,-3.509870065855,1.930661601596
    ));
#919 = CARTESIAN_POINT('',(0.659702150751,-3.923262885354,1.930661502657
    ));
#920 = CARTESIAN_POINT('',(-1.17054232476,-3.385171524248,1.930661899515
    ));
#921 = CARTESIAN_POINT('',(-2.536114514567,-2.041943209282,
    1.930661023182));
#922 = CARTESIAN_POINT('',(-3.218001563388,6.15951734062E-13,
    1.930662290581));
#923 = CARTESIAN_POINT('',(-2.536114514567,2.041943209281,1.930661023182
    ));
#924 = CARTESIAN_POINT('',(-1.170542324761,3.385171524249,1.930661899514
    ));
#925 = CARTESIAN_POINT('',(0.659702150752,3.923262885354,1.930661502658)
  );
#926 = CARTESIAN_POINT('',(2.368142926712,3.509870065854,1.930661601596)
  );
#927 = CARTESIAN_POINT('',(3.55151193136,2.464988160927,1.930661594627)
  );
#928 = CARTESIAN_POINT('',(4.108740012577,1.119720569918,1.930661594627)
  );
#929 = CARTESIAN_POINT('',(4.131649843199,1.064411346118,1.930661594627)
  );
#930 = CARTESIAN_POINT('',(4.154697726437,1.00876883382,1.930661594627)
  );
#931 = CARTESIAN_POINT('',(4.177883662292,0.952793033023,1.930661594627)
  );
#932 = CARTESIAN_POINT('',(4.201207650763,0.896483943727,1.930661594627)
  );
#933 = CARTESIAN_POINT('',(4.224669691851,0.839841565933,1.930661594627)
  );
#934 = CARTESIAN_POINT('',(4.248269785554,0.78286589964,1.930661594627)
  );
#935 = CARTESIAN_POINT('',(4.272007931874,0.725556944848,1.930661594627)
  );
#936 = CARTESIAN_POINT('',(4.295884130811,0.667914701558,1.930661594627)
  );
#937 = CARTESIAN_POINT('',(4.319898382364,0.609939169769,1.930661594627)
  );
#938 = CARTESIAN_POINT('',(4.344050686533,0.551630349481,1.930661594627)
  );
#939 = CARTESIAN_POINT('',(4.368341043318,0.492988240695,1.930661594627)
  );
#940 = CARTESIAN_POINT('',(4.442593336158,-0.523744547427,2.017037309501
    ));
#941 = CARTESIAN_POINT('',(4.418899197873,-0.580947257422,2.017037309501
    ));
#942 = CARTESIAN_POINT('',(4.395234708841,-0.63807838779,2.017037309501)
  );
#943 = CARTESIAN_POINT('',(4.371599869061,-0.695137938531,2.017037309501
    ));
#944 = CARTESIAN_POINT('',(4.347994678534,-0.752125909643,2.017037309501
    ));
#945 = CARTESIAN_POINT('',(4.32441913726,-0.809042301129,2.017037309501)
  );
#946 = CARTESIAN_POINT('',(4.300873245238,-0.865887112986,2.017037309501
    ));
#947 = CARTESIAN_POINT('',(4.277357002469,-0.922660345216,2.017037309501
    ));
#948 = CARTESIAN_POINT('',(4.253870408952,-0.979361997818,2.017037309501
    ));
#949 = CARTESIAN_POINT('',(4.230413464688,-1.035992070792,2.017037309501
    ));
#950 = CARTESIAN_POINT('',(4.206986169676,-1.092550564139,2.017037309501
    ));
#951 = CARTESIAN_POINT('',(4.183588523917,-1.149037477858,2.017037309501
    ));
#952 = CARTESIAN_POINT('',(3.611770905991,-2.529527326261,2.017037309501
    ));
#953 = CARTESIAN_POINT('',(2.397473409613,-3.601570594418,2.017037307084
    ));
#954 = CARTESIAN_POINT('',(0.644651798713,-4.026281720893,2.017037341392
    ));
#955 = CARTESIAN_POINT('',(-1.234902200889,-3.473808210322,
    2.017037203778));
#956 = CARTESIAN_POINT('',(-2.634324724748,-2.095052673194,
    2.017037507657));
#957 = CARTESIAN_POINT('',(-3.335704239193,2.968070234033E-12,
    2.017037068171));
#958 = CARTESIAN_POINT('',(-2.634324724748,2.095052673188,2.017037507657
    ));
#959 = CARTESIAN_POINT('',(-1.23490220089,3.473808210326,2.017037203778)
  );
#960 = CARTESIAN_POINT('',(0.644651798713,4.026281720891,2.017037341392)
  );
#961 = CARTESIAN_POINT('',(2.397473409613,3.601570594419,2.017037307084)
  );
#962 = CARTESIAN_POINT('',(3.611770905991,2.529527326261,2.017037309501)
  );
#963 = CARTESIAN_POINT('',(4.183588523917,1.149037477858,2.017037309501)
  );
#964 = CARTESIAN_POINT('',(4.206986169676,1.092550564139,2.017037309501)
  );
#965 = CARTESIAN_POINT('',(4.230413464688,1.035992070792,2.017037309501)
  );
#966 = CARTESIAN_POINT('',(4.253870408952,0.979361997818,2.017037309501)
  );
#967 = CARTESIAN_POINT('',(4.277357002469,0.922660345216,2.017037309501)
  );
#968 = CARTESIAN_POINT('',(4.300873245238,0.865887112986,2.017037309501)
  );
#969 = CARTESIAN_POINT('',(4.32441913726,0.809042301129,2.017037309501)
  );
#970 = CARTESIAN_POINT('',(4.347994678534,0.752125909643,2.017037309501)
  );
#971 = CARTESIAN_POINT('',(4.371599869061,0.695137938531,2.017037309501)
  );
#972 = CARTESIAN_POINT('',(4.395234708841,0.63807838779,2.017037309501)
  );
#973 = CARTESIAN_POINT('',(4.418899197873,0.580947257422,2.017037309501)
  );
#974 = CARTESIAN_POINT('',(4.442593336158,0.523744547427,2.017037309501)
  );
#975 = CARTESIAN_POINT('',(4.442593336158,-0.523744547427,2.135020857149
    ));
#976 = CARTESIAN_POINT('',(4.418899197873,-0.580947257422,2.135020857149
    ));
#977 = CARTESIAN_POINT('',(4.395234708841,-0.63807838779,2.135020857149)
  );
#978 = CARTESIAN_POINT('',(4.371599869062,-0.695137938531,2.135020857149
    ));
#979 = CARTESIAN_POINT('',(4.347994678535,-0.752125909643,2.135020857149
    ));
#980 = CARTESIAN_POINT('',(4.32441913726,-0.809042301129,2.135020857149)
  );
#981 = CARTESIAN_POINT('',(4.300873245238,-0.865887112986,2.135020857149
    ));
#982 = CARTESIAN_POINT('',(4.277357002469,-0.922660345216,2.135020857149
    ));
#983 = CARTESIAN_POINT('',(4.253870408952,-0.979361997818,2.135020857149
    ));
#984 = CARTESIAN_POINT('',(4.230413464688,-1.035992070792,2.135020857149
    ));
#985 = CARTESIAN_POINT('',(4.206986169676,-1.092550564139,2.135020857149
    ));
#986 = CARTESIAN_POINT('',(4.183588523917,-1.149037477858,2.135020857149
    ));
#987 = CARTESIAN_POINT('',(3.61177090599,-2.52952732626,2.135020857149)
  );
#988 = CARTESIAN_POINT('',(2.397473580719,-3.601570783487,2.135020819723
    ));
#989 = CARTESIAN_POINT('',(0.644651861498,-4.026279926309,2.135021351086
    ));
#990 = CARTESIAN_POINT('',(-1.234906135462,-3.473813323936,
    2.135019219701));
#991 = CARTESIAN_POINT('',(-2.634312668057,-2.095046805733,
    2.135023926195));
#992 = CARTESIAN_POINT('',(-3.335721730313,-3.16902060149E-12,
    2.135017119406));
#993 = CARTESIAN_POINT('',(-2.634312668057,2.095046805739,2.135023926196
    ));
#994 = CARTESIAN_POINT('',(-1.234906135462,3.473813323932,2.1350192197)
  );
#995 = CARTESIAN_POINT('',(0.644651861498,4.026279926311,2.135021351086)
  );
#996 = CARTESIAN_POINT('',(2.397473580719,3.601570783485,2.135020819722)
  );
#997 = CARTESIAN_POINT('',(3.61177090599,2.529527326261,2.135020857149)
  );
#998 = CARTESIAN_POINT('',(4.183588523917,1.149037477858,2.135020857149)
  );
#999 = CARTESIAN_POINT('',(4.206986169676,1.092550564139,2.135020857149)
  );
#1000 = CARTESIAN_POINT('',(4.230413464688,1.035992070792,2.135020857149
    ));
#1001 = CARTESIAN_POINT('',(4.253870408952,0.979361997818,2.135020857149
    ));
#1002 = CARTESIAN_POINT('',(4.277357002469,0.922660345216,2.135020857149
    ));
#1003 = CARTESIAN_POINT('',(4.300873245238,0.865887112986,2.135020857149
    ));
#1004 = CARTESIAN_POINT('',(4.32441913726,0.809042301128,2.135020857149)
  );
#1005 = CARTESIAN_POINT('',(4.347994678535,0.752125909643,2.135020857149
    ));
#1006 = CARTESIAN_POINT('',(4.371599869062,0.695137938531,2.135020857149
    ));
#1007 = CARTESIAN_POINT('',(4.395234708841,0.63807838779,2.135020857149)
  );
#1008 = CARTESIAN_POINT('',(4.418899197873,0.580947257422,2.135020857149
    ));
#1009 = CARTESIAN_POINT('',(4.442593336158,0.523744547427,2.135020857149
    ));
#1010 = ADVANCED_FACE('',(#1011),#1033,.T.);
#1011 = FACE_BOUND('',#1012,.T.);
#1012 = EDGE_LOOP('',(#1013,#1014,#1031,#1032));
#1013 = ORIENTED_EDGE('',*,*,#891,.T.);
#1014 = ORIENTED_EDGE('',*,*,#1015,.T.);
#1015 = EDGE_CURVE('',#852,#837,#1016,.T.);
#1016 = B_SPLINE_CURVE_WITH_KNOTS('',5,(#1017,#1018,#1019,#1020,#1021,
    #1022,#1023,#1024,#1025,#1026,#1027,#1028,#1029,#1030),
  .UNSPECIFIED.,.F.,.F.,(6,4,4,6),(-0.150460971643,-1.699349482392E-07,
    2.474004384637,2.624464954166),.UNSPECIFIED.);
#1017 = CARTESIAN_POINT('',(4.102641670439,1.344460469082,2.135020857149
    ));
#1018 = CARTESIAN_POINT('',(4.114157445154,1.316658929638,2.135020857149
    ));
#1019 = CARTESIAN_POINT('',(4.125673218125,1.288857394406,2.135020857149
    ));
#1020 = CARTESIAN_POINT('',(4.137188989351,1.261055863385,2.135020857149
    ));
#1021 = CARTESIAN_POINT('',(4.148704758833,1.233254336576,2.135020857149
    ));
#1022 = CARTESIAN_POINT('',(4.349572580446,0.748316518349,2.135020857149
    ));
#1023 = CARTESIAN_POINT('',(4.44918882011,0.254004984338,2.135020857149)
  );
#1024 = CARTESIAN_POINT('',(4.449189507099,-0.254003344051,
    2.135020857149));
#1025 = CARTESIAN_POINT('',(4.349572930008,-0.748315674432,
    2.135020857149));
#1026 = CARTESIAN_POINT('',(4.148704755344,-1.233254344999,
    2.135020857149));
#1027 = CARTESIAN_POINT('',(4.137188984118,-1.26105587602,2.135020857149
    ));
#1028 = CARTESIAN_POINT('',(4.125673212892,-1.288857407041,
    2.135020857149));
#1029 = CARTESIAN_POINT('',(4.114157441665,-1.316658938061,
    2.135020857149));
#1030 = CARTESIAN_POINT('',(4.102641670439,-1.344460469082,
    2.135020857149));
#1031 = ORIENTED_EDGE('',*,*,#836,.F.);
#1032 = ORIENTED_EDGE('',*,*,#807,.F.);
#1033 = ( BOUNDED_SURFACE() B_SPLINE_SURFACE(2,5,(
    (#1034,#1035,#1036,#1037,#1038,#1039,#1040,#1041,#1042,#1043,#1044
      ,#1045,#1046,#1047)
    ,(#1048,#1049,#1050,#1051,#1052,#1053,#1054,#1055,#1056,#1057,#1058
      ,#1059,#1060,#1061)
    ,(#1062,#1063,#1064,#1065,#1066,#1067,#1068,#1069,#1070,#1071,#1072
      ,#1073,#1074,#1075
)),.UNSPECIFIED.,.F.,.F.,.F.) B_SPLINE_SURFACE_WITH_KNOTS((3,3),(6,4,4,6
    ),(0.,2.474004554572),(-0.150460971643,-1.699349482392E-07,
    2.474004384637,2.624464954166),.UNSPECIFIED.) 
GEOMETRIC_REPRESENTATION_ITEM() RATIONAL_B_SPLINE_SURFACE((
    (1.,1.,1.,1.,1.,1.,1.,1.,1.,1.,1.,1.,1.,1.)
    ,(0.93061798229,0.93061798229,0.93061798229,0.93061798229
      ,0.93061798229,0.93061798229,0.93061798229,0.93061798229
      ,0.93061798229,0.93061798229,0.93061798229,0.93061798229
      ,0.93061798229,0.93061798229)
,(1.,1.,1.,1.,1.,1.,1.,1.,1.,1.,1.,1.,1.,1.
))) REPRESENTATION_ITEM('') SURFACE() );
#1034 = CARTESIAN_POINT('',(4.028389379453,1.313704158425,1.930661594627
    ));
#1035 = CARTESIAN_POINT('',(4.040198971339,1.285193281472,1.930661594627
    ));
#1036 = CARTESIAN_POINT('',(4.051861652875,1.257037077477,1.930661594627
    ));
#1037 = CARTESIAN_POINT('',(4.063377424063,1.22923554644,1.930661594627)
  );
#1038 = CARTESIAN_POINT('',(4.074746284901,1.201788688362,1.930661594627
    ));
#1039 = CARTESIAN_POINT('',(4.270489096011,0.72922373811,1.930661594627)
  );
#1040 = CARTESIAN_POINT('',(4.367563702078,0.247524287167,1.930661594627
    ));
#1041 = CARTESIAN_POINT('',(4.36756434983,-0.247522755157,1.930661594627
    ));
#1042 = CARTESIAN_POINT('',(4.270489454492,-0.729222872661,
    1.930661594627));
#1043 = CARTESIAN_POINT('',(4.074746280416,-1.201788699189,
    1.930661594627));
#1044 = CARTESIAN_POINT('',(4.063377417335,-1.229235562681,
    1.930661594627));
#1045 = CARTESIAN_POINT('',(4.051861646148,-1.257037093718,
    1.930661594627));
#1046 = CARTESIAN_POINT('',(4.040198966854,-1.285193292299,
    1.930661594627));
#1047 = CARTESIAN_POINT('',(4.028389379453,-1.313704158425,
    1.930661594627));
#1048 = CARTESIAN_POINT('',(4.102641670439,1.344460469082,2.017037309501
    ));
#1049 = CARTESIAN_POINT('',(4.114157445154,1.316658929638,2.017037309501
    ));
#1050 = CARTESIAN_POINT('',(4.125673218125,1.288857394406,2.017037309501
    ));
#1051 = CARTESIAN_POINT('',(4.137188989351,1.261055863385,2.017037309501
    ));
#1052 = CARTESIAN_POINT('',(4.148704758833,1.233254336576,2.017037309501
    ));
#1053 = CARTESIAN_POINT('',(4.349572580446,0.748316518349,2.017037309501
    ));
#1054 = CARTESIAN_POINT('',(4.44918882011,0.254004984338,2.017037309501)
  );
#1055 = CARTESIAN_POINT('',(4.449189507099,-0.254003344051,
    2.017037309501));
#1056 = CARTESIAN_POINT('',(4.349572930008,-0.748315674432,
    2.017037309501));
#1057 = CARTESIAN_POINT('',(4.148704755344,-1.233254344999,
    2.017037309501));
#1058 = CARTESIAN_POINT('',(4.137188984118,-1.26105587602,2.017037309501
    ));
#1059 = CARTESIAN_POINT('',(4.125673212892,-1.288857407041,
    2.017037309501));
#1060 = CARTESIAN_POINT('',(4.114157441665,-1.316658938061,
    2.017037309501));
#1061 = CARTESIAN_POINT('',(4.102641670439,-1.344460469082,
    2.017037309501));
#1062 = CARTESIAN_POINT('',(4.102641670439,1.344460469082,2.135020857149
    ));
#1063 = CARTESIAN_POINT('',(4.114157445154,1.316658929638,2.135020857149
    ));
#1064 = CARTESIAN_POINT('',(4.125673218125,1.288857394406,2.135020857149
    ));
#1065 = CARTESIAN_POINT('',(4.137188989351,1.261055863385,2.135020857149
    ));
#1066 = CARTESIAN_POINT('',(4.148704758833,1.233254336576,2.135020857149
    ));
#1067 = CARTESIAN_POINT('',(4.349572580446,0.748316518349,2.135020857149
    ));
#1068 = CARTESIAN_POINT('',(4.44918882011,0.254004984338,2.135020857149)
  );
#1069 = CARTESIAN_POINT('',(4.449189507099,-0.254003344051,
    2.135020857149));
#1070 = CARTESIAN_POINT('',(4.349572930008,-0.748315674432,
    2.135020857149));
#1071 = CARTESIAN_POINT('',(4.148704755344,-1.233254344999,
    2.135020857149));
#1072 = CARTESIAN_POINT('',(4.137188984118,-1.26105587602,2.135020857149
    ));
#1073 = CARTESIAN_POINT('',(4.125673212892,-1.288857407041,
    2.135020857149));
#1074 = CARTESIAN_POINT('',(4.114157441665,-1.316658938061,
    2.135020857149));
#1075 = CARTESIAN_POINT('',(4.102641670439,-1.344460469082,
    2.135020857149));
#1076 = ADVANCED_FACE('',(#1077),#1103,.T.);
#1077 = FACE_BOUND('',#1078,.T.);
#1078 = EDGE_LOOP('',(#1079,#1090,#1096,#1097));
#1079 = ORIENTED_EDGE('',*,*,#1080,.T.);
#1080 = EDGE_CURVE('',#1081,#1083,#1085,.T.);
#1081 = VERTEX_POINT('',#1082);
#1082 = CARTESIAN_POINT('',(4.160220527411,-1.20545281195,6.1));
#1083 = VERTEX_POINT('',#1084);
#1084 = CARTESIAN_POINT('',(4.160220527411,1.20545281195,6.1));
#1085 = CIRCLE('',#1086,3.15);
#1086 = AXIS2_PLACEMENT_3D('',#1087,#1088,#1089);
#1087 = CARTESIAN_POINT('',(1.25,0.,6.1));
#1088 = DIRECTION('',(0.,-0.,-1.));
#1089 = DIRECTION('',(0.923879532511,-0.382683432365,0.));
#1090 = ORIENTED_EDGE('',*,*,#1091,.F.);
#1091 = EDGE_CURVE('',#852,#1083,#1092,.T.);
#1092 = LINE('',#1093,#1094);
#1093 = CARTESIAN_POINT('',(4.160220527411,1.20545281195,2.));
#1094 = VECTOR('',#1095,1.);
#1095 = DIRECTION('',(0.,0.,1.));
#1096 = ORIENTED_EDGE('',*,*,#851,.F.);
#1097 = ORIENTED_EDGE('',*,*,#1098,.T.);
#1098 = EDGE_CURVE('',#837,#1081,#1099,.T.);
#1099 = LINE('',#1100,#1101);
#1100 = CARTESIAN_POINT('',(4.160220527411,-1.20545281195,2.));
#1101 = VECTOR('',#1102,1.);
#1102 = DIRECTION('',(0.,0.,1.));
#1103 = CYLINDRICAL_SURFACE('',#1104,3.15);
#1104 = AXIS2_PLACEMENT_3D('',#1105,#1106,#1107);
#1105 = CARTESIAN_POINT('',(1.25,0.,2.));
#1106 = DIRECTION('',(0.,0.,1.));
#1107 = DIRECTION('',(0.923879532511,-0.382683432365,0.));
#1108 = ADVANCED_FACE('',(#1109,#1121),#1213,.T.);
#1109 = FACE_BOUND('',#1110,.T.);
#1110 = EDGE_LOOP('',(#1111,#1118,#1119,#1120));
#1111 = ORIENTED_EDGE('',*,*,#1112,.T.);
#1112 = EDGE_CURVE('',#1083,#1081,#1113,.T.);
#1113 = CIRCLE('',#1114,3.15);
#1114 = AXIS2_PLACEMENT_3D('',#1115,#1116,#1117);
#1115 = CARTESIAN_POINT('',(1.25,0.,6.1));
#1116 = DIRECTION('',(0.,0.,-1.));
#1117 = DIRECTION('',(0.923879532511,0.382683432365,0.));
#1118 = ORIENTED_EDGE('',*,*,#1098,.F.);
#1119 = ORIENTED_EDGE('',*,*,#1015,.F.);
#1120 = ORIENTED_EDGE('',*,*,#1091,.T.);
#1121 = FACE_BOUND('',#1122,.T.);
#1122 = EDGE_LOOP('',(#1123,#1133,#1147,#1156,#1170,#1178,#1192,#1201));
#1123 = ORIENTED_EDGE('',*,*,#1124,.T.);
#1124 = EDGE_CURVE('',#1125,#1127,#1129,.T.);
#1125 = VERTEX_POINT('',#1126);
#1126 = CARTESIAN_POINT('',(4.390063693622,-0.25,2.399));
#1127 = VERTEX_POINT('',#1128);
#1128 = CARTESIAN_POINT('',(4.390063693622,-0.25,3.901));
#1129 = LINE('',#1130,#1131);
#1130 = CARTESIAN_POINT('',(4.390063693622,-0.25,2.));
#1131 = VECTOR('',#1132,1.);
#1132 = DIRECTION('',(0.,0.,1.));
#1133 = ORIENTED_EDGE('',*,*,#1134,.F.);
#1134 = EDGE_CURVE('',#1135,#1127,#1137,.T.);
#1135 = VERTEX_POINT('',#1136);
#1136 = CARTESIAN_POINT('',(4.39999984127,-1.E-03,4.15));
#1137 = B_SPLINE_CURVE_WITH_KNOTS('',8,(#1138,#1139,#1140,#1141,#1142,
    #1143,#1144,#1145,#1146),.UNSPECIFIED.,.F.,.F.,(9,9),(0.,1.),
  .PIECEWISE_BEZIER_KNOTS.);
#1138 = CARTESIAN_POINT('',(4.39999984127,-1.000000000001E-03,4.15));
#1139 = CARTESIAN_POINT('',(4.399982832147,-5.457873493797E-02,4.15));
#1140 = CARTESIAN_POINT('',(4.398924962418,-0.105860655764,
    4.136823478699));
#1141 = CARTESIAN_POINT('',(4.396983999654,-0.151858354996,
    4.112452495157));
#1142 = CARTESIAN_POINT('',(4.394628545982,-0.190544274441,
    4.078937530663));
#1143 = CARTESIAN_POINT('',(4.392425632883,-0.220329159971,
    4.038561656652));
#1144 = CARTESIAN_POINT('',(4.390837535903,-0.240281331805,
    3.993723730179));
#1145 = CARTESIAN_POINT('',(4.390063693622,-0.25,3.947017732857));
#1146 = CARTESIAN_POINT('',(4.390063693622,-0.25,3.901));
#1147 = ORIENTED_EDGE('',*,*,#1148,.T.);
#1148 = EDGE_CURVE('',#1135,#1149,#1151,.T.);
#1149 = VERTEX_POINT('',#1150);
#1150 = CARTESIAN_POINT('',(4.39999984127,9.999999999997E-04,4.15));
#1151 = CIRCLE('',#1152,3.15);
#1152 = AXIS2_PLACEMENT_3D('',#1153,#1154,#1155);
#1153 = CARTESIAN_POINT('',(1.25,0.,4.15));
#1154 = DIRECTION('',(0.,-0.,1.));
#1155 = DIRECTION('',(0.923879532511,0.382683432365,0.));
#1156 = ORIENTED_EDGE('',*,*,#1157,.F.);
#1157 = EDGE_CURVE('',#1158,#1149,#1160,.T.);
#1158 = VERTEX_POINT('',#1159);
#1159 = CARTESIAN_POINT('',(4.390063693622,0.25,3.901));
#1160 = B_SPLINE_CURVE_WITH_KNOTS('',8,(#1161,#1162,#1163,#1164,#1165,
    #1166,#1167,#1168,#1169),.UNSPECIFIED.,.F.,.F.,(9,9),(0.,1.),
  .PIECEWISE_BEZIER_KNOTS.);
#1161 = CARTESIAN_POINT('',(4.390063693622,0.25,3.901));
#1162 = CARTESIAN_POINT('',(4.390063693622,0.25,3.94700658647));
#1163 = CARTESIAN_POINT('',(4.390837156831,0.240286057061,3.993714055517
    ));
#1164 = CARTESIAN_POINT('',(4.392425259348,0.220333951949,4.038563137215
    ));
#1165 = CARTESIAN_POINT('',(4.394629002117,0.190540617786,4.078947056242
    ));
#1166 = CARTESIAN_POINT('',(4.39698493313,0.151845982412,4.112464490725)
  );
#1167 = CARTESIAN_POINT('',(4.398925562906,0.105841643592,4.136830953417
    ));
#1168 = CARTESIAN_POINT('',(4.399982836978,5.456351661409E-02,4.15));
#1169 = CARTESIAN_POINT('',(4.39999984127,1.000000000001E-03,4.15));
#1170 = ORIENTED_EDGE('',*,*,#1171,.F.);
#1171 = EDGE_CURVE('',#1172,#1158,#1174,.T.);
#1172 = VERTEX_POINT('',#1173);
#1173 = CARTESIAN_POINT('',(4.390063693622,0.25,2.399));
#1174 = LINE('',#1175,#1176);
#1175 = CARTESIAN_POINT('',(4.390063693622,0.25,2.));
#1176 = VECTOR('',#1177,1.);
#1177 = DIRECTION('',(0.,0.,1.));
#1178 = ORIENTED_EDGE('',*,*,#1179,.T.);
#1179 = EDGE_CURVE('',#1172,#1180,#1182,.T.);
#1180 = VERTEX_POINT('',#1181);
#1181 = CARTESIAN_POINT('',(4.39999984127,9.999999999997E-04,2.15));
#1182 = B_SPLINE_CURVE_WITH_KNOTS('',8,(#1183,#1184,#1185,#1186,#1187,
    #1188,#1189,#1190,#1191),.UNSPECIFIED.,.F.,.F.,(9,9),(0.,1.),
  .PIECEWISE_BEZIER_KNOTS.);
#1183 = CARTESIAN_POINT('',(4.390063693622,0.25,2.399));
#1184 = CARTESIAN_POINT('',(4.390063693622,0.25,2.35299341353));
#1185 = CARTESIAN_POINT('',(4.390837156831,0.240286057061,2.306285944483
    ));
#1186 = CARTESIAN_POINT('',(4.392425259347,0.22033395195,2.261436862787)
  );
#1187 = CARTESIAN_POINT('',(4.394629002117,0.190540617785,2.221052943756
    ));
#1188 = CARTESIAN_POINT('',(4.39698493313,0.151845982412,2.187535509277)
  );
#1189 = CARTESIAN_POINT('',(4.398925562906,0.105841643593,2.163169046583
    ));
#1190 = CARTESIAN_POINT('',(4.399982836978,5.456351661366E-02,2.15));
#1191 = CARTESIAN_POINT('',(4.39999984127,1.000000000001E-03,2.15));
#1192 = ORIENTED_EDGE('',*,*,#1193,.F.);
#1193 = EDGE_CURVE('',#1194,#1180,#1196,.T.);
#1194 = VERTEX_POINT('',#1195);
#1195 = CARTESIAN_POINT('',(4.39999984127,-1.E-03,2.15));
#1196 = CIRCLE('',#1197,3.15);
#1197 = AXIS2_PLACEMENT_3D('',#1198,#1199,#1200);
#1198 = CARTESIAN_POINT('',(1.25,0.,2.15));
#1199 = DIRECTION('',(0.,-0.,1.));
#1200 = DIRECTION('',(0.923879532511,0.382683432365,0.));
#1201 = ORIENTED_EDGE('',*,*,#1202,.T.);
#1202 = EDGE_CURVE('',#1194,#1125,#1203,.T.);
#1203 = B_SPLINE_CURVE_WITH_KNOTS('',8,(#1204,#1205,#1206,#1207,#1208,
    #1209,#1210,#1211,#1212),.UNSPECIFIED.,.F.,.F.,(9,9),(0.,1.),
  .PIECEWISE_BEZIER_KNOTS.);
#1204 = CARTESIAN_POINT('',(4.39999984127,-1.000000000001E-03,2.15));
#1205 = CARTESIAN_POINT('',(4.399982832147,-5.457873493738E-02,2.15));
#1206 = CARTESIAN_POINT('',(4.398924962418,-0.105860655765,
    2.163176521301));
#1207 = CARTESIAN_POINT('',(4.396983999654,-0.151858354994,
    2.187547504842));
#1208 = CARTESIAN_POINT('',(4.394628545982,-0.190544274443,
    2.221062469337));
#1209 = CARTESIAN_POINT('',(4.392425632883,-0.22032915997,2.261438343347
    ));
#1210 = CARTESIAN_POINT('',(4.390837535903,-0.240281331806,
    2.306276269822));
#1211 = CARTESIAN_POINT('',(4.390063693622,-0.25,2.352982267143));
#1212 = CARTESIAN_POINT('',(4.390063693622,-0.25,2.399));
#1213 = CYLINDRICAL_SURFACE('',#1214,3.15);
#1214 = AXIS2_PLACEMENT_3D('',#1215,#1216,#1217);
#1215 = CARTESIAN_POINT('',(1.25,0.,2.));
#1216 = DIRECTION('',(0.,0.,1.));
#1217 = DIRECTION('',(0.923879532511,0.382683432365,-0.));
#1218 = ADVANCED_FACE('',(#1219),#1247,.T.);
#1219 = FACE_BOUND('',#1220,.T.);
#1220 = EDGE_LOOP('',(#1221,#1230,#1239,#1246));
#1221 = ORIENTED_EDGE('',*,*,#1222,.T.);
#1222 = EDGE_CURVE('',#1081,#1223,#1225,.T.);
#1223 = VERTEX_POINT('',#1224);
#1224 = CARTESIAN_POINT('',(3.975444620908,-1.128916125477,6.3));
#1225 = CIRCLE('',#1226,0.2);
#1226 = AXIS2_PLACEMENT_3D('',#1227,#1228,#1229);
#1227 = CARTESIAN_POINT('',(3.975444620908,-1.128916125477,6.1));
#1228 = DIRECTION('',(-0.382683432365,-0.923879532511,0.));
#1229 = DIRECTION('',(0.923879532511,-0.382683432365,0.));
#1230 = ORIENTED_EDGE('',*,*,#1231,.T.);
#1231 = EDGE_CURVE('',#1223,#1232,#1234,.T.);
#1232 = VERTEX_POINT('',#1233);
#1233 = CARTESIAN_POINT('',(3.975444620908,1.128916125477,6.3));
#1234 = CIRCLE('',#1235,2.95);
#1235 = AXIS2_PLACEMENT_3D('',#1236,#1237,#1238);
#1236 = CARTESIAN_POINT('',(1.25,0.,6.3));
#1237 = DIRECTION('',(0.,-0.,-1.));
#1238 = DIRECTION('',(0.923879532511,-0.382683432365,0.));
#1239 = ORIENTED_EDGE('',*,*,#1240,.F.);
#1240 = EDGE_CURVE('',#1083,#1232,#1241,.T.);
#1241 = CIRCLE('',#1242,0.2);
#1242 = AXIS2_PLACEMENT_3D('',#1243,#1244,#1245);
#1243 = CARTESIAN_POINT('',(3.975444620908,1.128916125477,6.1));
#1244 = DIRECTION('',(0.382683432365,-0.923879532511,0.));
#1245 = DIRECTION('',(0.923879532511,0.382683432365,0.));
#1246 = ORIENTED_EDGE('',*,*,#1080,.F.);
#1247 = TOROIDAL_SURFACE('',#1248,2.95,0.2);
#1248 = AXIS2_PLACEMENT_3D('',#1249,#1250,#1251);
#1249 = CARTESIAN_POINT('',(1.25,0.,6.1));
#1250 = DIRECTION('',(0.,0.,1.));
#1251 = DIRECTION('',(0.923879532511,-0.382683432365,0.));
#1252 = ADVANCED_FACE('',(#1253),#1265,.T.);
#1253 = FACE_BOUND('',#1254,.T.);
#1254 = EDGE_LOOP('',(#1255,#1256,#1263,#1264));
#1255 = ORIENTED_EDGE('',*,*,#1240,.T.);
#1256 = ORIENTED_EDGE('',*,*,#1257,.T.);
#1257 = EDGE_CURVE('',#1232,#1223,#1258,.T.);
#1258 = CIRCLE('',#1259,2.95);
#1259 = AXIS2_PLACEMENT_3D('',#1260,#1261,#1262);
#1260 = CARTESIAN_POINT('',(1.25,0.,6.3));
#1261 = DIRECTION('',(0.,0.,-1.));
#1262 = DIRECTION('',(0.923879532511,0.382683432365,0.));
#1263 = ORIENTED_EDGE('',*,*,#1222,.F.);
#1264 = ORIENTED_EDGE('',*,*,#1112,.F.);
#1265 = TOROIDAL_SURFACE('',#1266,2.95,0.2);
#1266 = AXIS2_PLACEMENT_3D('',#1267,#1268,#1269);
#1267 = CARTESIAN_POINT('',(1.25,0.,6.1));
#1268 = DIRECTION('',(0.,0.,1.));
#1269 = DIRECTION('',(0.923879532511,0.382683432365,-0.));
#1270 = ADVANCED_FACE('',(#1271),#1281,.T.);
#1271 = FACE_BOUND('',#1272,.T.);
#1272 = EDGE_LOOP('',(#1273,#1274,#1275,#1276,#1277,#1278,#1279,#1280));
#1273 = ORIENTED_EDGE('',*,*,#1157,.T.);
#1274 = ORIENTED_EDGE('',*,*,#1148,.F.);
#1275 = ORIENTED_EDGE('',*,*,#1134,.T.);
#1276 = ORIENTED_EDGE('',*,*,#1124,.F.);
#1277 = ORIENTED_EDGE('',*,*,#1202,.F.);
#1278 = ORIENTED_EDGE('',*,*,#1193,.T.);
#1279 = ORIENTED_EDGE('',*,*,#1179,.F.);
#1280 = ORIENTED_EDGE('',*,*,#1171,.T.);
#1281 = CYLINDRICAL_SURFACE('',#1282,3.15);
#1282 = AXIS2_PLACEMENT_3D('',#1283,#1284,#1285);
#1283 = CARTESIAN_POINT('',(1.25,0.,2.));
#1284 = DIRECTION('',(0.,0.,1.));
#1285 = DIRECTION('',(0.923879532511,0.382683432365,-0.));
#1286 = ADVANCED_FACE('',(#1287),#1313,.F.);
#1287 = FACE_BOUND('',#1288,.F.);
#1288 = EDGE_LOOP('',(#1289,#1290,#1298,#1307));
#1289 = ORIENTED_EDGE('',*,*,#1231,.T.);
#1290 = ORIENTED_EDGE('',*,*,#1291,.T.);
#1291 = EDGE_CURVE('',#1232,#1292,#1294,.T.);
#1292 = VERTEX_POINT('',#1293);
#1293 = CARTESIAN_POINT('',(3.287154369187,0.843816968365,6.3));
#1294 = LINE('',#1295,#1296);
#1295 = CARTESIAN_POINT('',(3.975444620908,1.128916125477,6.3));
#1296 = VECTOR('',#1297,1.);
#1297 = DIRECTION('',(-0.923879532511,-0.382683432365,0.));
#1298 = ORIENTED_EDGE('',*,*,#1299,.F.);
#1299 = EDGE_CURVE('',#1300,#1292,#1302,.T.);
#1300 = VERTEX_POINT('',#1301);
#1301 = CARTESIAN_POINT('',(3.287154369187,-0.843816968365,6.3));
#1302 = CIRCLE('',#1303,2.205);
#1303 = AXIS2_PLACEMENT_3D('',#1304,#1305,#1306);
#1304 = CARTESIAN_POINT('',(1.25,0.,6.3));
#1305 = DIRECTION('',(0.,-0.,-1.));
#1306 = DIRECTION('',(0.923879532511,-0.382683432365,0.));
#1307 = ORIENTED_EDGE('',*,*,#1308,.F.);
#1308 = EDGE_CURVE('',#1223,#1300,#1309,.T.);
#1309 = LINE('',#1310,#1311);
#1310 = CARTESIAN_POINT('',(3.975444620908,-1.128916125477,6.3));
#1311 = VECTOR('',#1312,1.);
#1312 = DIRECTION('',(-0.923879532511,0.382683432365,0.));
#1313 = PLANE('',#1314);
#1314 = AXIS2_PLACEMENT_3D('',#1315,#1316,#1317);
#1315 = CARTESIAN_POINT('',(1.25,0.,6.3));
#1316 = DIRECTION('',(0.,0.,-1.));
#1317 = DIRECTION('',(0.923879532511,-0.382683432365,0.));
#1318 = ADVANCED_FACE('',(#1319),#1331,.F.);
#1319 = FACE_BOUND('',#1320,.F.);
#1320 = EDGE_LOOP('',(#1321,#1322,#1323,#1330));
#1321 = ORIENTED_EDGE('',*,*,#1257,.T.);
#1322 = ORIENTED_EDGE('',*,*,#1308,.T.);
#1323 = ORIENTED_EDGE('',*,*,#1324,.F.);
#1324 = EDGE_CURVE('',#1292,#1300,#1325,.T.);
#1325 = CIRCLE('',#1326,2.205);
#1326 = AXIS2_PLACEMENT_3D('',#1327,#1328,#1329);
#1327 = CARTESIAN_POINT('',(1.25,0.,6.3));
#1328 = DIRECTION('',(0.,0.,-1.));
#1329 = DIRECTION('',(0.923879532511,0.382683432365,0.));
#1330 = ORIENTED_EDGE('',*,*,#1291,.F.);
#1331 = PLANE('',#1332);
#1332 = AXIS2_PLACEMENT_3D('',#1333,#1334,#1335);
#1333 = CARTESIAN_POINT('',(1.25,0.,6.3));
#1334 = DIRECTION('',(0.,0.,-1.));
#1335 = DIRECTION('',(0.923879532511,0.382683432365,0.));
#1336 = ADVANCED_FACE('',(#1337),#1474,.F.);
#1337 = FACE_BOUND('',#1338,.F.);
#1338 = EDGE_LOOP('',(#1339,#1347,#1348,#1356,#1365,#1373,#1382,#1390,
    #1399,#1407,#1416,#1425,#1433,#1442,#1450,#1459,#1467));
#1339 = ORIENTED_EDGE('',*,*,#1340,.F.);
#1340 = EDGE_CURVE('',#1300,#1341,#1343,.T.);
#1341 = VERTEX_POINT('',#1342);
#1342 = CARTESIAN_POINT('',(3.287154369187,-0.843816968365,6.2));
#1343 = LINE('',#1344,#1345);
#1344 = CARTESIAN_POINT('',(3.287154369187,-0.843816968365,6.3));
#1345 = VECTOR('',#1346,1.);
#1346 = DIRECTION('',(0.,0.,-1.));
#1347 = ORIENTED_EDGE('',*,*,#1299,.T.);
#1348 = ORIENTED_EDGE('',*,*,#1349,.T.);
#1349 = EDGE_CURVE('',#1292,#1350,#1352,.T.);
#1350 = VERTEX_POINT('',#1351);
#1351 = CARTESIAN_POINT('',(3.287154369187,0.843816968365,6.2));
#1352 = LINE('',#1353,#1354);
#1353 = CARTESIAN_POINT('',(3.287154369187,0.843816968365,6.3));
#1354 = VECTOR('',#1355,1.);
#1355 = DIRECTION('',(0.,0.,-1.));
#1356 = ORIENTED_EDGE('',*,*,#1357,.T.);
#1357 = EDGE_CURVE('',#1350,#1358,#1360,.T.);
#1358 = VERTEX_POINT('',#1359);
#1359 = CARTESIAN_POINT('',(1.3,2.204433033685,6.2));
#1360 = CIRCLE('',#1361,2.205);
#1361 = AXIS2_PLACEMENT_3D('',#1362,#1363,#1364);
#1362 = CARTESIAN_POINT('',(1.25,0.,6.2));
#1363 = DIRECTION('',(0.,0.,1.));
#1364 = DIRECTION('',(-1.,1.224646799147E-16,0.));
#1365 = ORIENTED_EDGE('',*,*,#1366,.T.);
#1366 = EDGE_CURVE('',#1358,#1367,#1369,.T.);
#1367 = VERTEX_POINT('',#1368);
#1368 = CARTESIAN_POINT('',(1.3,2.204433033685,6.1));
#1369 = LINE('',#1370,#1371);
#1370 = CARTESIAN_POINT('',(1.3,2.204433033685,6.));
#1371 = VECTOR('',#1372,1.);
#1372 = DIRECTION('',(0.,0.,-1.));
#1373 = ORIENTED_EDGE('',*,*,#1374,.F.);
#1374 = EDGE_CURVE('',#1375,#1367,#1377,.T.);
#1375 = VERTEX_POINT('',#1376);
#1376 = CARTESIAN_POINT('',(1.2,2.204433033685,6.1));
#1377 = CIRCLE('',#1378,2.205);
#1378 = AXIS2_PLACEMENT_3D('',#1379,#1380,#1381);
#1379 = CARTESIAN_POINT('',(1.25,0.,6.1));
#1380 = DIRECTION('',(0.,0.,-1.));
#1381 = DIRECTION('',(-1.,1.224646799147E-16,0.));
#1382 = ORIENTED_EDGE('',*,*,#1383,.F.);
#1383 = EDGE_CURVE('',#1384,#1375,#1386,.T.);
#1384 = VERTEX_POINT('',#1385);
#1385 = CARTESIAN_POINT('',(1.2,2.204433033685,6.2));
#1386 = LINE('',#1387,#1388);
#1387 = CARTESIAN_POINT('',(1.2,2.204433033685,6.));
#1388 = VECTOR('',#1389,1.);
#1389 = DIRECTION('',(0.,0.,-1.));
#1390 = ORIENTED_EDGE('',*,*,#1391,.T.);
#1391 = EDGE_CURVE('',#1384,#1392,#1394,.T.);
#1392 = VERTEX_POINT('',#1393);
#1393 = CARTESIAN_POINT('',(-0.954433033685,5.000000000003E-02,6.2));
#1394 = CIRCLE('',#1395,2.205);
#1395 = AXIS2_PLACEMENT_3D('',#1396,#1397,#1398);
#1396 = CARTESIAN_POINT('',(1.25,0.,6.2));
#1397 = DIRECTION('',(0.,0.,1.));
#1398 = DIRECTION('',(-1.,1.224646799147E-16,0.));
#1399 = ORIENTED_EDGE('',*,*,#1400,.T.);
#1400 = EDGE_CURVE('',#1392,#1401,#1403,.T.);
#1401 = VERTEX_POINT('',#1402);
#1402 = CARTESIAN_POINT('',(-0.954433033685,5.E-02,6.1));
#1403 = LINE('',#1404,#1405);
#1404 = CARTESIAN_POINT('',(-0.954433033685,5.E-02,6.));
#1405 = VECTOR('',#1406,1.);
#1406 = DIRECTION('',(0.,0.,-1.));
#1407 = ORIENTED_EDGE('',*,*,#1408,.F.);
#1408 = EDGE_CURVE('',#1409,#1401,#1411,.T.);
#1409 = VERTEX_POINT('',#1410);
#1410 = CARTESIAN_POINT('',(-0.955,2.70034619212E-16,6.1));
#1411 = CIRCLE('',#1412,2.205);
#1412 = AXIS2_PLACEMENT_3D('',#1413,#1414,#1415);
#1413 = CARTESIAN_POINT('',(1.25,0.,6.1));
#1414 = DIRECTION('',(0.,0.,-1.));
#1415 = DIRECTION('',(-1.,1.224646799147E-16,0.));
#1416 = ORIENTED_EDGE('',*,*,#1417,.F.);
#1417 = EDGE_CURVE('',#1418,#1409,#1420,.T.);
#1418 = VERTEX_POINT('',#1419);
#1419 = CARTESIAN_POINT('',(-0.954433033685,-5.E-02,6.1));
#1420 = CIRCLE('',#1421,2.205);
#1421 = AXIS2_PLACEMENT_3D('',#1422,#1423,#1424);
#1422 = CARTESIAN_POINT('',(1.25,0.,6.1));
#1423 = DIRECTION('',(0.,0.,-1.));
#1424 = DIRECTION('',(-1.,1.224646799147E-16,0.));
#1425 = ORIENTED_EDGE('',*,*,#1426,.F.);
#1426 = EDGE_CURVE('',#1427,#1418,#1429,.T.);
#1427 = VERTEX_POINT('',#1428);
#1428 = CARTESIAN_POINT('',(-0.954433033685,-5.000000000003E-02,6.2));
#1429 = LINE('',#1430,#1431);
#1430 = CARTESIAN_POINT('',(-0.954433033685,-5.E-02,6.));
#1431 = VECTOR('',#1432,1.);
#1432 = DIRECTION('',(0.,0.,-1.));
#1433 = ORIENTED_EDGE('',*,*,#1434,.T.);
#1434 = EDGE_CURVE('',#1427,#1435,#1437,.T.);
#1435 = VERTEX_POINT('',#1436);
#1436 = CARTESIAN_POINT('',(1.2,-2.204433033685,6.2));
#1437 = CIRCLE('',#1438,2.205);
#1438 = AXIS2_PLACEMENT_3D('',#1439,#1440,#1441);
#1439 = CARTESIAN_POINT('',(1.25,0.,6.2));
#1440 = DIRECTION('',(0.,0.,1.));
#1441 = DIRECTION('',(-1.,1.224646799147E-16,0.));
#1442 = ORIENTED_EDGE('',*,*,#1443,.T.);
#1443 = EDGE_CURVE('',#1435,#1444,#1446,.T.);
#1444 = VERTEX_POINT('',#1445);
#1445 = CARTESIAN_POINT('',(1.2,-2.204433033685,6.1));
#1446 = LINE('',#1447,#1448);
#1447 = CARTESIAN_POINT('',(1.2,-2.204433033685,6.));
#1448 = VECTOR('',#1449,1.);
#1449 = DIRECTION('',(0.,0.,-1.));
#1450 = ORIENTED_EDGE('',*,*,#1451,.F.);
#1451 = EDGE_CURVE('',#1452,#1444,#1454,.T.);
#1452 = VERTEX_POINT('',#1453);
#1453 = CARTESIAN_POINT('',(1.3,-2.204433033685,6.1));
#1454 = CIRCLE('',#1455,2.205);
#1455 = AXIS2_PLACEMENT_3D('',#1456,#1457,#1458);
#1456 = CARTESIAN_POINT('',(1.25,0.,6.1));
#1457 = DIRECTION('',(0.,0.,-1.));
#1458 = DIRECTION('',(-1.,1.224646799147E-16,0.));
#1459 = ORIENTED_EDGE('',*,*,#1460,.F.);
#1460 = EDGE_CURVE('',#1461,#1452,#1463,.T.);
#1461 = VERTEX_POINT('',#1462);
#1462 = CARTESIAN_POINT('',(1.3,-2.204433033685,6.2));
#1463 = LINE('',#1464,#1465);
#1464 = CARTESIAN_POINT('',(1.3,-2.204433033685,6.));
#1465 = VECTOR('',#1466,1.);
#1466 = DIRECTION('',(0.,0.,-1.));
#1467 = ORIENTED_EDGE('',*,*,#1468,.T.);
#1468 = EDGE_CURVE('',#1461,#1341,#1469,.T.);
#1469 = CIRCLE('',#1470,2.205);
#1470 = AXIS2_PLACEMENT_3D('',#1471,#1472,#1473);
#1471 = CARTESIAN_POINT('',(1.25,0.,6.2));
#1472 = DIRECTION('',(0.,0.,1.));
#1473 = DIRECTION('',(-1.,1.224646799147E-16,0.));
#1474 = CYLINDRICAL_SURFACE('',#1475,2.205);
#1475 = AXIS2_PLACEMENT_3D('',#1476,#1477,#1478);
#1476 = CARTESIAN_POINT('',(1.25,0.,6.3));
#1477 = DIRECTION('',(0.,0.,-1.));
#1478 = DIRECTION('',(0.923879532511,-0.382683432365,0.));
#1479 = ADVANCED_FACE('',(#1480),#1526,.F.);
#1480 = FACE_BOUND('',#1481,.F.);
#1481 = EDGE_LOOP('',(#1482,#1483,#1484,#1485,#1494,#1502,#1511,#1519));
#1482 = ORIENTED_EDGE('',*,*,#1349,.F.);
#1483 = ORIENTED_EDGE('',*,*,#1324,.T.);
#1484 = ORIENTED_EDGE('',*,*,#1340,.T.);
#1485 = ORIENTED_EDGE('',*,*,#1486,.T.);
#1486 = EDGE_CURVE('',#1341,#1487,#1489,.T.);
#1487 = VERTEX_POINT('',#1488);
#1488 = CARTESIAN_POINT('',(3.454433033685,-5.000000000005E-02,6.2));
#1489 = CIRCLE('',#1490,2.205);
#1490 = AXIS2_PLACEMENT_3D('',#1491,#1492,#1493);
#1491 = CARTESIAN_POINT('',(1.25,0.,6.2));
#1492 = DIRECTION('',(0.,0.,1.));
#1493 = DIRECTION('',(-1.,1.224646799147E-16,0.));
#1494 = ORIENTED_EDGE('',*,*,#1495,.T.);
#1495 = EDGE_CURVE('',#1487,#1496,#1498,.T.);
#1496 = VERTEX_POINT('',#1497);
#1497 = CARTESIAN_POINT('',(3.454433033685,-5.E-02,6.1));
#1498 = LINE('',#1499,#1500);
#1499 = CARTESIAN_POINT('',(3.454433033685,-5.E-02,6.));
#1500 = VECTOR('',#1501,1.);
#1501 = DIRECTION('',(0.,0.,-1.));
#1502 = ORIENTED_EDGE('',*,*,#1503,.F.);
#1503 = EDGE_CURVE('',#1504,#1496,#1506,.T.);
#1504 = VERTEX_POINT('',#1505);
#1505 = CARTESIAN_POINT('',(3.454433033685,5.E-02,6.1));
#1506 = CIRCLE('',#1507,2.205);
#1507 = AXIS2_PLACEMENT_3D('',#1508,#1509,#1510);
#1508 = CARTESIAN_POINT('',(1.25,0.,6.1));
#1509 = DIRECTION('',(0.,0.,-1.));
#1510 = DIRECTION('',(-1.,1.224646799147E-16,0.));
#1511 = ORIENTED_EDGE('',*,*,#1512,.F.);
#1512 = EDGE_CURVE('',#1513,#1504,#1515,.T.);
#1513 = VERTEX_POINT('',#1514);
#1514 = CARTESIAN_POINT('',(3.454433033685,5.000000000005E-02,6.2));
#1515 = LINE('',#1516,#1517);
#1516 = CARTESIAN_POINT('',(3.454433033685,5.E-02,6.));
#1517 = VECTOR('',#1518,1.);
#1518 = DIRECTION('',(0.,0.,-1.));
#1519 = ORIENTED_EDGE('',*,*,#1520,.T.);
#1520 = EDGE_CURVE('',#1513,#1350,#1521,.T.);
#1521 = CIRCLE('',#1522,2.205);
#1522 = AXIS2_PLACEMENT_3D('',#1523,#1524,#1525);
#1523 = CARTESIAN_POINT('',(1.25,0.,6.2));
#1524 = DIRECTION('',(0.,0.,1.));
#1525 = DIRECTION('',(-1.,1.224646799147E-16,0.));
#1526 = CYLINDRICAL_SURFACE('',#1527,2.205);
#1527 = AXIS2_PLACEMENT_3D('',#1528,#1529,#1530);
#1528 = CARTESIAN_POINT('',(1.25,0.,6.3));
#1529 = DIRECTION('',(0.,0.,-1.));
#1530 = DIRECTION('',(0.923879532511,0.382683432365,0.));
#1531 = ADVANCED_FACE('',(#1532),#1550,.T.);
#1532 = FACE_BOUND('',#1533,.T.);
#1533 = EDGE_LOOP('',(#1534,#1542,#1543,#1544));
#1534 = ORIENTED_EDGE('',*,*,#1535,.F.);
#1535 = EDGE_CURVE('',#1461,#1536,#1538,.T.);
#1536 = VERTEX_POINT('',#1537);
#1537 = CARTESIAN_POINT('',(1.3,-5.E-02,6.2));
#1538 = LINE('',#1539,#1540);
#1539 = CARTESIAN_POINT('',(1.3,-6.35,6.2));
#1540 = VECTOR('',#1541,1.);
#1541 = DIRECTION('',(1.224646799147E-16,1.,0.));
#1542 = ORIENTED_EDGE('',*,*,#1468,.T.);
#1543 = ORIENTED_EDGE('',*,*,#1486,.T.);
#1544 = ORIENTED_EDGE('',*,*,#1545,.F.);
#1545 = EDGE_CURVE('',#1536,#1487,#1546,.T.);
#1546 = LINE('',#1547,#1548);
#1547 = CARTESIAN_POINT('',(1.3,-5.E-02,6.2));
#1548 = VECTOR('',#1549,1.);
#1549 = DIRECTION('',(1.,-1.224646799147E-16,0.));
#1550 = PLANE('',#1551);
#1551 = AXIS2_PLACEMENT_3D('',#1552,#1553,#1554);
#1552 = CARTESIAN_POINT('',(1.25,-1.425463059326E-16,6.2));
#1553 = DIRECTION('',(1.203998759507E-48,-1.2517178869E-32,1.));
#1554 = DIRECTION('',(-1.224646799147E-16,-1.,-1.2517178869E-32));
#1555 = ADVANCED_FACE('',(#1556),#1574,.F.);
#1556 = FACE_BOUND('',#1557,.F.);
#1557 = EDGE_LOOP('',(#1558,#1559,#1560,#1568));
#1558 = ORIENTED_EDGE('',*,*,#1535,.F.);
#1559 = ORIENTED_EDGE('',*,*,#1460,.T.);
#1560 = ORIENTED_EDGE('',*,*,#1561,.T.);
#1561 = EDGE_CURVE('',#1452,#1562,#1564,.T.);
#1562 = VERTEX_POINT('',#1563);
#1563 = CARTESIAN_POINT('',(1.3,-5.E-02,6.1));
#1564 = LINE('',#1565,#1566);
#1565 = CARTESIAN_POINT('',(1.3,-6.35,6.1));
#1566 = VECTOR('',#1567,1.);
#1567 = DIRECTION('',(1.224646799147E-16,1.,0.));
#1568 = ORIENTED_EDGE('',*,*,#1569,.F.);
#1569 = EDGE_CURVE('',#1536,#1562,#1570,.T.);
#1570 = LINE('',#1571,#1572);
#1571 = CARTESIAN_POINT('',(1.3,-5.E-02,6.2));
#1572 = VECTOR('',#1573,1.);
#1573 = DIRECTION('',(-1.203998759507E-48,1.2517178869E-32,-1.));
#1574 = PLANE('',#1575);
#1575 = AXIS2_PLACEMENT_3D('',#1576,#1577,#1578);
#1576 = CARTESIAN_POINT('',(1.3,-6.35,6.2));
#1577 = DIRECTION('',(1.,-1.224646799147E-16,-2.736911063134E-48));
#1578 = DIRECTION('',(1.224646799147E-16,1.,0.));
#1579 = ADVANCED_FACE('',(#1580),#1598,.T.);
#1580 = FACE_BOUND('',#1581,.T.);
#1581 = EDGE_LOOP('',(#1582,#1583,#1584,#1592));
#1582 = ORIENTED_EDGE('',*,*,#1520,.T.);
#1583 = ORIENTED_EDGE('',*,*,#1357,.T.);
#1584 = ORIENTED_EDGE('',*,*,#1585,.F.);
#1585 = EDGE_CURVE('',#1586,#1358,#1588,.T.);
#1586 = VERTEX_POINT('',#1587);
#1587 = CARTESIAN_POINT('',(1.3,5.E-02,6.2));
#1588 = LINE('',#1589,#1590);
#1589 = CARTESIAN_POINT('',(1.3,5.E-02,6.2));
#1590 = VECTOR('',#1591,1.);
#1591 = DIRECTION('',(1.224646799147E-16,1.,0.));
#1592 = ORIENTED_EDGE('',*,*,#1593,.F.);
#1593 = EDGE_CURVE('',#1513,#1586,#1594,.T.);
#1594 = LINE('',#1595,#1596);
#1595 = CARTESIAN_POINT('',(7.6,5.E-02,6.2));
#1596 = VECTOR('',#1597,1.);
#1597 = DIRECTION('',(-1.,1.224646799147E-16,0.));
#1598 = PLANE('',#1599);
#1599 = AXIS2_PLACEMENT_3D('',#1600,#1601,#1602);
#1600 = CARTESIAN_POINT('',(1.25,-1.425463059326E-16,6.2));
#1601 = DIRECTION('',(1.203998759507E-48,-1.2517178869E-32,1.));
#1602 = DIRECTION('',(-1.224646799147E-16,-1.,-1.2517178869E-32));
#1603 = ADVANCED_FACE('',(#1604),#1660,.T.);
#1604 = FACE_BOUND('',#1605,.T.);
#1605 = EDGE_LOOP('',(#1606,#1614,#1620,#1621,#1622,#1628,#1629,#1637,
    #1643,#1644,#1652,#1658,#1659));
#1606 = ORIENTED_EDGE('',*,*,#1607,.T.);
#1607 = EDGE_CURVE('',#1418,#1608,#1610,.T.);
#1608 = VERTEX_POINT('',#1609);
#1609 = CARTESIAN_POINT('',(1.2,-5.E-02,6.1));
#1610 = LINE('',#1611,#1612);
#1611 = CARTESIAN_POINT('',(-5.1,-5.E-02,6.1));
#1612 = VECTOR('',#1613,1.);
#1613 = DIRECTION('',(1.,-1.059435039531E-16,0.));
#1614 = ORIENTED_EDGE('',*,*,#1615,.T.);
#1615 = EDGE_CURVE('',#1608,#1444,#1616,.T.);
#1616 = LINE('',#1617,#1618);
#1617 = CARTESIAN_POINT('',(1.2,-5.E-02,6.1));
#1618 = VECTOR('',#1619,1.);
#1619 = DIRECTION('',(-1.224646799147E-16,-1.,0.));
#1620 = ORIENTED_EDGE('',*,*,#1451,.F.);
#1621 = ORIENTED_EDGE('',*,*,#1561,.T.);
#1622 = ORIENTED_EDGE('',*,*,#1623,.T.);
#1623 = EDGE_CURVE('',#1562,#1496,#1624,.T.);
#1624 = LINE('',#1625,#1626);
#1625 = CARTESIAN_POINT('',(1.3,-5.E-02,6.1));
#1626 = VECTOR('',#1627,1.);
#1627 = DIRECTION('',(1.,-1.224646799147E-16,0.));
#1628 = ORIENTED_EDGE('',*,*,#1503,.F.);
#1629 = ORIENTED_EDGE('',*,*,#1630,.T.);
#1630 = EDGE_CURVE('',#1504,#1631,#1633,.T.);
#1631 = VERTEX_POINT('',#1632);
#1632 = CARTESIAN_POINT('',(1.3,5.E-02,6.1));
#1633 = LINE('',#1634,#1635);
#1634 = CARTESIAN_POINT('',(7.6,5.E-02,6.1));
#1635 = VECTOR('',#1636,1.);
#1636 = DIRECTION('',(-1.,1.224646799147E-16,0.));
#1637 = ORIENTED_EDGE('',*,*,#1638,.T.);
#1638 = EDGE_CURVE('',#1631,#1367,#1639,.T.);
#1639 = LINE('',#1640,#1641);
#1640 = CARTESIAN_POINT('',(1.3,5.E-02,6.1));
#1641 = VECTOR('',#1642,1.);
#1642 = DIRECTION('',(1.224646799147E-16,1.,0.));
#1643 = ORIENTED_EDGE('',*,*,#1374,.F.);
#1644 = ORIENTED_EDGE('',*,*,#1645,.T.);
#1645 = EDGE_CURVE('',#1375,#1646,#1648,.T.);
#1646 = VERTEX_POINT('',#1647);
#1647 = CARTESIAN_POINT('',(1.2,5.E-02,6.1));
#1648 = LINE('',#1649,#1650);
#1649 = CARTESIAN_POINT('',(1.2,6.35,6.1));
#1650 = VECTOR('',#1651,1.);
#1651 = DIRECTION('',(-1.224646799147E-16,-1.,0.));
#1652 = ORIENTED_EDGE('',*,*,#1653,.T.);
#1653 = EDGE_CURVE('',#1646,#1401,#1654,.T.);
#1654 = LINE('',#1655,#1656);
#1655 = CARTESIAN_POINT('',(1.2,5.E-02,6.1));
#1656 = VECTOR('',#1657,1.);
#1657 = DIRECTION('',(-1.,1.224646799147E-16,0.));
#1658 = ORIENTED_EDGE('',*,*,#1408,.F.);
#1659 = ORIENTED_EDGE('',*,*,#1417,.F.);
#1660 = PLANE('',#1661);
#1661 = AXIS2_PLACEMENT_3D('',#1662,#1663,#1664);
#1662 = CARTESIAN_POINT('',(1.25,-2.622574073918E-17,6.1));
#1663 = DIRECTION('',(3.196558030834E-32,8.145581993865E-32,1.));
#1664 = DIRECTION('',(-1.224646799147E-16,-1.,8.145581993865E-32));
#1665 = ADVANCED_FACE('',(#1666),#1677,.F.);
#1666 = FACE_BOUND('',#1667,.F.);
#1667 = EDGE_LOOP('',(#1668,#1669,#1675,#1676));
#1668 = ORIENTED_EDGE('',*,*,#1585,.F.);
#1669 = ORIENTED_EDGE('',*,*,#1670,.T.);
#1670 = EDGE_CURVE('',#1586,#1631,#1671,.T.);
#1671 = LINE('',#1672,#1673);
#1672 = CARTESIAN_POINT('',(1.3,5.E-02,6.2));
#1673 = VECTOR('',#1674,1.);
#1674 = DIRECTION('',(-1.203998759507E-48,1.2517178869E-32,-1.));
#1675 = ORIENTED_EDGE('',*,*,#1638,.T.);
#1676 = ORIENTED_EDGE('',*,*,#1366,.F.);
#1677 = PLANE('',#1678);
#1678 = AXIS2_PLACEMENT_3D('',#1679,#1680,#1681);
#1679 = CARTESIAN_POINT('',(1.3,5.E-02,6.2));
#1680 = DIRECTION('',(1.,-1.224646799147E-16,-2.736911063134E-48));
#1681 = DIRECTION('',(1.224646799147E-16,1.,0.));
#1682 = ADVANCED_FACE('',(#1683),#1701,.F.);
#1683 = FACE_BOUND('',#1684,.F.);
#1684 = EDGE_LOOP('',(#1685,#1693,#1699,#1700));
#1685 = ORIENTED_EDGE('',*,*,#1686,.F.);
#1686 = EDGE_CURVE('',#1687,#1435,#1689,.T.);
#1687 = VERTEX_POINT('',#1688);
#1688 = CARTESIAN_POINT('',(1.2,-5.E-02,6.2));
#1689 = LINE('',#1690,#1691);
#1690 = CARTESIAN_POINT('',(1.2,-5.E-02,6.2));
#1691 = VECTOR('',#1692,1.);
#1692 = DIRECTION('',(-1.224646799147E-16,-1.,0.));
#1693 = ORIENTED_EDGE('',*,*,#1694,.T.);
#1694 = EDGE_CURVE('',#1687,#1608,#1695,.T.);
#1695 = LINE('',#1696,#1697);
#1696 = CARTESIAN_POINT('',(1.2,-5.E-02,6.2));
#1697 = VECTOR('',#1698,1.);
#1698 = DIRECTION('',(-1.203998759507E-48,1.2517178869E-32,-1.));
#1699 = ORIENTED_EDGE('',*,*,#1615,.T.);
#1700 = ORIENTED_EDGE('',*,*,#1443,.F.);
#1701 = PLANE('',#1702);
#1702 = AXIS2_PLACEMENT_3D('',#1703,#1704,#1705);
#1703 = CARTESIAN_POINT('',(1.2,-5.E-02,6.2));
#1704 = DIRECTION('',(-1.,1.224646799147E-16,2.736911063134E-48));
#1705 = DIRECTION('',(-1.224646799147E-16,-1.,0.));
#1706 = ADVANCED_FACE('',(#1707),#1717,.T.);
#1707 = FACE_BOUND('',#1708,.T.);
#1708 = EDGE_LOOP('',(#1709,#1715,#1716));
#1709 = ORIENTED_EDGE('',*,*,#1710,.F.);
#1710 = EDGE_CURVE('',#1427,#1687,#1711,.T.);
#1711 = LINE('',#1712,#1713);
#1712 = CARTESIAN_POINT('',(-5.1,-5.E-02,6.2));
#1713 = VECTOR('',#1714,1.);
#1714 = DIRECTION('',(1.,-1.059435039531E-16,0.));
#1715 = ORIENTED_EDGE('',*,*,#1434,.T.);
#1716 = ORIENTED_EDGE('',*,*,#1686,.F.);
#1717 = PLANE('',#1718);
#1718 = AXIS2_PLACEMENT_3D('',#1719,#1720,#1721);
#1719 = CARTESIAN_POINT('',(1.25,-1.425463059326E-16,6.2));
#1720 = DIRECTION('',(1.203998759507E-48,-1.2517178869E-32,1.));
#1721 = DIRECTION('',(-1.224646799147E-16,-1.,-1.2517178869E-32));
#1722 = ADVANCED_FACE('',(#1723),#1741,.F.);
#1723 = FACE_BOUND('',#1724,.F.);
#1724 = EDGE_LOOP('',(#1725,#1733,#1734,#1735));
#1725 = ORIENTED_EDGE('',*,*,#1726,.F.);
#1726 = EDGE_CURVE('',#1384,#1727,#1729,.T.);
#1727 = VERTEX_POINT('',#1728);
#1728 = CARTESIAN_POINT('',(1.2,5.E-02,6.2));
#1729 = LINE('',#1730,#1731);
#1730 = CARTESIAN_POINT('',(1.2,6.35,6.2));
#1731 = VECTOR('',#1732,1.);
#1732 = DIRECTION('',(-1.224646799147E-16,-1.,0.));
#1733 = ORIENTED_EDGE('',*,*,#1383,.T.);
#1734 = ORIENTED_EDGE('',*,*,#1645,.T.);
#1735 = ORIENTED_EDGE('',*,*,#1736,.F.);
#1736 = EDGE_CURVE('',#1727,#1646,#1737,.T.);
#1737 = LINE('',#1738,#1739);
#1738 = CARTESIAN_POINT('',(1.2,5.E-02,6.2));
#1739 = VECTOR('',#1740,1.);
#1740 = DIRECTION('',(-1.203998759507E-48,1.2517178869E-32,-1.));
#1741 = PLANE('',#1742);
#1742 = AXIS2_PLACEMENT_3D('',#1743,#1744,#1745);
#1743 = CARTESIAN_POINT('',(1.2,6.35,6.2));
#1744 = DIRECTION('',(-1.,1.224646799147E-16,2.736911063134E-48));
#1745 = DIRECTION('',(-1.224646799147E-16,-1.,0.));
#1746 = ADVANCED_FACE('',(#1747),#1753,.F.);
#1747 = FACE_BOUND('',#1748,.F.);
#1748 = EDGE_LOOP('',(#1749,#1750,#1751,#1752));
#1749 = ORIENTED_EDGE('',*,*,#1710,.F.);
#1750 = ORIENTED_EDGE('',*,*,#1426,.T.);
#1751 = ORIENTED_EDGE('',*,*,#1607,.T.);
#1752 = ORIENTED_EDGE('',*,*,#1694,.F.);
#1753 = PLANE('',#1754);
#1754 = AXIS2_PLACEMENT_3D('',#1755,#1756,#1757);
#1755 = CARTESIAN_POINT('',(-5.1,-5.E-02,6.2));
#1756 = DIRECTION('',(-1.059435039531E-16,-1.,-1.2517178869E-32));
#1757 = DIRECTION('',(1.,-1.059435039531E-16,0.));
#1758 = ADVANCED_FACE('',(#1759),#1769,.T.);
#1759 = FACE_BOUND('',#1760,.T.);
#1760 = EDGE_LOOP('',(#1761,#1762,#1768));
#1761 = ORIENTED_EDGE('',*,*,#1391,.T.);
#1762 = ORIENTED_EDGE('',*,*,#1763,.F.);
#1763 = EDGE_CURVE('',#1727,#1392,#1764,.T.);
#1764 = LINE('',#1765,#1766);
#1765 = CARTESIAN_POINT('',(1.2,5.E-02,6.2));
#1766 = VECTOR('',#1767,1.);
#1767 = DIRECTION('',(-1.,1.224646799147E-16,0.));
#1768 = ORIENTED_EDGE('',*,*,#1726,.F.);
#1769 = PLANE('',#1770);
#1770 = AXIS2_PLACEMENT_3D('',#1771,#1772,#1773);
#1771 = CARTESIAN_POINT('',(1.25,-1.425463059326E-16,6.2));
#1772 = DIRECTION('',(1.203998759507E-48,-1.2517178869E-32,1.));
#1773 = DIRECTION('',(-1.224646799147E-16,-1.,-1.2517178869E-32));
#1774 = ADVANCED_FACE('',(#1775),#1781,.F.);
#1775 = FACE_BOUND('',#1776,.F.);
#1776 = EDGE_LOOP('',(#1777,#1778,#1779,#1780));
#1777 = ORIENTED_EDGE('',*,*,#1763,.F.);
#1778 = ORIENTED_EDGE('',*,*,#1736,.T.);
#1779 = ORIENTED_EDGE('',*,*,#1653,.T.);
#1780 = ORIENTED_EDGE('',*,*,#1400,.F.);
#1781 = PLANE('',#1782);
#1782 = AXIS2_PLACEMENT_3D('',#1783,#1784,#1785);
#1783 = CARTESIAN_POINT('',(1.2,5.E-02,6.2));
#1784 = DIRECTION('',(1.224646799147E-16,1.,1.2517178869E-32));
#1785 = DIRECTION('',(-1.,1.224646799147E-16,0.));
#1786 = ADVANCED_FACE('',(#1787),#1793,.F.);
#1787 = FACE_BOUND('',#1788,.F.);
#1788 = EDGE_LOOP('',(#1789,#1790,#1791,#1792));
#1789 = ORIENTED_EDGE('',*,*,#1593,.F.);
#1790 = ORIENTED_EDGE('',*,*,#1512,.T.);
#1791 = ORIENTED_EDGE('',*,*,#1630,.T.);
#1792 = ORIENTED_EDGE('',*,*,#1670,.F.);
#1793 = PLANE('',#1794);
#1794 = AXIS2_PLACEMENT_3D('',#1795,#1796,#1797);
#1795 = CARTESIAN_POINT('',(7.6,5.E-02,6.2));
#1796 = DIRECTION('',(1.224646799147E-16,1.,1.2517178869E-32));
#1797 = DIRECTION('',(-1.,1.224646799147E-16,0.));
#1798 = ADVANCED_FACE('',(#1799),#1805,.F.);
#1799 = FACE_BOUND('',#1800,.F.);
#1800 = EDGE_LOOP('',(#1801,#1802,#1803,#1804));
#1801 = ORIENTED_EDGE('',*,*,#1545,.F.);
#1802 = ORIENTED_EDGE('',*,*,#1569,.T.);
#1803 = ORIENTED_EDGE('',*,*,#1623,.T.);
#1804 = ORIENTED_EDGE('',*,*,#1495,.F.);
#1805 = PLANE('',#1806);
#1806 = AXIS2_PLACEMENT_3D('',#1807,#1808,#1809);
#1807 = CARTESIAN_POINT('',(1.3,-5.E-02,6.2));
#1808 = DIRECTION('',(-1.224646799147E-16,-1.,-1.2517178869E-32));
#1809 = DIRECTION('',(1.,-1.224646799147E-16,0.));
#1810 = ORIENTED_CLOSED_SHELL('',*,#1811,.F.);
#1811 = CLOSED_SHELL('',(#1812,#1845,#1877,#1894,#1921));
#1812 = ADVANCED_FACE('',(#1813),#1840,.T.);
#1813 = FACE_BOUND('',#1814,.T.);
#1814 = EDGE_LOOP('',(#1815,#1826,#1834));
#1815 = ORIENTED_EDGE('',*,*,#1816,.T.);
#1816 = EDGE_CURVE('',#1817,#1819,#1821,.T.);
#1817 = VERTEX_POINT('',#1818);
#1818 = CARTESIAN_POINT('',(3.287154369187,0.843816968365,5.9));
#1819 = VERTEX_POINT('',#1820);
#1820 = CARTESIAN_POINT('',(3.287154369187,-0.843816968365,5.9));
#1821 = CIRCLE('',#1822,2.205);
#1822 = AXIS2_PLACEMENT_3D('',#1823,#1824,#1825);
#1823 = CARTESIAN_POINT('',(1.25,0.,5.9));
#1824 = DIRECTION('',(0.,0.,-1.));
#1825 = DIRECTION('',(0.923879532511,0.382683432365,0.));
#1826 = ORIENTED_EDGE('',*,*,#1827,.T.);
#1827 = EDGE_CURVE('',#1819,#1828,#1830,.T.);
#1828 = VERTEX_POINT('',#1829);
#1829 = CARTESIAN_POINT('',(1.25,0.,5.9));
#1830 = LINE('',#1831,#1832);
#1831 = CARTESIAN_POINT('',(3.287154369187,-0.843816968365,5.9));
#1832 = VECTOR('',#1833,1.);
#1833 = DIRECTION('',(-0.923879532511,0.382683432365,0.));
#1834 = ORIENTED_EDGE('',*,*,#1835,.F.);
#1835 = EDGE_CURVE('',#1817,#1828,#1836,.T.);
#1836 = LINE('',#1837,#1838);
#1837 = CARTESIAN_POINT('',(3.287154369187,0.843816968365,5.9));
#1838 = VECTOR('',#1839,1.);
#1839 = DIRECTION('',(-0.923879532511,-0.382683432365,0.));
#1840 = PLANE('',#1841);
#1841 = AXIS2_PLACEMENT_3D('',#1842,#1843,#1844);
#1842 = CARTESIAN_POINT('',(1.25,0.,5.9));
#1843 = DIRECTION('',(0.,0.,-1.));
#1844 = DIRECTION('',(0.923879532511,0.382683432365,0.));
#1845 = ADVANCED_FACE('',(#1846),#1872,.T.);
#1846 = FACE_BOUND('',#1847,.T.);
#1847 = EDGE_LOOP('',(#1848,#1856,#1865,#1871));
#1848 = ORIENTED_EDGE('',*,*,#1849,.F.);
#1849 = EDGE_CURVE('',#1850,#1817,#1852,.T.);
#1850 = VERTEX_POINT('',#1851);
#1851 = CARTESIAN_POINT('',(3.287154369187,0.843816968365,6.));
#1852 = LINE('',#1853,#1854);
#1853 = CARTESIAN_POINT('',(3.287154369187,0.843816968365,6.3));
#1854 = VECTOR('',#1855,1.);
#1855 = DIRECTION('',(0.,0.,-1.));
#1856 = ORIENTED_EDGE('',*,*,#1857,.F.);
#1857 = EDGE_CURVE('',#1858,#1850,#1860,.T.);
#1858 = VERTEX_POINT('',#1859);
#1859 = CARTESIAN_POINT('',(3.287154369187,-0.843816968365,6.));
#1860 = CIRCLE('',#1861,2.205);
#1861 = AXIS2_PLACEMENT_3D('',#1862,#1863,#1864);
#1862 = CARTESIAN_POINT('',(1.25,0.,6.));
#1863 = DIRECTION('',(0.,0.,1.));
#1864 = DIRECTION('',(-1.,1.224646799147E-16,0.));
#1865 = ORIENTED_EDGE('',*,*,#1866,.T.);
#1866 = EDGE_CURVE('',#1858,#1819,#1867,.T.);
#1867 = LINE('',#1868,#1869);
#1868 = CARTESIAN_POINT('',(3.287154369187,-0.843816968365,6.3));
#1869 = VECTOR('',#1870,1.);
#1870 = DIRECTION('',(0.,0.,-1.));
#1871 = ORIENTED_EDGE('',*,*,#1816,.F.);
#1872 = CYLINDRICAL_SURFACE('',#1873,2.205);
#1873 = AXIS2_PLACEMENT_3D('',#1874,#1875,#1876);
#1874 = CARTESIAN_POINT('',(1.25,0.,6.3));
#1875 = DIRECTION('',(0.,0.,-1.));
#1876 = DIRECTION('',(0.923879532511,0.382683432365,0.));
#1877 = ADVANCED_FACE('',(#1878),#1889,.T.);
#1878 = FACE_BOUND('',#1879,.T.);
#1879 = EDGE_LOOP('',(#1880,#1887,#1888));
#1880 = ORIENTED_EDGE('',*,*,#1881,.T.);
#1881 = EDGE_CURVE('',#1819,#1817,#1882,.T.);
#1882 = CIRCLE('',#1883,2.205);
#1883 = AXIS2_PLACEMENT_3D('',#1884,#1885,#1886);
#1884 = CARTESIAN_POINT('',(1.25,0.,5.9));
#1885 = DIRECTION('',(0.,-0.,-1.));
#1886 = DIRECTION('',(0.923879532511,-0.382683432365,0.));
#1887 = ORIENTED_EDGE('',*,*,#1835,.T.);
#1888 = ORIENTED_EDGE('',*,*,#1827,.F.);
#1889 = PLANE('',#1890);
#1890 = AXIS2_PLACEMENT_3D('',#1891,#1892,#1893);
#1891 = CARTESIAN_POINT('',(1.25,0.,5.9));
#1892 = DIRECTION('',(0.,0.,-1.));
#1893 = DIRECTION('',(0.923879532511,-0.382683432365,0.));
#1894 = ADVANCED_FACE('',(#1895),#1916,.T.);
#1895 = FACE_BOUND('',#1896,.T.);
#1896 = EDGE_LOOP('',(#1897,#1898,#1907,#1914,#1915));
#1897 = ORIENTED_EDGE('',*,*,#1866,.F.);
#1898 = ORIENTED_EDGE('',*,*,#1899,.F.);
#1899 = EDGE_CURVE('',#1900,#1858,#1902,.T.);
#1900 = VERTEX_POINT('',#1901);
#1901 = CARTESIAN_POINT('',(-0.955,2.70034619212E-16,6.));
#1902 = CIRCLE('',#1903,2.205);
#1903 = AXIS2_PLACEMENT_3D('',#1904,#1905,#1906);
#1904 = CARTESIAN_POINT('',(1.25,0.,6.));
#1905 = DIRECTION('',(0.,0.,1.));
#1906 = DIRECTION('',(-1.,1.224646799147E-16,0.));
#1907 = ORIENTED_EDGE('',*,*,#1908,.F.);
#1908 = EDGE_CURVE('',#1850,#1900,#1909,.T.);
#1909 = CIRCLE('',#1910,2.205);
#1910 = AXIS2_PLACEMENT_3D('',#1911,#1912,#1913);
#1911 = CARTESIAN_POINT('',(1.25,0.,6.));
#1912 = DIRECTION('',(0.,0.,1.));
#1913 = DIRECTION('',(-1.,1.224646799147E-16,0.));
#1914 = ORIENTED_EDGE('',*,*,#1849,.T.);
#1915 = ORIENTED_EDGE('',*,*,#1881,.F.);
#1916 = CYLINDRICAL_SURFACE('',#1917,2.205);
#1917 = AXIS2_PLACEMENT_3D('',#1918,#1919,#1920);
#1918 = CARTESIAN_POINT('',(1.25,0.,6.3));
#1919 = DIRECTION('',(0.,0.,-1.));
#1920 = DIRECTION('',(0.923879532511,-0.382683432365,0.));
#1921 = ADVANCED_FACE('',(#1922),#1927,.T.);
#1922 = FACE_BOUND('',#1923,.T.);
#1923 = EDGE_LOOP('',(#1924,#1925,#1926));
#1924 = ORIENTED_EDGE('',*,*,#1899,.T.);
#1925 = ORIENTED_EDGE('',*,*,#1857,.T.);
#1926 = ORIENTED_EDGE('',*,*,#1908,.T.);
#1927 = PLANE('',#1928);
#1928 = AXIS2_PLACEMENT_3D('',#1929,#1930,#1931);
#1929 = CARTESIAN_POINT('',(1.25,-1.425463059326E-16,6.));
#1930 = DIRECTION('',(1.203998759507E-48,-1.2517178869E-32,1.));
#1931 = DIRECTION('',(-1.224646799147E-16,-1.,-1.2517178869E-32));
#1932 = ( GEOMETRIC_REPRESENTATION_CONTEXT(3) 
GLOBAL_UNCERTAINTY_ASSIGNED_CONTEXT((#1936)) 
GLOBAL_UNIT_ASSIGNED_CONTEXT((#1933,#1934,#1935)) REPRESENTATION_CONTEXT
('Context #1','3D Context with UNIT and UNCERTAINTY') );
#1933 = ( LENGTH_UNIT() NAMED_UNIT(*) SI_UNIT(.MILLI.,.METRE.) );
#1934 = ( NAMED_UNIT(*) PLANE_ANGLE_UNIT() SI_UNIT($,.RADIAN.) );
#1935 = ( NAMED_UNIT(*) SI_UNIT($,.STERADIAN.) SOLID_ANGLE_UNIT() );
#1936 = UNCERTAINTY_MEASURE_WITH_UNIT(LENGTH_MEASURE(1.E-06),#1933,
  'distance_accuracy_value','confusion accuracy');
#1937 = CONTEXT_DEPENDENT_SHAPE_REPRESENTATION(#1938,#1940);
#1938 = ( REPRESENTATION_RELATIONSHIP('','',#107,#84) 
REPRESENTATION_RELATIONSHIP_WITH_TRANSFORMATION(#1939) 
SHAPE_REPRESENTATION_RELATIONSHIP() );
#1939 = ITEM_DEFINED_TRANSFORMATION('','',#11,#85);
#1940 = PRODUCT_DEFINITION_SHAPE('Placement','Placement of an item',
  #1941);
#1941 = NEXT_ASSEMBLY_USAGE_OCCURRENCE('1','=>[0:1:1:3]','',#79,#102,$);
#1942 = PRODUCT_RELATED_PRODUCT_CATEGORY('part',$,(#104));
#1943 = CONTEXT_DEPENDENT_SHAPE_REPRESENTATION(#1944,#1946);
#1944 = ( REPRESENTATION_RELATIONSHIP('','',#84,#10) 
REPRESENTATION_RELATIONSHIP_WITH_TRANSFORMATION(#1945) 
SHAPE_REPRESENTATION_RELATIONSHIP() );
#1945 = ITEM_DEFINED_TRANSFORMATION('','',#11,#19);
#1946 = PRODUCT_DEFINITION_SHAPE('Placement','Placement of an item',
  #1947);
#1947 = NEXT_ASSEMBLY_USAGE_OCCURRENCE('3','C5','',#5,#79,$);
#1948 = SHAPE_DEFINITION_REPRESENTATION(#1949,#1955);
#1949 = PRODUCT_DEFINITION_SHAPE('','',#1950);
#1950 = PRODUCT_DEFINITION('design','',#1951,#1954);
#1951 = PRODUCT_DEFINITION_FORMATION('','',#1952);
#1952 = PRODUCT('PinHeader_1x02_P2.54mm_Vertical',
  'PinHeader_1x02_P2.54mm_Vertical','',(#1953));
#1953 = PRODUCT_CONTEXT('',#2,'mechanical');
#1954 = PRODUCT_DEFINITION_CONTEXT('part definition',#2,'design');
#1955 = SHAPE_REPRESENTATION('',(#11,#1956),#1960);
#1956 = AXIS2_PLACEMENT_3D('',#1957,#1958,#1959);
#1957 = CARTESIAN_POINT('',(0.,0.,0.));
#1958 = DIRECTION('',(0.,0.,1.));
#1959 = DIRECTION('',(1.,0.,-0.));
#1960 = ( GEOMETRIC_REPRESENTATION_CONTEXT(3) 
GLOBAL_UNCERTAINTY_ASSIGNED_CONTEXT((#1964)) 
GLOBAL_UNIT_ASSIGNED_CONTEXT((#1961,#1962,#1963)) REPRESENTATION_CONTEXT
('Context #1','3D Context with UNIT and UNCERTAINTY') );
#1961 = ( LENGTH_UNIT() NAMED_UNIT(*) SI_UNIT(.MILLI.,.METRE.) );
#1962 = ( NAMED_UNIT(*) PLANE_ANGLE_UNIT() SI_UNIT($,.RADIAN.) );
#1963 = ( NAMED_UNIT(*) SI_UNIT($,.STERADIAN.) SOLID_ANGLE_UNIT() );
#1964 = UNCERTAINTY_MEASURE_WITH_UNIT(LENGTH_MEASURE(1.E-07),#1961,
  'distance_accuracy_value','confusion accuracy');
#1965 = CONTEXT_DEPENDENT_SHAPE_REPRESENTATION(#1966,#1968);
#1966 = ( REPRESENTATION_RELATIONSHIP('','',#1955,#10) 
REPRESENTATION_RELATIONSHIP_WITH_TRANSFORMATION(#1967) 
SHAPE_REPRESENTATION_RELATIONSHIP() );
#1967 = ITEM_DEFINED_TRANSFORMATION('','',#11,#23);
#1968 = PRODUCT_DEFINITION_SHAPE('Placement','Placement of an item',
  #1969);
#1969 = NEXT_ASSEMBLY_USAGE_OCCURRENCE('5','J1','',#5,#1950,$);
#1970 = PRODUCT_RELATED_PRODUCT_CATEGORY('part',$,(#1952));
#1971 = SHAPE_DEFINITION_REPRESENTATION(#1972,#1978);
#1972 = PRODUCT_DEFINITION_SHAPE('','',#1973);
#1973 = PRODUCT_DEFINITION('design','',#1974,#1977);
#1974 = PRODUCT_DEFINITION_FORMATION('','',#1975);
#1975 = PRODUCT('PinHeader_1x02_P254mm_Vertical',
  'PinHeader_1x02_P254mm_Vertical','',(#1976));
#1976 = PRODUCT_CONTEXT('',#2,'mechanical');
#1977 = PRODUCT_DEFINITION_CONTEXT('part definition',#2,'design');
#1978 = ADVANCED_BREP_SHAPE_REPRESENTATION('',(#11,#1979),#3411);
#1979 = MANIFOLD_SOLID_BREP('',#1980);
#1980 = CLOSED_SHELL('',(#1981,#2021,#2052,#2083,#2248,#2413,#2430,#2447
    ,#2464,#2481,#2498,#2515,#2532,#2549,#2566,#2583,#2595,#2626,#2650,
    #2674,#2691,#2722,#2746,#2770,#2787,#2818,#2842,#2866,#2883,#2914,
    #2938,#2962,#2979,#3010,#3034,#3058,#3075,#3106,#3130,#3154,#3171,
    #3202,#3226,#3250,#3267,#3298,#3322,#3346,#3363,#3375,#3387,#3399));
#1981 = ADVANCED_FACE('',(#1982),#2016,.F.);
#1982 = FACE_BOUND('',#1983,.F.);
#1983 = EDGE_LOOP('',(#1984,#1994,#2002,#2010));
#1984 = ORIENTED_EDGE('',*,*,#1985,.T.);
#1985 = EDGE_CURVE('',#1986,#1988,#1990,.T.);
#1986 = VERTEX_POINT('',#1987);
#1987 = CARTESIAN_POINT('',(-1.016,1.27,0.));
#1988 = VERTEX_POINT('',#1989);
#1989 = CARTESIAN_POINT('',(-1.016,1.27,2.54));
#1990 = LINE('',#1991,#1992);
#1991 = CARTESIAN_POINT('',(-1.016,1.27,0.));
#1992 = VECTOR('',#1993,1.);
#1993 = DIRECTION('',(0.,0.,1.));
#1994 = ORIENTED_EDGE('',*,*,#1995,.T.);
#1995 = EDGE_CURVE('',#1988,#1996,#1998,.T.);
#1996 = VERTEX_POINT('',#1997);
#1997 = CARTESIAN_POINT('',(-1.27,1.016,2.54));
#1998 = LINE('',#1999,#2000);
#1999 = CARTESIAN_POINT('',(-1.016,1.27,2.54));
#2000 = VECTOR('',#2001,1.);
#2001 = DIRECTION('',(-0.707106781187,-0.707106781187,0.));
#2002 = ORIENTED_EDGE('',*,*,#2003,.F.);
#2003 = EDGE_CURVE('',#2004,#1996,#2006,.T.);
#2004 = VERTEX_POINT('',#2005);
#2005 = CARTESIAN_POINT('',(-1.27,1.016,0.));
#2006 = LINE('',#2007,#2008);
#2007 = CARTESIAN_POINT('',(-1.27,1.016,0.));
#2008 = VECTOR('',#2009,1.);
#2009 = DIRECTION('',(0.,0.,1.));
#2010 = ORIENTED_EDGE('',*,*,#2011,.F.);
#2011 = EDGE_CURVE('',#1986,#2004,#2012,.T.);
#2012 = LINE('',#2013,#2014);
#2013 = CARTESIAN_POINT('',(-1.016,1.27,0.));
#2014 = VECTOR('',#2015,1.);
#2015 = DIRECTION('',(-0.707106781187,-0.707106781187,0.));
#2016 = PLANE('',#2017);
#2017 = AXIS2_PLACEMENT_3D('',#2018,#2019,#2020);
#2018 = CARTESIAN_POINT('',(-1.016,1.27,0.));
#2019 = DIRECTION('',(0.707106781187,-0.707106781187,0.));
#2020 = DIRECTION('',(-0.707106781187,-0.707106781187,0.));
#2021 = ADVANCED_FACE('',(#2022),#2047,.F.);
#2022 = FACE_BOUND('',#2023,.F.);
#2023 = EDGE_LOOP('',(#2024,#2034,#2040,#2041));
#2024 = ORIENTED_EDGE('',*,*,#2025,.T.);
#2025 = EDGE_CURVE('',#2026,#2028,#2030,.T.);
#2026 = VERTEX_POINT('',#2027);
#2027 = CARTESIAN_POINT('',(1.016,1.27,0.));
#2028 = VERTEX_POINT('',#2029);
#2029 = CARTESIAN_POINT('',(1.016,1.27,2.54));
#2030 = LINE('',#2031,#2032);
#2031 = CARTESIAN_POINT('',(1.016,1.27,0.));
#2032 = VECTOR('',#2033,1.);
#2033 = DIRECTION('',(0.,0.,1.));
#2034 = ORIENTED_EDGE('',*,*,#2035,.T.);
#2035 = EDGE_CURVE('',#2028,#1988,#2036,.T.);
#2036 = LINE('',#2037,#2038);
#2037 = CARTESIAN_POINT('',(1.016,1.27,2.54));
#2038 = VECTOR('',#2039,1.);
#2039 = DIRECTION('',(-1.,0.,0.));
#2040 = ORIENTED_EDGE('',*,*,#1985,.F.);
#2041 = ORIENTED_EDGE('',*,*,#2042,.F.);
#2042 = EDGE_CURVE('',#2026,#1986,#2043,.T.);
#2043 = LINE('',#2044,#2045);
#2044 = CARTESIAN_POINT('',(1.016,1.27,0.));
#2045 = VECTOR('',#2046,1.);
#2046 = DIRECTION('',(-1.,0.,0.));
#2047 = PLANE('',#2048);
#2048 = AXIS2_PLACEMENT_3D('',#2049,#2050,#2051);
#2049 = CARTESIAN_POINT('',(1.016,1.27,0.));
#2050 = DIRECTION('',(0.,-1.,0.));
#2051 = DIRECTION('',(-1.,0.,0.));
#2052 = ADVANCED_FACE('',(#2053),#2078,.F.);
#2053 = FACE_BOUND('',#2054,.F.);
#2054 = EDGE_LOOP('',(#2055,#2056,#2064,#2072));
#2055 = ORIENTED_EDGE('',*,*,#2003,.T.);
#2056 = ORIENTED_EDGE('',*,*,#2057,.T.);
#2057 = EDGE_CURVE('',#1996,#2058,#2060,.T.);
#2058 = VERTEX_POINT('',#2059);
#2059 = CARTESIAN_POINT('',(-1.27,-1.016,2.54));
#2060 = LINE('',#2061,#2062);
#2061 = CARTESIAN_POINT('',(-1.27,1.016,2.54));
#2062 = VECTOR('',#2063,1.);
#2063 = DIRECTION('',(0.,-1.,0.));
#2064 = ORIENTED_EDGE('',*,*,#2065,.F.);
#2065 = EDGE_CURVE('',#2066,#2058,#2068,.T.);
#2066 = VERTEX_POINT('',#2067);
#2067 = CARTESIAN_POINT('',(-1.27,-1.016,0.));
#2068 = LINE('',#2069,#2070);
#2069 = CARTESIAN_POINT('',(-1.27,-1.016,0.));
#2070 = VECTOR('',#2071,1.);
#2071 = DIRECTION('',(0.,0.,1.));
#2072 = ORIENTED_EDGE('',*,*,#2073,.F.);
#2073 = EDGE_CURVE('',#2004,#2066,#2074,.T.);
#2074 = LINE('',#2075,#2076);
#2075 = CARTESIAN_POINT('',(-1.27,1.016,0.));
#2076 = VECTOR('',#2077,1.);
#2077 = DIRECTION('',(0.,-1.,0.));
#2078 = PLANE('',#2079);
#2079 = AXIS2_PLACEMENT_3D('',#2080,#2081,#2082);
#2080 = CARTESIAN_POINT('',(-1.27,1.016,0.));
#2081 = DIRECTION('',(1.,0.,0.));
#2082 = DIRECTION('',(0.,-1.,0.));
#2083 = ADVANCED_FACE('',(#2084,#2175,#2209),#2243,.F.);
#2084 = FACE_BOUND('',#2085,.F.);
#2085 = EDGE_LOOP('',(#2086,#2087,#2088,#2096,#2104,#2112,#2120,#2128,
    #2136,#2144,#2152,#2160,#2168,#2174));
#2086 = ORIENTED_EDGE('',*,*,#2011,.T.);
#2087 = ORIENTED_EDGE('',*,*,#2073,.T.);
#2088 = ORIENTED_EDGE('',*,*,#2089,.T.);
#2089 = EDGE_CURVE('',#2066,#2090,#2092,.T.);
#2090 = VERTEX_POINT('',#2091);
#2091 = CARTESIAN_POINT('',(-1.016,-1.27,0.));
#2092 = LINE('',#2093,#2094);
#2093 = CARTESIAN_POINT('',(-1.27,-1.016,0.));
#2094 = VECTOR('',#2095,1.);
#2095 = DIRECTION('',(0.707106781187,-0.707106781187,0.));
#2096 = ORIENTED_EDGE('',*,*,#2097,.T.);
#2097 = EDGE_CURVE('',#2090,#2098,#2100,.T.);
#2098 = VERTEX_POINT('',#2099);
#2099 = CARTESIAN_POINT('',(-1.27,-1.524,0.));
#2100 = LINE('',#2101,#2102);
#2101 = CARTESIAN_POINT('',(-1.016,-1.27,0.));
#2102 = VECTOR('',#2103,1.);
#2103 = DIRECTION('',(-0.707106781187,-0.707106781187,0.));
#2104 = ORIENTED_EDGE('',*,*,#2105,.T.);
#2105 = EDGE_CURVE('',#2098,#2106,#2108,.T.);
#2106 = VERTEX_POINT('',#2107);
#2107 = CARTESIAN_POINT('',(-1.27,-3.556,0.));
#2108 = LINE('',#2109,#2110);
#2109 = CARTESIAN_POINT('',(-1.27,-1.524,0.));
#2110 = VECTOR('',#2111,1.);
#2111 = DIRECTION('',(0.,-1.,0.));
#2112 = ORIENTED_EDGE('',*,*,#2113,.T.);
#2113 = EDGE_CURVE('',#2106,#2114,#2116,.T.);
#2114 = VERTEX_POINT('',#2115);
#2115 = CARTESIAN_POINT('',(-1.016,-3.81,0.));
#2116 = LINE('',#2117,#2118);
#2117 = CARTESIAN_POINT('',(-1.27,-3.556,0.));
#2118 = VECTOR('',#2119,1.);
#2119 = DIRECTION('',(0.707106781187,-0.707106781187,0.));
#2120 = ORIENTED_EDGE('',*,*,#2121,.T.);
#2121 = EDGE_CURVE('',#2114,#2122,#2124,.T.);
#2122 = VERTEX_POINT('',#2123);
#2123 = CARTESIAN_POINT('',(1.016,-3.81,0.));
#2124 = LINE('',#2125,#2126);
#2125 = CARTESIAN_POINT('',(-1.016,-3.81,0.));
#2126 = VECTOR('',#2127,1.);
#2127 = DIRECTION('',(1.,0.,0.));
#2128 = ORIENTED_EDGE('',*,*,#2129,.T.);
#2129 = EDGE_CURVE('',#2122,#2130,#2132,.T.);
#2130 = VERTEX_POINT('',#2131);
#2131 = CARTESIAN_POINT('',(1.27,-3.556,0.));
#2132 = LINE('',#2133,#2134);
#2133 = CARTESIAN_POINT('',(1.016,-3.81,0.));
#2134 = VECTOR('',#2135,1.);
#2135 = DIRECTION('',(0.707106781187,0.707106781187,0.));
#2136 = ORIENTED_EDGE('',*,*,#2137,.T.);
#2137 = EDGE_CURVE('',#2130,#2138,#2140,.T.);
#2138 = VERTEX_POINT('',#2139);
#2139 = CARTESIAN_POINT('',(1.27,-1.524,0.));
#2140 = LINE('',#2141,#2142);
#2141 = CARTESIAN_POINT('',(1.27,-3.556,0.));
#2142 = VECTOR('',#2143,1.);
#2143 = DIRECTION('',(0.,1.,0.));
#2144 = ORIENTED_EDGE('',*,*,#2145,.T.);
#2145 = EDGE_CURVE('',#2138,#2146,#2148,.T.);
#2146 = VERTEX_POINT('',#2147);
#2147 = CARTESIAN_POINT('',(1.016,-1.27,0.));
#2148 = LINE('',#2149,#2150);
#2149 = CARTESIAN_POINT('',(1.27,-1.524,0.));
#2150 = VECTOR('',#2151,1.);
#2151 = DIRECTION('',(-0.707106781187,0.707106781187,0.));
#2152 = ORIENTED_EDGE('',*,*,#2153,.T.);
#2153 = EDGE_CURVE('',#2146,#2154,#2156,.T.);
#2154 = VERTEX_POINT('',#2155);
#2155 = CARTESIAN_POINT('',(1.27,-1.016,0.));
#2156 = LINE('',#2157,#2158);
#2157 = CARTESIAN_POINT('',(1.016,-1.27,0.));
#2158 = VECTOR('',#2159,1.);
#2159 = DIRECTION('',(0.707106781187,0.707106781187,0.));
#2160 = ORIENTED_EDGE('',*,*,#2161,.T.);
#2161 = EDGE_CURVE('',#2154,#2162,#2164,.T.);
#2162 = VERTEX_POINT('',#2163);
#2163 = CARTESIAN_POINT('',(1.27,1.016,0.));
#2164 = LINE('',#2165,#2166);
#2165 = CARTESIAN_POINT('',(1.27,-1.016,0.));
#2166 = VECTOR('',#2167,1.);
#2167 = DIRECTION('',(0.,1.,0.));
#2168 = ORIENTED_EDGE('',*,*,#2169,.T.);
#2169 = EDGE_CURVE('',#2162,#2026,#2170,.T.);
#2170 = LINE('',#2171,#2172);
#2171 = CARTESIAN_POINT('',(1.27,1.016,0.));
#2172 = VECTOR('',#2173,1.);
#2173 = DIRECTION('',(-0.707106781187,0.707106781187,0.));
#2174 = ORIENTED_EDGE('',*,*,#2042,.T.);
#2175 = FACE_BOUND('',#2176,.F.);
#2176 = EDGE_LOOP('',(#2177,#2187,#2195,#2203));
#2177 = ORIENTED_EDGE('',*,*,#2178,.T.);
#2178 = EDGE_CURVE('',#2179,#2181,#2183,.T.);
#2179 = VERTEX_POINT('',#2180);
#2180 = CARTESIAN_POINT('',(0.32,-0.32,0.));
#2181 = VERTEX_POINT('',#2182);
#2182 = CARTESIAN_POINT('',(-0.32,-0.32,0.));
#2183 = LINE('',#2184,#2185);
#2184 = CARTESIAN_POINT('',(-0.16,-0.32,0.));
#2185 = VECTOR('',#2186,1.);
#2186 = DIRECTION('',(-1.,0.,0.));
#2187 = ORIENTED_EDGE('',*,*,#2188,.T.);
#2188 = EDGE_CURVE('',#2181,#2189,#2191,.T.);
#2189 = VERTEX_POINT('',#2190);
#2190 = CARTESIAN_POINT('',(-0.32,0.32,0.));
#2191 = LINE('',#2192,#2193);
#2192 = CARTESIAN_POINT('',(-0.32,-0.795,0.));
#2193 = VECTOR('',#2194,1.);
#2194 = DIRECTION('',(0.,1.,0.));
#2195 = ORIENTED_EDGE('',*,*,#2196,.F.);
#2196 = EDGE_CURVE('',#2197,#2189,#2199,.T.);
#2197 = VERTEX_POINT('',#2198);
#2198 = CARTESIAN_POINT('',(0.32,0.32,0.));
#2199 = LINE('',#2200,#2201);
#2200 = CARTESIAN_POINT('',(-0.16,0.32,0.));
#2201 = VECTOR('',#2202,1.);
#2202 = DIRECTION('',(-1.,0.,0.));
#2203 = ORIENTED_EDGE('',*,*,#2204,.F.);
#2204 = EDGE_CURVE('',#2179,#2197,#2205,.T.);
#2205 = LINE('',#2206,#2207);
#2206 = CARTESIAN_POINT('',(0.32,-0.795,0.));
#2207 = VECTOR('',#2208,1.);
#2208 = DIRECTION('',(0.,1.,0.));
#2209 = FACE_BOUND('',#2210,.F.);
#2210 = EDGE_LOOP('',(#2211,#2221,#2229,#2237));
#2211 = ORIENTED_EDGE('',*,*,#2212,.T.);
#2212 = EDGE_CURVE('',#2213,#2215,#2217,.T.);
#2213 = VERTEX_POINT('',#2214);
#2214 = CARTESIAN_POINT('',(0.32,-2.86,0.));
#2215 = VERTEX_POINT('',#2216);
#2216 = CARTESIAN_POINT('',(-0.32,-2.86,0.));
#2217 = LINE('',#2218,#2219);
#2218 = CARTESIAN_POINT('',(-0.16,-2.86,0.));
#2219 = VECTOR('',#2220,1.);
#2220 = DIRECTION('',(-1.,0.,0.));
#2221 = ORIENTED_EDGE('',*,*,#2222,.T.);
#2222 = EDGE_CURVE('',#2215,#2223,#2225,.T.);
#2223 = VERTEX_POINT('',#2224);
#2224 = CARTESIAN_POINT('',(-0.32,-2.22,0.));
#2225 = LINE('',#2226,#2227);
#2226 = CARTESIAN_POINT('',(-0.32,-2.065,0.));
#2227 = VECTOR('',#2228,1.);
#2228 = DIRECTION('',(0.,1.,0.));
#2229 = ORIENTED_EDGE('',*,*,#2230,.F.);
#2230 = EDGE_CURVE('',#2231,#2223,#2233,.T.);
#2231 = VERTEX_POINT('',#2232);
#2232 = CARTESIAN_POINT('',(0.32,-2.22,0.));
#2233 = LINE('',#2234,#2235);
#2234 = CARTESIAN_POINT('',(-0.16,-2.22,0.));
#2235 = VECTOR('',#2236,1.);
#2236 = DIRECTION('',(-1.,0.,0.));
#2237 = ORIENTED_EDGE('',*,*,#2238,.F.);
#2238 = EDGE_CURVE('',#2213,#2231,#2239,.T.);
#2239 = LINE('',#2240,#2241);
#2240 = CARTESIAN_POINT('',(0.32,-2.065,0.));
#2241 = VECTOR('',#2242,1.);
#2242 = DIRECTION('',(0.,1.,0.));
#2243 = PLANE('',#2244);
#2244 = AXIS2_PLACEMENT_3D('',#2245,#2246,#2247);
#2245 = CARTESIAN_POINT('',(1.473843703412E-17,-1.27,0.));
#2246 = DIRECTION('',(0.,0.,1.));
#2247 = DIRECTION('',(1.,0.,-0.));
#2248 = ADVANCED_FACE('',(#2249,#2340,#2374),#2408,.T.);
#2249 = FACE_BOUND('',#2250,.T.);
#2250 = EDGE_LOOP('',(#2251,#2252,#2253,#2261,#2269,#2277,#2285,#2293,
    #2301,#2309,#2317,#2325,#2333,#2339));
#2251 = ORIENTED_EDGE('',*,*,#1995,.T.);
#2252 = ORIENTED_EDGE('',*,*,#2057,.T.);
#2253 = ORIENTED_EDGE('',*,*,#2254,.T.);
#2254 = EDGE_CURVE('',#2058,#2255,#2257,.T.);
#2255 = VERTEX_POINT('',#2256);
#2256 = CARTESIAN_POINT('',(-1.016,-1.27,2.54));
#2257 = LINE('',#2258,#2259);
#2258 = CARTESIAN_POINT('',(-1.27,-1.016,2.54));
#2259 = VECTOR('',#2260,1.);
#2260 = DIRECTION('',(0.707106781187,-0.707106781187,0.));
#2261 = ORIENTED_EDGE('',*,*,#2262,.T.);
#2262 = EDGE_CURVE('',#2255,#2263,#2265,.T.);
#2263 = VERTEX_POINT('',#2264);
#2264 = CARTESIAN_POINT('',(-1.27,-1.524,2.54));
#2265 = LINE('',#2266,#2267);
#2266 = CARTESIAN_POINT('',(-1.016,-1.27,2.54));
#2267 = VECTOR('',#2268,1.);
#2268 = DIRECTION('',(-0.707106781187,-0.707106781187,0.));
#2269 = ORIENTED_EDGE('',*,*,#2270,.T.);
#2270 = EDGE_CURVE('',#2263,#2271,#2273,.T.);
#2271 = VERTEX_POINT('',#2272);
#2272 = CARTESIAN_POINT('',(-1.27,-3.556,2.54));
#2273 = LINE('',#2274,#2275);
#2274 = CARTESIAN_POINT('',(-1.27,-1.524,2.54));
#2275 = VECTOR('',#2276,1.);
#2276 = DIRECTION('',(0.,-1.,0.));
#2277 = ORIENTED_EDGE('',*,*,#2278,.T.);
#2278 = EDGE_CURVE('',#2271,#2279,#2281,.T.);
#2279 = VERTEX_POINT('',#2280);
#2280 = CARTESIAN_POINT('',(-1.016,-3.81,2.54));
#2281 = LINE('',#2282,#2283);
#2282 = CARTESIAN_POINT('',(-1.27,-3.556,2.54));
#2283 = VECTOR('',#2284,1.);
#2284 = DIRECTION('',(0.707106781187,-0.707106781187,0.));
#2285 = ORIENTED_EDGE('',*,*,#2286,.T.);
#2286 = EDGE_CURVE('',#2279,#2287,#2289,.T.);
#2287 = VERTEX_POINT('',#2288);
#2288 = CARTESIAN_POINT('',(1.016,-3.81,2.54));
#2289 = LINE('',#2290,#2291);
#2290 = CARTESIAN_POINT('',(-1.016,-3.81,2.54));
#2291 = VECTOR('',#2292,1.);
#2292 = DIRECTION('',(1.,0.,0.));
#2293 = ORIENTED_EDGE('',*,*,#2294,.T.);
#2294 = EDGE_CURVE('',#2287,#2295,#2297,.T.);
#2295 = VERTEX_POINT('',#2296);
#2296 = CARTESIAN_POINT('',(1.27,-3.556,2.54));
#2297 = LINE('',#2298,#2299);
#2298 = CARTESIAN_POINT('',(1.016,-3.81,2.54));
#2299 = VECTOR('',#2300,1.);
#2300 = DIRECTION('',(0.707106781187,0.707106781187,0.));
#2301 = ORIENTED_EDGE('',*,*,#2302,.T.);
#2302 = EDGE_CURVE('',#2295,#2303,#2305,.T.);
#2303 = VERTEX_POINT('',#2304);
#2304 = CARTESIAN_POINT('',(1.27,-1.524,2.54));
#2305 = LINE('',#2306,#2307);
#2306 = CARTESIAN_POINT('',(1.27,-3.556,2.54));
#2307 = VECTOR('',#2308,1.);
#2308 = DIRECTION('',(0.,1.,0.));
#2309 = ORIENTED_EDGE('',*,*,#2310,.T.);
#2310 = EDGE_CURVE('',#2303,#2311,#2313,.T.);
#2311 = VERTEX_POINT('',#2312);
#2312 = CARTESIAN_POINT('',(1.016,-1.27,2.54));
#2313 = LINE('',#2314,#2315);
#2314 = CARTESIAN_POINT('',(1.27,-1.524,2.54));
#2315 = VECTOR('',#2316,1.);
#2316 = DIRECTION('',(-0.707106781187,0.707106781187,0.));
#2317 = ORIENTED_EDGE('',*,*,#2318,.T.);
#2318 = EDGE_CURVE('',#2311,#2319,#2321,.T.);
#2319 = VERTEX_POINT('',#2320);
#2320 = CARTESIAN_POINT('',(1.27,-1.016,2.54));
#2321 = LINE('',#2322,#2323);
#2322 = CARTESIAN_POINT('',(1.016,-1.27,2.54));
#2323 = VECTOR('',#2324,1.);
#2324 = DIRECTION('',(0.707106781187,0.707106781187,0.));
#2325 = ORIENTED_EDGE('',*,*,#2326,.T.);
#2326 = EDGE_CURVE('',#2319,#2327,#2329,.T.);
#2327 = VERTEX_POINT('',#2328);
#2328 = CARTESIAN_POINT('',(1.27,1.016,2.54));
#2329 = LINE('',#2330,#2331);
#2330 = CARTESIAN_POINT('',(1.27,-1.016,2.54));
#2331 = VECTOR('',#2332,1.);
#2332 = DIRECTION('',(0.,1.,0.));
#2333 = ORIENTED_EDGE('',*,*,#2334,.T.);
#2334 = EDGE_CURVE('',#2327,#2028,#2335,.T.);
#2335 = LINE('',#2336,#2337);
#2336 = CARTESIAN_POINT('',(1.27,1.016,2.54));
#2337 = VECTOR('',#2338,1.);
#2338 = DIRECTION('',(-0.707106781187,0.707106781187,0.));
#2339 = ORIENTED_EDGE('',*,*,#2035,.T.);
#2340 = FACE_BOUND('',#2341,.T.);
#2341 = EDGE_LOOP('',(#2342,#2352,#2360,#2368));
#2342 = ORIENTED_EDGE('',*,*,#2343,.T.);
#2343 = EDGE_CURVE('',#2344,#2346,#2348,.T.);
#2344 = VERTEX_POINT('',#2345);
#2345 = CARTESIAN_POINT('',(0.32,-0.32,2.54));
#2346 = VERTEX_POINT('',#2347);
#2347 = CARTESIAN_POINT('',(-0.32,-0.32,2.54));
#2348 = LINE('',#2349,#2350);
#2349 = CARTESIAN_POINT('',(-0.16,-0.32,2.54));
#2350 = VECTOR('',#2351,1.);
#2351 = DIRECTION('',(-1.,0.,0.));
#2352 = ORIENTED_EDGE('',*,*,#2353,.T.);
#2353 = EDGE_CURVE('',#2346,#2354,#2356,.T.);
#2354 = VERTEX_POINT('',#2355);
#2355 = CARTESIAN_POINT('',(-0.32,0.32,2.54));
#2356 = LINE('',#2357,#2358);
#2357 = CARTESIAN_POINT('',(-0.32,-0.795,2.54));
#2358 = VECTOR('',#2359,1.);
#2359 = DIRECTION('',(0.,1.,0.));
#2360 = ORIENTED_EDGE('',*,*,#2361,.F.);
#2361 = EDGE_CURVE('',#2362,#2354,#2364,.T.);
#2362 = VERTEX_POINT('',#2363);
#2363 = CARTESIAN_POINT('',(0.32,0.32,2.54));
#2364 = LINE('',#2365,#2366);
#2365 = CARTESIAN_POINT('',(-0.16,0.32,2.54));
#2366 = VECTOR('',#2367,1.);
#2367 = DIRECTION('',(-1.,0.,0.));
#2368 = ORIENTED_EDGE('',*,*,#2369,.F.);
#2369 = EDGE_CURVE('',#2344,#2362,#2370,.T.);
#2370 = LINE('',#2371,#2372);
#2371 = CARTESIAN_POINT('',(0.32,-0.795,2.54));
#2372 = VECTOR('',#2373,1.);
#2373 = DIRECTION('',(0.,1.,0.));
#2374 = FACE_BOUND('',#2375,.T.);
#2375 = EDGE_LOOP('',(#2376,#2386,#2394,#2402));
#2376 = ORIENTED_EDGE('',*,*,#2377,.T.);
#2377 = EDGE_CURVE('',#2378,#2380,#2382,.T.);
#2378 = VERTEX_POINT('',#2379);
#2379 = CARTESIAN_POINT('',(0.32,-2.86,2.54));
#2380 = VERTEX_POINT('',#2381);
#2381 = CARTESIAN_POINT('',(-0.32,-2.86,2.54));
#2382 = LINE('',#2383,#2384);
#2383 = CARTESIAN_POINT('',(-0.16,-2.86,2.54));
#2384 = VECTOR('',#2385,1.);
#2385 = DIRECTION('',(-1.,0.,0.));
#2386 = ORIENTED_EDGE('',*,*,#2387,.T.);
#2387 = EDGE_CURVE('',#2380,#2388,#2390,.T.);
#2388 = VERTEX_POINT('',#2389);
#2389 = CARTESIAN_POINT('',(-0.32,-2.22,2.54));
#2390 = LINE('',#2391,#2392);
#2391 = CARTESIAN_POINT('',(-0.32,-2.065,2.54));
#2392 = VECTOR('',#2393,1.);
#2393 = DIRECTION('',(0.,1.,0.));
#2394 = ORIENTED_EDGE('',*,*,#2395,.F.);
#2395 = EDGE_CURVE('',#2396,#2388,#2398,.T.);
#2396 = VERTEX_POINT('',#2397);
#2397 = CARTESIAN_POINT('',(0.32,-2.22,2.54));
#2398 = LINE('',#2399,#2400);
#2399 = CARTESIAN_POINT('',(-0.16,-2.22,2.54));
#2400 = VECTOR('',#2401,1.);
#2401 = DIRECTION('',(-1.,0.,0.));
#2402 = ORIENTED_EDGE('',*,*,#2403,.F.);
#2403 = EDGE_CURVE('',#2378,#2396,#2404,.T.);
#2404 = LINE('',#2405,#2406);
#2405 = CARTESIAN_POINT('',(0.32,-2.065,2.54));
#2406 = VECTOR('',#2407,1.);
#2407 = DIRECTION('',(0.,1.,0.));
#2408 = PLANE('',#2409);
#2409 = AXIS2_PLACEMENT_3D('',#2410,#2411,#2412);
#2410 = CARTESIAN_POINT('',(1.473843703412E-17,-1.27,2.54));
#2411 = DIRECTION('',(0.,0.,1.));
#2412 = DIRECTION('',(1.,0.,-0.));
#2413 = ADVANCED_FACE('',(#2414),#2425,.F.);
#2414 = FACE_BOUND('',#2415,.F.);
#2415 = EDGE_LOOP('',(#2416,#2422,#2423,#2424));
#2416 = ORIENTED_EDGE('',*,*,#2417,.T.);
#2417 = EDGE_CURVE('',#2162,#2327,#2418,.T.);
#2418 = LINE('',#2419,#2420);
#2419 = CARTESIAN_POINT('',(1.27,1.016,0.));
#2420 = VECTOR('',#2421,1.);
#2421 = DIRECTION('',(0.,0.,1.));
#2422 = ORIENTED_EDGE('',*,*,#2334,.T.);
#2423 = ORIENTED_EDGE('',*,*,#2025,.F.);
#2424 = ORIENTED_EDGE('',*,*,#2169,.F.);
#2425 = PLANE('',#2426);
#2426 = AXIS2_PLACEMENT_3D('',#2427,#2428,#2429);
#2427 = CARTESIAN_POINT('',(1.27,1.016,0.));
#2428 = DIRECTION('',(-0.707106781187,-0.707106781187,0.));
#2429 = DIRECTION('',(-0.707106781187,0.707106781187,0.));
#2430 = ADVANCED_FACE('',(#2431),#2442,.F.);
#2431 = FACE_BOUND('',#2432,.F.);
#2432 = EDGE_LOOP('',(#2433,#2434,#2435,#2441));
#2433 = ORIENTED_EDGE('',*,*,#2065,.T.);
#2434 = ORIENTED_EDGE('',*,*,#2254,.T.);
#2435 = ORIENTED_EDGE('',*,*,#2436,.F.);
#2436 = EDGE_CURVE('',#2090,#2255,#2437,.T.);
#2437 = LINE('',#2438,#2439);
#2438 = CARTESIAN_POINT('',(-1.016,-1.27,0.));
#2439 = VECTOR('',#2440,1.);
#2440 = DIRECTION('',(0.,0.,1.));
#2441 = ORIENTED_EDGE('',*,*,#2089,.F.);
#2442 = PLANE('',#2443);
#2443 = AXIS2_PLACEMENT_3D('',#2444,#2445,#2446);
#2444 = CARTESIAN_POINT('',(-1.27,-1.016,0.));
#2445 = DIRECTION('',(0.707106781187,0.707106781187,0.));
#2446 = DIRECTION('',(0.707106781187,-0.707106781187,0.));
#2447 = ADVANCED_FACE('',(#2448),#2459,.F.);
#2448 = FACE_BOUND('',#2449,.F.);
#2449 = EDGE_LOOP('',(#2450,#2456,#2457,#2458));
#2450 = ORIENTED_EDGE('',*,*,#2451,.T.);
#2451 = EDGE_CURVE('',#2154,#2319,#2452,.T.);
#2452 = LINE('',#2453,#2454);
#2453 = CARTESIAN_POINT('',(1.27,-1.016,0.));
#2454 = VECTOR('',#2455,1.);
#2455 = DIRECTION('',(0.,0.,1.));
#2456 = ORIENTED_EDGE('',*,*,#2326,.T.);
#2457 = ORIENTED_EDGE('',*,*,#2417,.F.);
#2458 = ORIENTED_EDGE('',*,*,#2161,.F.);
#2459 = PLANE('',#2460);
#2460 = AXIS2_PLACEMENT_3D('',#2461,#2462,#2463);
#2461 = CARTESIAN_POINT('',(1.27,-1.016,0.));
#2462 = DIRECTION('',(-1.,0.,0.));
#2463 = DIRECTION('',(0.,1.,0.));
#2464 = ADVANCED_FACE('',(#2465),#2476,.F.);
#2465 = FACE_BOUND('',#2466,.F.);
#2466 = EDGE_LOOP('',(#2467,#2468,#2469,#2475));
#2467 = ORIENTED_EDGE('',*,*,#2436,.T.);
#2468 = ORIENTED_EDGE('',*,*,#2262,.T.);
#2469 = ORIENTED_EDGE('',*,*,#2470,.F.);
#2470 = EDGE_CURVE('',#2098,#2263,#2471,.T.);
#2471 = LINE('',#2472,#2473);
#2472 = CARTESIAN_POINT('',(-1.27,-1.524,0.));
#2473 = VECTOR('',#2474,1.);
#2474 = DIRECTION('',(0.,0.,1.));
#2475 = ORIENTED_EDGE('',*,*,#2097,.F.);
#2476 = PLANE('',#2477);
#2477 = AXIS2_PLACEMENT_3D('',#2478,#2479,#2480);
#2478 = CARTESIAN_POINT('',(-1.016,-1.27,0.));
#2479 = DIRECTION('',(0.707106781187,-0.707106781187,0.));
#2480 = DIRECTION('',(-0.707106781187,-0.707106781187,0.));
#2481 = ADVANCED_FACE('',(#2482),#2493,.F.);
#2482 = FACE_BOUND('',#2483,.F.);
#2483 = EDGE_LOOP('',(#2484,#2490,#2491,#2492));
#2484 = ORIENTED_EDGE('',*,*,#2485,.T.);
#2485 = EDGE_CURVE('',#2146,#2311,#2486,.T.);
#2486 = LINE('',#2487,#2488);
#2487 = CARTESIAN_POINT('',(1.016,-1.27,0.));
#2488 = VECTOR('',#2489,1.);
#2489 = DIRECTION('',(0.,0.,1.));
#2490 = ORIENTED_EDGE('',*,*,#2318,.T.);
#2491 = ORIENTED_EDGE('',*,*,#2451,.F.);
#2492 = ORIENTED_EDGE('',*,*,#2153,.F.);
#2493 = PLANE('',#2494);
#2494 = AXIS2_PLACEMENT_3D('',#2495,#2496,#2497);
#2495 = CARTESIAN_POINT('',(1.016,-1.27,0.));
#2496 = DIRECTION('',(-0.707106781187,0.707106781187,0.));
#2497 = DIRECTION('',(0.707106781187,0.707106781187,0.));
#2498 = ADVANCED_FACE('',(#2499),#2510,.F.);
#2499 = FACE_BOUND('',#2500,.F.);
#2500 = EDGE_LOOP('',(#2501,#2502,#2503,#2509));
#2501 = ORIENTED_EDGE('',*,*,#2470,.T.);
#2502 = ORIENTED_EDGE('',*,*,#2270,.T.);
#2503 = ORIENTED_EDGE('',*,*,#2504,.F.);
#2504 = EDGE_CURVE('',#2106,#2271,#2505,.T.);
#2505 = LINE('',#2506,#2507);
#2506 = CARTESIAN_POINT('',(-1.27,-3.556,0.));
#2507 = VECTOR('',#2508,1.);
#2508 = DIRECTION('',(0.,0.,1.));
#2509 = ORIENTED_EDGE('',*,*,#2105,.F.);
#2510 = PLANE('',#2511);
#2511 = AXIS2_PLACEMENT_3D('',#2512,#2513,#2514);
#2512 = CARTESIAN_POINT('',(-1.27,-1.524,0.));
#2513 = DIRECTION('',(1.,0.,0.));
#2514 = DIRECTION('',(0.,-1.,0.));
#2515 = ADVANCED_FACE('',(#2516),#2527,.F.);
#2516 = FACE_BOUND('',#2517,.F.);
#2517 = EDGE_LOOP('',(#2518,#2524,#2525,#2526));
#2518 = ORIENTED_EDGE('',*,*,#2519,.T.);
#2519 = EDGE_CURVE('',#2138,#2303,#2520,.T.);
#2520 = LINE('',#2521,#2522);
#2521 = CARTESIAN_POINT('',(1.27,-1.524,0.));
#2522 = VECTOR('',#2523,1.);
#2523 = DIRECTION('',(0.,0.,1.));
#2524 = ORIENTED_EDGE('',*,*,#2310,.T.);
#2525 = ORIENTED_EDGE('',*,*,#2485,.F.);
#2526 = ORIENTED_EDGE('',*,*,#2145,.F.);
#2527 = PLANE('',#2528);
#2528 = AXIS2_PLACEMENT_3D('',#2529,#2530,#2531);
#2529 = CARTESIAN_POINT('',(1.27,-1.524,0.));
#2530 = DIRECTION('',(-0.707106781187,-0.707106781187,0.));
#2531 = DIRECTION('',(-0.707106781187,0.707106781187,0.));
#2532 = ADVANCED_FACE('',(#2533),#2544,.F.);
#2533 = FACE_BOUND('',#2534,.F.);
#2534 = EDGE_LOOP('',(#2535,#2536,#2537,#2543));
#2535 = ORIENTED_EDGE('',*,*,#2504,.T.);
#2536 = ORIENTED_EDGE('',*,*,#2278,.T.);
#2537 = ORIENTED_EDGE('',*,*,#2538,.F.);
#2538 = EDGE_CURVE('',#2114,#2279,#2539,.T.);
#2539 = LINE('',#2540,#2541);
#2540 = CARTESIAN_POINT('',(-1.016,-3.81,0.));
#2541 = VECTOR('',#2542,1.);
#2542 = DIRECTION('',(0.,0.,1.));
#2543 = ORIENTED_EDGE('',*,*,#2113,.F.);
#2544 = PLANE('',#2545);
#2545 = AXIS2_PLACEMENT_3D('',#2546,#2547,#2548);
#2546 = CARTESIAN_POINT('',(-1.27,-3.556,0.));
#2547 = DIRECTION('',(0.707106781187,0.707106781187,0.));
#2548 = DIRECTION('',(0.707106781187,-0.707106781187,0.));
#2549 = ADVANCED_FACE('',(#2550),#2561,.F.);
#2550 = FACE_BOUND('',#2551,.F.);
#2551 = EDGE_LOOP('',(#2552,#2558,#2559,#2560));
#2552 = ORIENTED_EDGE('',*,*,#2553,.T.);
#2553 = EDGE_CURVE('',#2130,#2295,#2554,.T.);
#2554 = LINE('',#2555,#2556);
#2555 = CARTESIAN_POINT('',(1.27,-3.556,0.));
#2556 = VECTOR('',#2557,1.);
#2557 = DIRECTION('',(0.,0.,1.));
#2558 = ORIENTED_EDGE('',*,*,#2302,.T.);
#2559 = ORIENTED_EDGE('',*,*,#2519,.F.);
#2560 = ORIENTED_EDGE('',*,*,#2137,.F.);
#2561 = PLANE('',#2562);
#2562 = AXIS2_PLACEMENT_3D('',#2563,#2564,#2565);
#2563 = CARTESIAN_POINT('',(1.27,-3.556,0.));
#2564 = DIRECTION('',(-1.,0.,0.));
#2565 = DIRECTION('',(0.,1.,0.));
#2566 = ADVANCED_FACE('',(#2567),#2578,.F.);
#2567 = FACE_BOUND('',#2568,.F.);
#2568 = EDGE_LOOP('',(#2569,#2570,#2571,#2577));
#2569 = ORIENTED_EDGE('',*,*,#2538,.T.);
#2570 = ORIENTED_EDGE('',*,*,#2286,.T.);
#2571 = ORIENTED_EDGE('',*,*,#2572,.F.);
#2572 = EDGE_CURVE('',#2122,#2287,#2573,.T.);
#2573 = LINE('',#2574,#2575);
#2574 = CARTESIAN_POINT('',(1.016,-3.81,0.));
#2575 = VECTOR('',#2576,1.);
#2576 = DIRECTION('',(0.,0.,1.));
#2577 = ORIENTED_EDGE('',*,*,#2121,.F.);
#2578 = PLANE('',#2579);
#2579 = AXIS2_PLACEMENT_3D('',#2580,#2581,#2582);
#2580 = CARTESIAN_POINT('',(-1.016,-3.81,0.));
#2581 = DIRECTION('',(0.,1.,0.));
#2582 = DIRECTION('',(1.,0.,0.));
#2583 = ADVANCED_FACE('',(#2584),#2590,.F.);
#2584 = FACE_BOUND('',#2585,.F.);
#2585 = EDGE_LOOP('',(#2586,#2587,#2588,#2589));
#2586 = ORIENTED_EDGE('',*,*,#2572,.T.);
#2587 = ORIENTED_EDGE('',*,*,#2294,.T.);
#2588 = ORIENTED_EDGE('',*,*,#2553,.F.);
#2589 = ORIENTED_EDGE('',*,*,#2129,.F.);
#2590 = PLANE('',#2591);
#2591 = AXIS2_PLACEMENT_3D('',#2592,#2593,#2594);
#2592 = CARTESIAN_POINT('',(1.016,-3.81,0.));
#2593 = DIRECTION('',(-0.707106781187,0.707106781187,0.));
#2594 = DIRECTION('',(0.707106781187,0.707106781187,0.));
#2595 = ADVANCED_FACE('',(#2596),#2621,.F.);
#2596 = FACE_BOUND('',#2597,.F.);
#2597 = EDGE_LOOP('',(#2598,#2606,#2614,#2620));
#2598 = ORIENTED_EDGE('',*,*,#2599,.F.);
#2599 = EDGE_CURVE('',#2600,#2179,#2602,.T.);
#2600 = VERTEX_POINT('',#2601);
#2601 = CARTESIAN_POINT('',(0.32,-0.32,-2.84));
#2602 = LINE('',#2603,#2604);
#2603 = CARTESIAN_POINT('',(0.32,-0.32,-3.));
#2604 = VECTOR('',#2605,1.);
#2605 = DIRECTION('',(0.,0.,1.));
#2606 = ORIENTED_EDGE('',*,*,#2607,.F.);
#2607 = EDGE_CURVE('',#2608,#2600,#2610,.T.);
#2608 = VERTEX_POINT('',#2609);
#2609 = CARTESIAN_POINT('',(-0.32,-0.32,-2.84));
#2610 = LINE('',#2611,#2612);
#2611 = CARTESIAN_POINT('',(-0.32,-0.32,-2.84));
#2612 = VECTOR('',#2613,1.);
#2613 = DIRECTION('',(1.,0.,0.));
#2614 = ORIENTED_EDGE('',*,*,#2615,.T.);
#2615 = EDGE_CURVE('',#2608,#2181,#2616,.T.);
#2616 = LINE('',#2617,#2618);
#2617 = CARTESIAN_POINT('',(-0.32,-0.32,-3.));
#2618 = VECTOR('',#2619,1.);
#2619 = DIRECTION('',(0.,0.,1.));
#2620 = ORIENTED_EDGE('',*,*,#2178,.F.);
#2621 = PLANE('',#2622);
#2622 = AXIS2_PLACEMENT_3D('',#2623,#2624,#2625);
#2623 = CARTESIAN_POINT('',(-0.32,-0.32,-3.));
#2624 = DIRECTION('',(0.,1.,0.));
#2625 = DIRECTION('',(0.,-0.,1.));
#2626 = ADVANCED_FACE('',(#2627),#2645,.T.);
#2627 = FACE_BOUND('',#2628,.T.);
#2628 = EDGE_LOOP('',(#2629,#2630,#2638,#2644));
#2629 = ORIENTED_EDGE('',*,*,#2599,.F.);
#2630 = ORIENTED_EDGE('',*,*,#2631,.T.);
#2631 = EDGE_CURVE('',#2600,#2632,#2634,.T.);
#2632 = VERTEX_POINT('',#2633);
#2633 = CARTESIAN_POINT('',(0.32,0.32,-2.84));
#2634 = LINE('',#2635,#2636);
#2635 = CARTESIAN_POINT('',(0.32,-0.32,-2.84));
#2636 = VECTOR('',#2637,1.);
#2637 = DIRECTION('',(0.,1.,0.));
#2638 = ORIENTED_EDGE('',*,*,#2639,.T.);
#2639 = EDGE_CURVE('',#2632,#2197,#2640,.T.);
#2640 = LINE('',#2641,#2642);
#2641 = CARTESIAN_POINT('',(0.32,0.32,-3.));
#2642 = VECTOR('',#2643,1.);
#2643 = DIRECTION('',(0.,0.,1.));
#2644 = ORIENTED_EDGE('',*,*,#2204,.F.);
#2645 = PLANE('',#2646);
#2646 = AXIS2_PLACEMENT_3D('',#2647,#2648,#2649);
#2647 = CARTESIAN_POINT('',(0.32,-0.32,-3.));
#2648 = DIRECTION('',(1.,0.,0.));
#2649 = DIRECTION('',(0.,0.,1.));
#2650 = ADVANCED_FACE('',(#2651),#2669,.T.);
#2651 = FACE_BOUND('',#2652,.T.);
#2652 = EDGE_LOOP('',(#2653,#2654,#2662,#2668));
#2653 = ORIENTED_EDGE('',*,*,#2639,.F.);
#2654 = ORIENTED_EDGE('',*,*,#2655,.F.);
#2655 = EDGE_CURVE('',#2656,#2632,#2658,.T.);
#2656 = VERTEX_POINT('',#2657);
#2657 = CARTESIAN_POINT('',(-0.32,0.32,-2.84));
#2658 = LINE('',#2659,#2660);
#2659 = CARTESIAN_POINT('',(-0.32,0.32,-2.84));
#2660 = VECTOR('',#2661,1.);
#2661 = DIRECTION('',(1.,0.,0.));
#2662 = ORIENTED_EDGE('',*,*,#2663,.T.);
#2663 = EDGE_CURVE('',#2656,#2189,#2664,.T.);
#2664 = LINE('',#2665,#2666);
#2665 = CARTESIAN_POINT('',(-0.32,0.32,-3.));
#2666 = VECTOR('',#2667,1.);
#2667 = DIRECTION('',(0.,0.,1.));
#2668 = ORIENTED_EDGE('',*,*,#2196,.F.);
#2669 = PLANE('',#2670);
#2670 = AXIS2_PLACEMENT_3D('',#2671,#2672,#2673);
#2671 = CARTESIAN_POINT('',(-0.32,0.32,-3.));
#2672 = DIRECTION('',(0.,1.,0.));
#2673 = DIRECTION('',(0.,-0.,1.));
#2674 = ADVANCED_FACE('',(#2675),#2686,.F.);
#2675 = FACE_BOUND('',#2676,.F.);
#2676 = EDGE_LOOP('',(#2677,#2678,#2684,#2685));
#2677 = ORIENTED_EDGE('',*,*,#2615,.F.);
#2678 = ORIENTED_EDGE('',*,*,#2679,.T.);
#2679 = EDGE_CURVE('',#2608,#2656,#2680,.T.);
#2680 = LINE('',#2681,#2682);
#2681 = CARTESIAN_POINT('',(-0.32,-0.32,-2.84));
#2682 = VECTOR('',#2683,1.);
#2683 = DIRECTION('',(0.,1.,0.));
#2684 = ORIENTED_EDGE('',*,*,#2663,.T.);
#2685 = ORIENTED_EDGE('',*,*,#2188,.F.);
#2686 = PLANE('',#2687);
#2687 = AXIS2_PLACEMENT_3D('',#2688,#2689,#2690);
#2688 = CARTESIAN_POINT('',(-0.32,-0.32,-3.));
#2689 = DIRECTION('',(1.,0.,0.));
#2690 = DIRECTION('',(0.,0.,1.));
#2691 = ADVANCED_FACE('',(#2692),#2717,.F.);
#2692 = FACE_BOUND('',#2693,.F.);
#2693 = EDGE_LOOP('',(#2694,#2702,#2710,#2716));
#2694 = ORIENTED_EDGE('',*,*,#2695,.F.);
#2695 = EDGE_CURVE('',#2696,#2213,#2698,.T.);
#2696 = VERTEX_POINT('',#2697);
#2697 = CARTESIAN_POINT('',(0.32,-2.86,-2.84));
#2698 = LINE('',#2699,#2700);
#2699 = CARTESIAN_POINT('',(0.32,-2.86,-3.));
#2700 = VECTOR('',#2701,1.);
#2701 = DIRECTION('',(0.,0.,1.));
#2702 = ORIENTED_EDGE('',*,*,#2703,.F.);
#2703 = EDGE_CURVE('',#2704,#2696,#2706,.T.);
#2704 = VERTEX_POINT('',#2705);
#2705 = CARTESIAN_POINT('',(-0.32,-2.86,-2.84));
#2706 = LINE('',#2707,#2708);
#2707 = CARTESIAN_POINT('',(-0.32,-2.86,-2.84));
#2708 = VECTOR('',#2709,1.);
#2709 = DIRECTION('',(1.,0.,0.));
#2710 = ORIENTED_EDGE('',*,*,#2711,.T.);
#2711 = EDGE_CURVE('',#2704,#2215,#2712,.T.);
#2712 = LINE('',#2713,#2714);
#2713 = CARTESIAN_POINT('',(-0.32,-2.86,-3.));
#2714 = VECTOR('',#2715,1.);
#2715 = DIRECTION('',(0.,0.,1.));
#2716 = ORIENTED_EDGE('',*,*,#2212,.F.);
#2717 = PLANE('',#2718);
#2718 = AXIS2_PLACEMENT_3D('',#2719,#2720,#2721);
#2719 = CARTESIAN_POINT('',(-0.32,-2.86,-3.));
#2720 = DIRECTION('',(0.,1.,0.));
#2721 = DIRECTION('',(0.,-0.,1.));
#2722 = ADVANCED_FACE('',(#2723),#2741,.T.);
#2723 = FACE_BOUND('',#2724,.T.);
#2724 = EDGE_LOOP('',(#2725,#2726,#2734,#2740));
#2725 = ORIENTED_EDGE('',*,*,#2695,.F.);
#2726 = ORIENTED_EDGE('',*,*,#2727,.T.);
#2727 = EDGE_CURVE('',#2696,#2728,#2730,.T.);
#2728 = VERTEX_POINT('',#2729);
#2729 = CARTESIAN_POINT('',(0.32,-2.22,-2.84));
#2730 = LINE('',#2731,#2732);
#2731 = CARTESIAN_POINT('',(0.32,-2.86,-2.84));
#2732 = VECTOR('',#2733,1.);
#2733 = DIRECTION('',(0.,1.,0.));
#2734 = ORIENTED_EDGE('',*,*,#2735,.T.);
#2735 = EDGE_CURVE('',#2728,#2231,#2736,.T.);
#2736 = LINE('',#2737,#2738);
#2737 = CARTESIAN_POINT('',(0.32,-2.22,-3.));
#2738 = VECTOR('',#2739,1.);
#2739 = DIRECTION('',(0.,0.,1.));
#2740 = ORIENTED_EDGE('',*,*,#2238,.F.);
#2741 = PLANE('',#2742);
#2742 = AXIS2_PLACEMENT_3D('',#2743,#2744,#2745);
#2743 = CARTESIAN_POINT('',(0.32,-2.86,-3.));
#2744 = DIRECTION('',(1.,0.,0.));
#2745 = DIRECTION('',(0.,0.,1.));
#2746 = ADVANCED_FACE('',(#2747),#2765,.T.);
#2747 = FACE_BOUND('',#2748,.T.);
#2748 = EDGE_LOOP('',(#2749,#2750,#2758,#2764));
#2749 = ORIENTED_EDGE('',*,*,#2735,.F.);
#2750 = ORIENTED_EDGE('',*,*,#2751,.F.);
#2751 = EDGE_CURVE('',#2752,#2728,#2754,.T.);
#2752 = VERTEX_POINT('',#2753);
#2753 = CARTESIAN_POINT('',(-0.32,-2.22,-2.84));
#2754 = LINE('',#2755,#2756);
#2755 = CARTESIAN_POINT('',(-0.32,-2.22,-2.84));
#2756 = VECTOR('',#2757,1.);
#2757 = DIRECTION('',(1.,0.,0.));
#2758 = ORIENTED_EDGE('',*,*,#2759,.T.);
#2759 = EDGE_CURVE('',#2752,#2223,#2760,.T.);
#2760 = LINE('',#2761,#2762);
#2761 = CARTESIAN_POINT('',(-0.32,-2.22,-3.));
#2762 = VECTOR('',#2763,1.);
#2763 = DIRECTION('',(0.,0.,1.));
#2764 = ORIENTED_EDGE('',*,*,#2230,.F.);
#2765 = PLANE('',#2766);
#2766 = AXIS2_PLACEMENT_3D('',#2767,#2768,#2769);
#2767 = CARTESIAN_POINT('',(-0.32,-2.22,-3.));
#2768 = DIRECTION('',(0.,1.,0.));
#2769 = DIRECTION('',(0.,-0.,1.));
#2770 = ADVANCED_FACE('',(#2771),#2782,.F.);
#2771 = FACE_BOUND('',#2772,.F.);
#2772 = EDGE_LOOP('',(#2773,#2774,#2780,#2781));
#2773 = ORIENTED_EDGE('',*,*,#2711,.F.);
#2774 = ORIENTED_EDGE('',*,*,#2775,.T.);
#2775 = EDGE_CURVE('',#2704,#2752,#2776,.T.);
#2776 = LINE('',#2777,#2778);
#2777 = CARTESIAN_POINT('',(-0.32,-2.86,-2.84));
#2778 = VECTOR('',#2779,1.);
#2779 = DIRECTION('',(0.,1.,0.));
#2780 = ORIENTED_EDGE('',*,*,#2759,.T.);
#2781 = ORIENTED_EDGE('',*,*,#2222,.F.);
#2782 = PLANE('',#2783);
#2783 = AXIS2_PLACEMENT_3D('',#2784,#2785,#2786);
#2784 = CARTESIAN_POINT('',(-0.32,-2.86,-3.));
#2785 = DIRECTION('',(1.,0.,0.));
#2786 = DIRECTION('',(0.,0.,1.));
#2787 = ADVANCED_FACE('',(#2788),#2813,.F.);
#2788 = FACE_BOUND('',#2789,.F.);
#2789 = EDGE_LOOP('',(#2790,#2798,#2799,#2807));
#2790 = ORIENTED_EDGE('',*,*,#2791,.F.);
#2791 = EDGE_CURVE('',#2344,#2792,#2794,.T.);
#2792 = VERTEX_POINT('',#2793);
#2793 = CARTESIAN_POINT('',(0.32,-0.32,8.38));
#2794 = LINE('',#2795,#2796);
#2795 = CARTESIAN_POINT('',(0.32,-0.32,-3.));
#2796 = VECTOR('',#2797,1.);
#2797 = DIRECTION('',(0.,0.,1.));
#2798 = ORIENTED_EDGE('',*,*,#2343,.T.);
#2799 = ORIENTED_EDGE('',*,*,#2800,.T.);
#2800 = EDGE_CURVE('',#2346,#2801,#2803,.T.);
#2801 = VERTEX_POINT('',#2802);
#2802 = CARTESIAN_POINT('',(-0.32,-0.32,8.38));
#2803 = LINE('',#2804,#2805);
#2804 = CARTESIAN_POINT('',(-0.32,-0.32,-3.));
#2805 = VECTOR('',#2806,1.);
#2806 = DIRECTION('',(0.,0.,1.));
#2807 = ORIENTED_EDGE('',*,*,#2808,.T.);
#2808 = EDGE_CURVE('',#2801,#2792,#2809,.T.);
#2809 = LINE('',#2810,#2811);
#2810 = CARTESIAN_POINT('',(-0.32,-0.32,8.38));
#2811 = VECTOR('',#2812,1.);
#2812 = DIRECTION('',(1.,0.,0.));
#2813 = PLANE('',#2814);
#2814 = AXIS2_PLACEMENT_3D('',#2815,#2816,#2817);
#2815 = CARTESIAN_POINT('',(-0.32,-0.32,-3.));
#2816 = DIRECTION('',(0.,1.,0.));
#2817 = DIRECTION('',(0.,-0.,1.));
#2818 = ADVANCED_FACE('',(#2819),#2837,.T.);
#2819 = FACE_BOUND('',#2820,.T.);
#2820 = EDGE_LOOP('',(#2821,#2822,#2823,#2831));
#2821 = ORIENTED_EDGE('',*,*,#2791,.F.);
#2822 = ORIENTED_EDGE('',*,*,#2369,.T.);
#2823 = ORIENTED_EDGE('',*,*,#2824,.T.);
#2824 = EDGE_CURVE('',#2362,#2825,#2827,.T.);
#2825 = VERTEX_POINT('',#2826);
#2826 = CARTESIAN_POINT('',(0.32,0.32,8.38));
#2827 = LINE('',#2828,#2829);
#2828 = CARTESIAN_POINT('',(0.32,0.32,-3.));
#2829 = VECTOR('',#2830,1.);
#2830 = DIRECTION('',(0.,0.,1.));
#2831 = ORIENTED_EDGE('',*,*,#2832,.F.);
#2832 = EDGE_CURVE('',#2792,#2825,#2833,.T.);
#2833 = LINE('',#2834,#2835);
#2834 = CARTESIAN_POINT('',(0.32,-0.32,8.38));
#2835 = VECTOR('',#2836,1.);
#2836 = DIRECTION('',(0.,1.,0.));
#2837 = PLANE('',#2838);
#2838 = AXIS2_PLACEMENT_3D('',#2839,#2840,#2841);
#2839 = CARTESIAN_POINT('',(0.32,-0.32,-3.));
#2840 = DIRECTION('',(1.,0.,0.));
#2841 = DIRECTION('',(0.,0.,1.));
#2842 = ADVANCED_FACE('',(#2843),#2861,.T.);
#2843 = FACE_BOUND('',#2844,.T.);
#2844 = EDGE_LOOP('',(#2845,#2846,#2847,#2855));
#2845 = ORIENTED_EDGE('',*,*,#2824,.F.);
#2846 = ORIENTED_EDGE('',*,*,#2361,.T.);
#2847 = ORIENTED_EDGE('',*,*,#2848,.T.);
#2848 = EDGE_CURVE('',#2354,#2849,#2851,.T.);
#2849 = VERTEX_POINT('',#2850);
#2850 = CARTESIAN_POINT('',(-0.32,0.32,8.38));
#2851 = LINE('',#2852,#2853);
#2852 = CARTESIAN_POINT('',(-0.32,0.32,-3.));
#2853 = VECTOR('',#2854,1.);
#2854 = DIRECTION('',(0.,0.,1.));
#2855 = ORIENTED_EDGE('',*,*,#2856,.T.);
#2856 = EDGE_CURVE('',#2849,#2825,#2857,.T.);
#2857 = LINE('',#2858,#2859);
#2858 = CARTESIAN_POINT('',(-0.32,0.32,8.38));
#2859 = VECTOR('',#2860,1.);
#2860 = DIRECTION('',(1.,0.,0.));
#2861 = PLANE('',#2862);
#2862 = AXIS2_PLACEMENT_3D('',#2863,#2864,#2865);
#2863 = CARTESIAN_POINT('',(-0.32,0.32,-3.));
#2864 = DIRECTION('',(0.,1.,0.));
#2865 = DIRECTION('',(0.,-0.,1.));
#2866 = ADVANCED_FACE('',(#2867),#2878,.F.);
#2867 = FACE_BOUND('',#2868,.F.);
#2868 = EDGE_LOOP('',(#2869,#2870,#2871,#2872));
#2869 = ORIENTED_EDGE('',*,*,#2800,.F.);
#2870 = ORIENTED_EDGE('',*,*,#2353,.T.);
#2871 = ORIENTED_EDGE('',*,*,#2848,.T.);
#2872 = ORIENTED_EDGE('',*,*,#2873,.F.);
#2873 = EDGE_CURVE('',#2801,#2849,#2874,.T.);
#2874 = LINE('',#2875,#2876);
#2875 = CARTESIAN_POINT('',(-0.32,-0.32,8.38));
#2876 = VECTOR('',#2877,1.);
#2877 = DIRECTION('',(0.,1.,0.));
#2878 = PLANE('',#2879);
#2879 = AXIS2_PLACEMENT_3D('',#2880,#2881,#2882);
#2880 = CARTESIAN_POINT('',(-0.32,-0.32,-3.));
#2881 = DIRECTION('',(1.,0.,0.));
#2882 = DIRECTION('',(0.,0.,1.));
#2883 = ADVANCED_FACE('',(#2884),#2909,.F.);
#2884 = FACE_BOUND('',#2885,.F.);
#2885 = EDGE_LOOP('',(#2886,#2894,#2895,#2903));
#2886 = ORIENTED_EDGE('',*,*,#2887,.F.);
#2887 = EDGE_CURVE('',#2378,#2888,#2890,.T.);
#2888 = VERTEX_POINT('',#2889);
#2889 = CARTESIAN_POINT('',(0.32,-2.86,8.38));
#2890 = LINE('',#2891,#2892);
#2891 = CARTESIAN_POINT('',(0.32,-2.86,-3.));
#2892 = VECTOR('',#2893,1.);
#2893 = DIRECTION('',(0.,0.,1.));
#2894 = ORIENTED_EDGE('',*,*,#2377,.T.);
#2895 = ORIENTED_EDGE('',*,*,#2896,.T.);
#2896 = EDGE_CURVE('',#2380,#2897,#2899,.T.);
#2897 = VERTEX_POINT('',#2898);
#2898 = CARTESIAN_POINT('',(-0.32,-2.86,8.38));
#2899 = LINE('',#2900,#2901);
#2900 = CARTESIAN_POINT('',(-0.32,-2.86,-3.));
#2901 = VECTOR('',#2902,1.);
#2902 = DIRECTION('',(0.,0.,1.));
#2903 = ORIENTED_EDGE('',*,*,#2904,.T.);
#2904 = EDGE_CURVE('',#2897,#2888,#2905,.T.);
#2905 = LINE('',#2906,#2907);
#2906 = CARTESIAN_POINT('',(-0.32,-2.86,8.38));
#2907 = VECTOR('',#2908,1.);
#2908 = DIRECTION('',(1.,0.,0.));
#2909 = PLANE('',#2910);
#2910 = AXIS2_PLACEMENT_3D('',#2911,#2912,#2913);
#2911 = CARTESIAN_POINT('',(-0.32,-2.86,-3.));
#2912 = DIRECTION('',(0.,1.,0.));
#2913 = DIRECTION('',(0.,-0.,1.));
#2914 = ADVANCED_FACE('',(#2915),#2933,.T.);
#2915 = FACE_BOUND('',#2916,.T.);
#2916 = EDGE_LOOP('',(#2917,#2918,#2919,#2927));
#2917 = ORIENTED_EDGE('',*,*,#2887,.F.);
#2918 = ORIENTED_EDGE('',*,*,#2403,.T.);
#2919 = ORIENTED_EDGE('',*,*,#2920,.T.);
#2920 = EDGE_CURVE('',#2396,#2921,#2923,.T.);
#2921 = VERTEX_POINT('',#2922);
#2922 = CARTESIAN_POINT('',(0.32,-2.22,8.38));
#2923 = LINE('',#2924,#2925);
#2924 = CARTESIAN_POINT('',(0.32,-2.22,-3.));
#2925 = VECTOR('',#2926,1.);
#2926 = DIRECTION('',(0.,0.,1.));
#2927 = ORIENTED_EDGE('',*,*,#2928,.F.);
#2928 = EDGE_CURVE('',#2888,#2921,#2929,.T.);
#2929 = LINE('',#2930,#2931);
#2930 = CARTESIAN_POINT('',(0.32,-2.86,8.38));
#2931 = VECTOR('',#2932,1.);
#2932 = DIRECTION('',(0.,1.,0.));
#2933 = PLANE('',#2934);
#2934 = AXIS2_PLACEMENT_3D('',#2935,#2936,#2937);
#2935 = CARTESIAN_POINT('',(0.32,-2.86,-3.));
#2936 = DIRECTION('',(1.,0.,0.));
#2937 = DIRECTION('',(0.,0.,1.));
#2938 = ADVANCED_FACE('',(#2939),#2957,.T.);
#2939 = FACE_BOUND('',#2940,.T.);
#2940 = EDGE_LOOP('',(#2941,#2942,#2943,#2951));
#2941 = ORIENTED_EDGE('',*,*,#2920,.F.);
#2942 = ORIENTED_EDGE('',*,*,#2395,.T.);
#2943 = ORIENTED_EDGE('',*,*,#2944,.T.);
#2944 = EDGE_CURVE('',#2388,#2945,#2947,.T.);
#2945 = VERTEX_POINT('',#2946);
#2946 = CARTESIAN_POINT('',(-0.32,-2.22,8.38));
#2947 = LINE('',#2948,#2949);
#2948 = CARTESIAN_POINT('',(-0.32,-2.22,-3.));
#2949 = VECTOR('',#2950,1.);
#2950 = DIRECTION('',(0.,0.,1.));
#2951 = ORIENTED_EDGE('',*,*,#2952,.T.);
#2952 = EDGE_CURVE('',#2945,#2921,#2953,.T.);
#2953 = LINE('',#2954,#2955);
#2954 = CARTESIAN_POINT('',(-0.32,-2.22,8.38));
#2955 = VECTOR('',#2956,1.);
#2956 = DIRECTION('',(1.,0.,0.));
#2957 = PLANE('',#2958);
#2958 = AXIS2_PLACEMENT_3D('',#2959,#2960,#2961);
#2959 = CARTESIAN_POINT('',(-0.32,-2.22,-3.));
#2960 = DIRECTION('',(0.,1.,0.));
#2961 = DIRECTION('',(0.,-0.,1.));
#2962 = ADVANCED_FACE('',(#2963),#2974,.F.);
#2963 = FACE_BOUND('',#2964,.F.);
#2964 = EDGE_LOOP('',(#2965,#2966,#2967,#2968));
#2965 = ORIENTED_EDGE('',*,*,#2896,.F.);
#2966 = ORIENTED_EDGE('',*,*,#2387,.T.);
#2967 = ORIENTED_EDGE('',*,*,#2944,.T.);
#2968 = ORIENTED_EDGE('',*,*,#2969,.F.);
#2969 = EDGE_CURVE('',#2897,#2945,#2970,.T.);
#2970 = LINE('',#2971,#2972);
#2971 = CARTESIAN_POINT('',(-0.32,-2.86,8.38));
#2972 = VECTOR('',#2973,1.);
#2973 = DIRECTION('',(0.,1.,0.));
#2974 = PLANE('',#2975);
#2975 = AXIS2_PLACEMENT_3D('',#2976,#2977,#2978);
#2976 = CARTESIAN_POINT('',(-0.32,-2.86,-3.));
#2977 = DIRECTION('',(1.,0.,0.));
#2978 = DIRECTION('',(0.,0.,1.));
#2979 = ADVANCED_FACE('',(#2980),#3005,.T.);
#2980 = FACE_BOUND('',#2981,.F.);
#2981 = EDGE_LOOP('',(#2982,#2990,#2991,#2999));
#2982 = ORIENTED_EDGE('',*,*,#2983,.F.);
#2983 = EDGE_CURVE('',#2608,#2984,#2986,.T.);
#2984 = VERTEX_POINT('',#2985);
#2985 = CARTESIAN_POINT('',(-0.16,-0.16,-3.));
#2986 = LINE('',#2987,#2988);
#2987 = CARTESIAN_POINT('',(-0.266666666667,-0.266666666667,
    -2.893333333333));
#2988 = VECTOR('',#2989,1.);
#2989 = DIRECTION('',(0.57735026919,0.57735026919,-0.57735026919));
#2990 = ORIENTED_EDGE('',*,*,#2607,.T.);
#2991 = ORIENTED_EDGE('',*,*,#2992,.T.);
#2992 = EDGE_CURVE('',#2600,#2993,#2995,.T.);
#2993 = VERTEX_POINT('',#2994);
#2994 = CARTESIAN_POINT('',(0.16,-0.16,-3.));
#2995 = LINE('',#2996,#2997);
#2996 = CARTESIAN_POINT('',(0.16,-0.16,-3.));
#2997 = VECTOR('',#2998,1.);
#2998 = DIRECTION('',(-0.57735026919,0.57735026919,-0.57735026919));
#2999 = ORIENTED_EDGE('',*,*,#3000,.F.);
#3000 = EDGE_CURVE('',#2984,#2993,#3001,.T.);
#3001 = LINE('',#3002,#3003);
#3002 = CARTESIAN_POINT('',(-0.32,-0.16,-3.));
#3003 = VECTOR('',#3004,1.);
#3004 = DIRECTION('',(1.,0.,0.));
#3005 = PLANE('',#3006);
#3006 = AXIS2_PLACEMENT_3D('',#3007,#3008,#3009);
#3007 = CARTESIAN_POINT('',(-0.32,-0.24,-2.92));
#3008 = DIRECTION('',(1.735167508357E-18,-0.707106781187,-0.707106781187
    ));
#3009 = DIRECTION('',(-1.,-1.226948711654E-18,-1.226948711654E-18));
#3010 = ADVANCED_FACE('',(#3011),#3029,.F.);
#3011 = FACE_BOUND('',#3012,.F.);
#3012 = EDGE_LOOP('',(#3013,#3014,#3015,#3023));
#3013 = ORIENTED_EDGE('',*,*,#2992,.F.);
#3014 = ORIENTED_EDGE('',*,*,#2631,.T.);
#3015 = ORIENTED_EDGE('',*,*,#3016,.T.);
#3016 = EDGE_CURVE('',#2632,#3017,#3019,.T.);
#3017 = VERTEX_POINT('',#3018);
#3018 = CARTESIAN_POINT('',(0.16,0.16,-3.));
#3019 = LINE('',#3020,#3021);
#3020 = CARTESIAN_POINT('',(5.333333333333E-02,5.333333333333E-02,
    -3.106666666667));
#3021 = VECTOR('',#3022,1.);
#3022 = DIRECTION('',(-0.57735026919,-0.57735026919,-0.57735026919));
#3023 = ORIENTED_EDGE('',*,*,#3024,.F.);
#3024 = EDGE_CURVE('',#2993,#3017,#3025,.T.);
#3025 = LINE('',#3026,#3027);
#3026 = CARTESIAN_POINT('',(0.16,-0.32,-3.));
#3027 = VECTOR('',#3028,1.);
#3028 = DIRECTION('',(0.,1.,0.));
#3029 = PLANE('',#3030);
#3030 = AXIS2_PLACEMENT_3D('',#3031,#3032,#3033);
#3031 = CARTESIAN_POINT('',(0.24,-0.32,-2.92));
#3032 = DIRECTION('',(-0.707106781187,1.735167508357E-18,0.707106781187)
  );
#3033 = DIRECTION('',(1.226948711654E-18,1.,-1.226948711654E-18));
#3034 = ADVANCED_FACE('',(#3035),#3053,.F.);
#3035 = FACE_BOUND('',#3036,.T.);
#3036 = EDGE_LOOP('',(#3037,#3045,#3046,#3047));
#3037 = ORIENTED_EDGE('',*,*,#3038,.F.);
#3038 = EDGE_CURVE('',#2656,#3039,#3041,.T.);
#3039 = VERTEX_POINT('',#3040);
#3040 = CARTESIAN_POINT('',(-0.16,0.16,-3.));
#3041 = LINE('',#3042,#3043);
#3042 = CARTESIAN_POINT('',(-0.16,0.16,-3.));
#3043 = VECTOR('',#3044,1.);
#3044 = DIRECTION('',(0.57735026919,-0.57735026919,-0.57735026919));
#3045 = ORIENTED_EDGE('',*,*,#2655,.T.);
#3046 = ORIENTED_EDGE('',*,*,#3016,.T.);
#3047 = ORIENTED_EDGE('',*,*,#3048,.F.);
#3048 = EDGE_CURVE('',#3039,#3017,#3049,.T.);
#3049 = LINE('',#3050,#3051);
#3050 = CARTESIAN_POINT('',(-0.32,0.16,-3.));
#3051 = VECTOR('',#3052,1.);
#3052 = DIRECTION('',(1.,0.,0.));
#3053 = PLANE('',#3054);
#3054 = AXIS2_PLACEMENT_3D('',#3055,#3056,#3057);
#3055 = CARTESIAN_POINT('',(-0.32,0.24,-2.92));
#3056 = DIRECTION('',(-1.735167508357E-18,-0.707106781187,0.707106781187
    ));
#3057 = DIRECTION('',(-1.,1.226948711654E-18,-1.226948711654E-18));
#3058 = ADVANCED_FACE('',(#3059),#3070,.T.);
#3059 = FACE_BOUND('',#3060,.T.);
#3060 = EDGE_LOOP('',(#3061,#3062,#3063,#3064));
#3061 = ORIENTED_EDGE('',*,*,#2983,.F.);
#3062 = ORIENTED_EDGE('',*,*,#2679,.T.);
#3063 = ORIENTED_EDGE('',*,*,#3038,.T.);
#3064 = ORIENTED_EDGE('',*,*,#3065,.F.);
#3065 = EDGE_CURVE('',#2984,#3039,#3066,.T.);
#3066 = LINE('',#3067,#3068);
#3067 = CARTESIAN_POINT('',(-0.16,-0.32,-3.));
#3068 = VECTOR('',#3069,1.);
#3069 = DIRECTION('',(0.,1.,0.));
#3070 = PLANE('',#3071);
#3071 = AXIS2_PLACEMENT_3D('',#3072,#3073,#3074);
#3072 = CARTESIAN_POINT('',(-0.24,-0.32,-2.92));
#3073 = DIRECTION('',(-0.707106781187,-1.735167508357E-18,
    -0.707106781187));
#3074 = DIRECTION('',(-1.226948711654E-18,1.,-1.226948711654E-18));
#3075 = ADVANCED_FACE('',(#3076),#3101,.T.);
#3076 = FACE_BOUND('',#3077,.F.);
#3077 = EDGE_LOOP('',(#3078,#3086,#3087,#3095));
#3078 = ORIENTED_EDGE('',*,*,#3079,.F.);
#3079 = EDGE_CURVE('',#2704,#3080,#3082,.T.);
#3080 = VERTEX_POINT('',#3081);
#3081 = CARTESIAN_POINT('',(-0.16,-2.7,-3.));
#3082 = LINE('',#3083,#3084);
#3083 = CARTESIAN_POINT('',(-0.266666666667,-2.806666666667,
    -2.893333333333));
#3084 = VECTOR('',#3085,1.);
#3085 = DIRECTION('',(0.57735026919,0.57735026919,-0.57735026919));
#3086 = ORIENTED_EDGE('',*,*,#2703,.T.);
#3087 = ORIENTED_EDGE('',*,*,#3088,.T.);
#3088 = EDGE_CURVE('',#2696,#3089,#3091,.T.);
#3089 = VERTEX_POINT('',#3090);
#3090 = CARTESIAN_POINT('',(0.16,-2.7,-3.));
#3091 = LINE('',#3092,#3093);
#3092 = CARTESIAN_POINT('',(0.16,-2.7,-3.));
#3093 = VECTOR('',#3094,1.);
#3094 = DIRECTION('',(-0.57735026919,0.57735026919,-0.57735026919));
#3095 = ORIENTED_EDGE('',*,*,#3096,.F.);
#3096 = EDGE_CURVE('',#3080,#3089,#3097,.T.);
#3097 = LINE('',#3098,#3099);
#3098 = CARTESIAN_POINT('',(-0.32,-2.7,-3.));
#3099 = VECTOR('',#3100,1.);
#3100 = DIRECTION('',(1.,0.,0.));
#3101 = PLANE('',#3102);
#3102 = AXIS2_PLACEMENT_3D('',#3103,#3104,#3105);
#3103 = CARTESIAN_POINT('',(-0.32,-2.78,-2.92));
#3104 = DIRECTION('',(1.735167508357E-18,-0.707106781187,-0.707106781187
    ));
#3105 = DIRECTION('',(-1.,-1.226948711654E-18,-1.226948711654E-18));
#3106 = ADVANCED_FACE('',(#3107),#3125,.F.);
#3107 = FACE_BOUND('',#3108,.F.);
#3108 = EDGE_LOOP('',(#3109,#3110,#3111,#3119));
#3109 = ORIENTED_EDGE('',*,*,#3088,.F.);
#3110 = ORIENTED_EDGE('',*,*,#2727,.T.);
#3111 = ORIENTED_EDGE('',*,*,#3112,.T.);
#3112 = EDGE_CURVE('',#2728,#3113,#3115,.T.);
#3113 = VERTEX_POINT('',#3114);
#3114 = CARTESIAN_POINT('',(0.16,-2.38,-3.));
#3115 = LINE('',#3116,#3117);
#3116 = CARTESIAN_POINT('',(5.333333333333E-02,-2.486666666667,
    -3.106666666667));
#3117 = VECTOR('',#3118,1.);
#3118 = DIRECTION('',(-0.57735026919,-0.57735026919,-0.57735026919));
#3119 = ORIENTED_EDGE('',*,*,#3120,.F.);
#3120 = EDGE_CURVE('',#3089,#3113,#3121,.T.);
#3121 = LINE('',#3122,#3123);
#3122 = CARTESIAN_POINT('',(0.16,-2.86,-3.));
#3123 = VECTOR('',#3124,1.);
#3124 = DIRECTION('',(0.,1.,0.));
#3125 = PLANE('',#3126);
#3126 = AXIS2_PLACEMENT_3D('',#3127,#3128,#3129);
#3127 = CARTESIAN_POINT('',(0.24,-2.86,-2.92));
#3128 = DIRECTION('',(-0.707106781187,1.735167508357E-18,0.707106781187)
  );
#3129 = DIRECTION('',(1.226948711654E-18,1.,-1.226948711654E-18));
#3130 = ADVANCED_FACE('',(#3131),#3149,.F.);
#3131 = FACE_BOUND('',#3132,.T.);
#3132 = EDGE_LOOP('',(#3133,#3141,#3142,#3143));
#3133 = ORIENTED_EDGE('',*,*,#3134,.F.);
#3134 = EDGE_CURVE('',#2752,#3135,#3137,.T.);
#3135 = VERTEX_POINT('',#3136);
#3136 = CARTESIAN_POINT('',(-0.16,-2.38,-3.));
#3137 = LINE('',#3138,#3139);
#3138 = CARTESIAN_POINT('',(-0.16,-2.38,-3.));
#3139 = VECTOR('',#3140,1.);
#3140 = DIRECTION('',(0.57735026919,-0.57735026919,-0.57735026919));
#3141 = ORIENTED_EDGE('',*,*,#2751,.T.);
#3142 = ORIENTED_EDGE('',*,*,#3112,.T.);
#3143 = ORIENTED_EDGE('',*,*,#3144,.F.);
#3144 = EDGE_CURVE('',#3135,#3113,#3145,.T.);
#3145 = LINE('',#3146,#3147);
#3146 = CARTESIAN_POINT('',(-0.32,-2.38,-3.));
#3147 = VECTOR('',#3148,1.);
#3148 = DIRECTION('',(1.,0.,0.));
#3149 = PLANE('',#3150);
#3150 = AXIS2_PLACEMENT_3D('',#3151,#3152,#3153);
#3151 = CARTESIAN_POINT('',(-0.32,-2.3,-2.92));
#3152 = DIRECTION('',(-1.735167508357E-18,-0.707106781187,0.707106781187
    ));
#3153 = DIRECTION('',(-1.,1.226948711654E-18,-1.226948711654E-18));
#3154 = ADVANCED_FACE('',(#3155),#3166,.T.);
#3155 = FACE_BOUND('',#3156,.T.);
#3156 = EDGE_LOOP('',(#3157,#3158,#3159,#3160));
#3157 = ORIENTED_EDGE('',*,*,#3079,.F.);
#3158 = ORIENTED_EDGE('',*,*,#2775,.T.);
#3159 = ORIENTED_EDGE('',*,*,#3134,.T.);
#3160 = ORIENTED_EDGE('',*,*,#3161,.F.);
#3161 = EDGE_CURVE('',#3080,#3135,#3162,.T.);
#3162 = LINE('',#3163,#3164);
#3163 = CARTESIAN_POINT('',(-0.16,-2.86,-3.));
#3164 = VECTOR('',#3165,1.);
#3165 = DIRECTION('',(0.,1.,0.));
#3166 = PLANE('',#3167);
#3167 = AXIS2_PLACEMENT_3D('',#3168,#3169,#3170);
#3168 = CARTESIAN_POINT('',(-0.24,-2.86,-2.92));
#3169 = DIRECTION('',(-0.707106781187,-1.735167508357E-18,
    -0.707106781187));
#3170 = DIRECTION('',(-1.226948711654E-18,1.,-1.226948711654E-18));
#3171 = ADVANCED_FACE('',(#3172),#3197,.F.);
#3172 = FACE_BOUND('',#3173,.T.);
#3173 = EDGE_LOOP('',(#3174,#3182,#3183,#3191));
#3174 = ORIENTED_EDGE('',*,*,#3175,.F.);
#3175 = EDGE_CURVE('',#2801,#3176,#3178,.T.);
#3176 = VERTEX_POINT('',#3177);
#3177 = CARTESIAN_POINT('',(-0.16,-0.16,8.54));
#3178 = LINE('',#3179,#3180);
#3179 = CARTESIAN_POINT('',(-0.266666666667,-0.266666666667,
    8.433333333333));
#3180 = VECTOR('',#3181,1.);
#3181 = DIRECTION('',(0.57735026919,0.57735026919,0.57735026919));
#3182 = ORIENTED_EDGE('',*,*,#2808,.T.);
#3183 = ORIENTED_EDGE('',*,*,#3184,.T.);
#3184 = EDGE_CURVE('',#2792,#3185,#3187,.T.);
#3185 = VERTEX_POINT('',#3186);
#3186 = CARTESIAN_POINT('',(0.16,-0.16,8.54));
#3187 = LINE('',#3188,#3189);
#3188 = CARTESIAN_POINT('',(0.16,-0.16,8.54));
#3189 = VECTOR('',#3190,1.);
#3190 = DIRECTION('',(-0.57735026919,0.57735026919,0.57735026919));
#3191 = ORIENTED_EDGE('',*,*,#3192,.F.);
#3192 = EDGE_CURVE('',#3176,#3185,#3193,.T.);
#3193 = LINE('',#3194,#3195);
#3194 = CARTESIAN_POINT('',(-0.32,-0.16,8.54));
#3195 = VECTOR('',#3196,1.);
#3196 = DIRECTION('',(1.,0.,0.));
#3197 = PLANE('',#3198);
#3198 = AXIS2_PLACEMENT_3D('',#3199,#3200,#3201);
#3199 = CARTESIAN_POINT('',(-0.32,-0.24,8.46));
#3200 = DIRECTION('',(-1.735167508357E-18,0.707106781187,-0.707106781187
    ));
#3201 = DIRECTION('',(-1.,-1.226948711654E-18,1.226948711654E-18));
#3202 = ADVANCED_FACE('',(#3203),#3221,.T.);
#3203 = FACE_BOUND('',#3204,.T.);
#3204 = EDGE_LOOP('',(#3205,#3206,#3207,#3215));
#3205 = ORIENTED_EDGE('',*,*,#3184,.F.);
#3206 = ORIENTED_EDGE('',*,*,#2832,.T.);
#3207 = ORIENTED_EDGE('',*,*,#3208,.T.);
#3208 = EDGE_CURVE('',#2825,#3209,#3211,.T.);
#3209 = VERTEX_POINT('',#3210);
#3210 = CARTESIAN_POINT('',(0.16,0.16,8.54));
#3211 = LINE('',#3212,#3213);
#3212 = CARTESIAN_POINT('',(5.333333333333E-02,5.333333333333E-02,
    8.646666666667));
#3213 = VECTOR('',#3214,1.);
#3214 = DIRECTION('',(-0.57735026919,-0.57735026919,0.57735026919));
#3215 = ORIENTED_EDGE('',*,*,#3216,.F.);
#3216 = EDGE_CURVE('',#3185,#3209,#3217,.T.);
#3217 = LINE('',#3218,#3219);
#3218 = CARTESIAN_POINT('',(0.16,-0.32,8.54));
#3219 = VECTOR('',#3220,1.);
#3220 = DIRECTION('',(0.,1.,0.));
#3221 = PLANE('',#3222);
#3222 = AXIS2_PLACEMENT_3D('',#3223,#3224,#3225);
#3223 = CARTESIAN_POINT('',(0.24,-0.32,8.46));
#3224 = DIRECTION('',(0.707106781187,-1.735167508357E-18,0.707106781187)
  );
#3225 = DIRECTION('',(1.226948711654E-18,1.,1.226948711654E-18));
#3226 = ADVANCED_FACE('',(#3227),#3245,.T.);
#3227 = FACE_BOUND('',#3228,.F.);
#3228 = EDGE_LOOP('',(#3229,#3237,#3238,#3239));
#3229 = ORIENTED_EDGE('',*,*,#3230,.F.);
#3230 = EDGE_CURVE('',#2849,#3231,#3233,.T.);
#3231 = VERTEX_POINT('',#3232);
#3232 = CARTESIAN_POINT('',(-0.16,0.16,8.54));
#3233 = LINE('',#3234,#3235);
#3234 = CARTESIAN_POINT('',(-0.16,0.16,8.54));
#3235 = VECTOR('',#3236,1.);
#3236 = DIRECTION('',(0.57735026919,-0.57735026919,0.57735026919));
#3237 = ORIENTED_EDGE('',*,*,#2856,.T.);
#3238 = ORIENTED_EDGE('',*,*,#3208,.T.);
#3239 = ORIENTED_EDGE('',*,*,#3240,.F.);
#3240 = EDGE_CURVE('',#3231,#3209,#3241,.T.);
#3241 = LINE('',#3242,#3243);
#3242 = CARTESIAN_POINT('',(-0.32,0.16,8.54));
#3243 = VECTOR('',#3244,1.);
#3244 = DIRECTION('',(1.,0.,0.));
#3245 = PLANE('',#3246);
#3246 = AXIS2_PLACEMENT_3D('',#3247,#3248,#3249);
#3247 = CARTESIAN_POINT('',(-0.32,0.24,8.46));
#3248 = DIRECTION('',(1.735167508357E-18,0.707106781187,0.707106781187)
  );
#3249 = DIRECTION('',(-1.,1.226948711654E-18,1.226948711654E-18));
#3250 = ADVANCED_FACE('',(#3251),#3262,.F.);
#3251 = FACE_BOUND('',#3252,.F.);
#3252 = EDGE_LOOP('',(#3253,#3254,#3255,#3256));
#3253 = ORIENTED_EDGE('',*,*,#3175,.F.);
#3254 = ORIENTED_EDGE('',*,*,#2873,.T.);
#3255 = ORIENTED_EDGE('',*,*,#3230,.T.);
#3256 = ORIENTED_EDGE('',*,*,#3257,.F.);
#3257 = EDGE_CURVE('',#3176,#3231,#3258,.T.);
#3258 = LINE('',#3259,#3260);
#3259 = CARTESIAN_POINT('',(-0.16,-0.32,8.54));
#3260 = VECTOR('',#3261,1.);
#3261 = DIRECTION('',(0.,1.,0.));
#3262 = PLANE('',#3263);
#3263 = AXIS2_PLACEMENT_3D('',#3264,#3265,#3266);
#3264 = CARTESIAN_POINT('',(-0.24,-0.32,8.46));
#3265 = DIRECTION('',(0.707106781187,1.735167508357E-18,-0.707106781187)
  );
#3266 = DIRECTION('',(-1.226948711654E-18,1.,1.226948711654E-18));
#3267 = ADVANCED_FACE('',(#3268),#3293,.F.);
#3268 = FACE_BOUND('',#3269,.T.);
#3269 = EDGE_LOOP('',(#3270,#3278,#3279,#3287));
#3270 = ORIENTED_EDGE('',*,*,#3271,.F.);
#3271 = EDGE_CURVE('',#2897,#3272,#3274,.T.);
#3272 = VERTEX_POINT('',#3273);
#3273 = CARTESIAN_POINT('',(-0.16,-2.7,8.54));
#3274 = LINE('',#3275,#3276);
#3275 = CARTESIAN_POINT('',(-0.266666666667,-2.806666666667,
    8.433333333333));
#3276 = VECTOR('',#3277,1.);
#3277 = DIRECTION('',(0.57735026919,0.57735026919,0.57735026919));
#3278 = ORIENTED_EDGE('',*,*,#2904,.T.);
#3279 = ORIENTED_EDGE('',*,*,#3280,.T.);
#3280 = EDGE_CURVE('',#2888,#3281,#3283,.T.);
#3281 = VERTEX_POINT('',#3282);
#3282 = CARTESIAN_POINT('',(0.16,-2.7,8.54));
#3283 = LINE('',#3284,#3285);
#3284 = CARTESIAN_POINT('',(0.16,-2.7,8.54));
#3285 = VECTOR('',#3286,1.);
#3286 = DIRECTION('',(-0.57735026919,0.57735026919,0.57735026919));
#3287 = ORIENTED_EDGE('',*,*,#3288,.F.);
#3288 = EDGE_CURVE('',#3272,#3281,#3289,.T.);
#3289 = LINE('',#3290,#3291);
#3290 = CARTESIAN_POINT('',(-0.32,-2.7,8.54));
#3291 = VECTOR('',#3292,1.);
#3292 = DIRECTION('',(1.,0.,0.));
#3293 = PLANE('',#3294);
#3294 = AXIS2_PLACEMENT_3D('',#3295,#3296,#3297);
#3295 = CARTESIAN_POINT('',(-0.32,-2.78,8.46));
#3296 = DIRECTION('',(-1.735167508357E-18,0.707106781187,-0.707106781187
    ));
#3297 = DIRECTION('',(-1.,-1.226948711654E-18,1.226948711654E-18));
#3298 = ADVANCED_FACE('',(#3299),#3317,.T.);
#3299 = FACE_BOUND('',#3300,.T.);
#3300 = EDGE_LOOP('',(#3301,#3302,#3303,#3311));
#3301 = ORIENTED_EDGE('',*,*,#3280,.F.);
#3302 = ORIENTED_EDGE('',*,*,#2928,.T.);
#3303 = ORIENTED_EDGE('',*,*,#3304,.T.);
#3304 = EDGE_CURVE('',#2921,#3305,#3307,.T.);
#3305 = VERTEX_POINT('',#3306);
#3306 = CARTESIAN_POINT('',(0.16,-2.38,8.54));
#3307 = LINE('',#3308,#3309);
#3308 = CARTESIAN_POINT('',(5.333333333333E-02,-2.486666666667,
    8.646666666667));
#3309 = VECTOR('',#3310,1.);
#3310 = DIRECTION('',(-0.57735026919,-0.57735026919,0.57735026919));
#3311 = ORIENTED_EDGE('',*,*,#3312,.F.);
#3312 = EDGE_CURVE('',#3281,#3305,#3313,.T.);
#3313 = LINE('',#3314,#3315);
#3314 = CARTESIAN_POINT('',(0.16,-2.86,8.54));
#3315 = VECTOR('',#3316,1.);
#3316 = DIRECTION('',(0.,1.,0.));
#3317 = PLANE('',#3318);
#3318 = AXIS2_PLACEMENT_3D('',#3319,#3320,#3321);
#3319 = CARTESIAN_POINT('',(0.24,-2.86,8.46));
#3320 = DIRECTION('',(0.707106781187,-1.735167508357E-18,0.707106781187)
  );
#3321 = DIRECTION('',(1.226948711654E-18,1.,1.226948711654E-18));
#3322 = ADVANCED_FACE('',(#3323),#3341,.T.);
#3323 = FACE_BOUND('',#3324,.F.);
#3324 = EDGE_LOOP('',(#3325,#3333,#3334,#3335));
#3325 = ORIENTED_EDGE('',*,*,#3326,.F.);
#3326 = EDGE_CURVE('',#2945,#3327,#3329,.T.);
#3327 = VERTEX_POINT('',#3328);
#3328 = CARTESIAN_POINT('',(-0.16,-2.38,8.54));
#3329 = LINE('',#3330,#3331);
#3330 = CARTESIAN_POINT('',(-0.16,-2.38,8.54));
#3331 = VECTOR('',#3332,1.);
#3332 = DIRECTION('',(0.57735026919,-0.57735026919,0.57735026919));
#3333 = ORIENTED_EDGE('',*,*,#2952,.T.);
#3334 = ORIENTED_EDGE('',*,*,#3304,.T.);
#3335 = ORIENTED_EDGE('',*,*,#3336,.F.);
#3336 = EDGE_CURVE('',#3327,#3305,#3337,.T.);
#3337 = LINE('',#3338,#3339);
#3338 = CARTESIAN_POINT('',(-0.32,-2.38,8.54));
#3339 = VECTOR('',#3340,1.);
#3340 = DIRECTION('',(1.,0.,0.));
#3341 = PLANE('',#3342);
#3342 = AXIS2_PLACEMENT_3D('',#3343,#3344,#3345);
#3343 = CARTESIAN_POINT('',(-0.32,-2.3,8.46));
#3344 = DIRECTION('',(1.735167508357E-18,0.707106781187,0.707106781187)
  );
#3345 = DIRECTION('',(-1.,1.226948711654E-18,1.226948711654E-18));
#3346 = ADVANCED_FACE('',(#3347),#3358,.F.);
#3347 = FACE_BOUND('',#3348,.F.);
#3348 = EDGE_LOOP('',(#3349,#3350,#3351,#3352));
#3349 = ORIENTED_EDGE('',*,*,#3271,.F.);
#3350 = ORIENTED_EDGE('',*,*,#2969,.T.);
#3351 = ORIENTED_EDGE('',*,*,#3326,.T.);
#3352 = ORIENTED_EDGE('',*,*,#3353,.F.);
#3353 = EDGE_CURVE('',#3272,#3327,#3354,.T.);
#3354 = LINE('',#3355,#3356);
#3355 = CARTESIAN_POINT('',(-0.16,-2.86,8.54));
#3356 = VECTOR('',#3357,1.);
#3357 = DIRECTION('',(0.,1.,0.));
#3358 = PLANE('',#3359);
#3359 = AXIS2_PLACEMENT_3D('',#3360,#3361,#3362);
#3360 = CARTESIAN_POINT('',(-0.24,-2.86,8.46));
#3361 = DIRECTION('',(0.707106781187,1.735167508357E-18,-0.707106781187)
  );
#3362 = DIRECTION('',(-1.226948711654E-18,1.,1.226948711654E-18));
#3363 = ADVANCED_FACE('',(#3364),#3370,.F.);
#3364 = FACE_BOUND('',#3365,.F.);
#3365 = EDGE_LOOP('',(#3366,#3367,#3368,#3369));
#3366 = ORIENTED_EDGE('',*,*,#3065,.F.);
#3367 = ORIENTED_EDGE('',*,*,#3000,.T.);
#3368 = ORIENTED_EDGE('',*,*,#3024,.T.);
#3369 = ORIENTED_EDGE('',*,*,#3048,.F.);
#3370 = PLANE('',#3371);
#3371 = AXIS2_PLACEMENT_3D('',#3372,#3373,#3374);
#3372 = CARTESIAN_POINT('',(-0.32,-0.32,-3.));
#3373 = DIRECTION('',(0.,0.,1.));
#3374 = DIRECTION('',(1.,0.,-0.));
#3375 = ADVANCED_FACE('',(#3376),#3382,.F.);
#3376 = FACE_BOUND('',#3377,.F.);
#3377 = EDGE_LOOP('',(#3378,#3379,#3380,#3381));
#3378 = ORIENTED_EDGE('',*,*,#3161,.F.);
#3379 = ORIENTED_EDGE('',*,*,#3096,.T.);
#3380 = ORIENTED_EDGE('',*,*,#3120,.T.);
#3381 = ORIENTED_EDGE('',*,*,#3144,.F.);
#3382 = PLANE('',#3383);
#3383 = AXIS2_PLACEMENT_3D('',#3384,#3385,#3386);
#3384 = CARTESIAN_POINT('',(-0.32,-2.86,-3.));
#3385 = DIRECTION('',(0.,0.,1.));
#3386 = DIRECTION('',(1.,0.,-0.));
#3387 = ADVANCED_FACE('',(#3388),#3394,.T.);
#3388 = FACE_BOUND('',#3389,.T.);
#3389 = EDGE_LOOP('',(#3390,#3391,#3392,#3393));
#3390 = ORIENTED_EDGE('',*,*,#3240,.F.);
#3391 = ORIENTED_EDGE('',*,*,#3257,.F.);
#3392 = ORIENTED_EDGE('',*,*,#3192,.T.);
#3393 = ORIENTED_EDGE('',*,*,#3216,.T.);
#3394 = PLANE('',#3395);
#3395 = AXIS2_PLACEMENT_3D('',#3396,#3397,#3398);
#3396 = CARTESIAN_POINT('',(-0.32,-0.32,8.54));
#3397 = DIRECTION('',(0.,0.,1.));
#3398 = DIRECTION('',(1.,0.,-0.));
#3399 = ADVANCED_FACE('',(#3400),#3406,.T.);
#3400 = FACE_BOUND('',#3401,.T.);
#3401 = EDGE_LOOP('',(#3402,#3403,#3404,#3405));
#3402 = ORIENTED_EDGE('',*,*,#3336,.F.);
#3403 = ORIENTED_EDGE('',*,*,#3353,.F.);
#3404 = ORIENTED_EDGE('',*,*,#3288,.T.);
#3405 = ORIENTED_EDGE('',*,*,#3312,.T.);
#3406 = PLANE('',#3407);
#3407 = AXIS2_PLACEMENT_3D('',#3408,#3409,#3410);
#3408 = CARTESIAN_POINT('',(-0.32,-2.86,8.54));
#3409 = DIRECTION('',(0.,0.,1.));
#3410 = DIRECTION('',(1.,0.,-0.));
#3411 = ( GEOMETRIC_REPRESENTATION_CONTEXT(3) 
GLOBAL_UNCERTAINTY_ASSIGNED_CONTEXT((#3415)) 
GLOBAL_UNIT_ASSIGNED_CONTEXT((#3412,#3413,#3414)) REPRESENTATION_CONTEXT
('Context #1','3D Context with UNIT and UNCERTAINTY') );
#3412 = ( LENGTH_UNIT() NAMED_UNIT(*) SI_UNIT(.MILLI.,.METRE.) );
#3413 = ( NAMED_UNIT(*) PLANE_ANGLE_UNIT() SI_UNIT($,.RADIAN.) );
#3414 = ( NAMED_UNIT(*) SI_UNIT($,.STERADIAN.) SOLID_ANGLE_UNIT() );
#3415 = UNCERTAINTY_MEASURE_WITH_UNIT(LENGTH_MEASURE(1.E-07),#3412,
  'distance_accuracy_value','confusion accuracy');
#3416 = CONTEXT_DEPENDENT_SHAPE_REPRESENTATION(#3417,#3419);
#3417 = ( REPRESENTATION_RELATIONSHIP('','',#1978,#1955) 
REPRESENTATION_RELATIONSHIP_WITH_TRANSFORMATION(#3418) 
SHAPE_REPRESENTATION_RELATIONSHIP() );
#3418 = ITEM_DEFINED_TRANSFORMATION('','',#11,#1956);
#3419 = PRODUCT_DEFINITION_SHAPE('Placement','Placement of an item',
  #3420);
#3420 = NEXT_ASSEMBLY_USAGE_OCCURRENCE('4','=>[0:1:1:5]','',#1950,#1973,
  $);
#3421 = PRODUCT_RELATED_PRODUCT_CATEGORY('part',$,(#1975));
#3422 = SHAPE_DEFINITION_REPRESENTATION(#3423,#3429);
#3423 = PRODUCT_DEFINITION_SHAPE('','',#3424);
#3424 = PRODUCT_DEFINITION('design','',#3425,#3428);
#3425 = PRODUCT_DEFINITION_FORMATION('','',#3426);
#3426 = PRODUCT('R_Axial_DIN0207_L6.3mm_D2.5mm_P7.62mm_Horizontal',
  'R_Axial_DIN0207_L6.3mm_D2.5mm_P7.62mm_Horizontal','',(#3427));
#3427 = PRODUCT_CONTEXT('',#2,'mechanical');
#3428 = PRODUCT_DEFINITION_CONTEXT('part definition',#2,'design');
#3429 = SHAPE_REPRESENTATION('',(#11,#3430),#3434);
#3430 = AXIS2_PLACEMENT_3D('',#3431,#3432,#3433);
#3431 = CARTESIAN_POINT('',(0.,0.,0.));
#3432 = DIRECTION('',(0.,0.,1.));
#3433 = DIRECTION('',(1.,0.,-0.));
#3434 = ( GEOMETRIC_REPRESENTATION_CONTEXT(3) 
GLOBAL_UNCERTAINTY_ASSIGNED_CONTEXT((#3438)) 
GLOBAL_UNIT_ASSIGNED_CONTEXT((#3435,#3436,#3437)) REPRESENTATION_CONTEXT
('Context #1','3D Context with UNIT and UNCERTAINTY') );
#3435 = ( LENGTH_UNIT() NAMED_UNIT(*) SI_UNIT(.MILLI.,.METRE.) );
#3436 = ( NAMED_UNIT(*) PLANE_ANGLE_UNIT() SI_UNIT($,.RADIAN.) );
#3437 = ( NAMED_UNIT(*) SI_UNIT($,.STERADIAN.) SOLID_ANGLE_UNIT() );
#3438 = UNCERTAINTY_MEASURE_WITH_UNIT(LENGTH_MEASURE(1.E-07),#3435,
  'distance_accuracy_value','confusion accuracy');
#3439 = CONTEXT_DEPENDENT_SHAPE_REPRESENTATION(#3440,#3442);
#3440 = ( REPRESENTATION_RELATIONSHIP('','',#3429,#10) 
REPRESENTATION_RELATIONSHIP_WITH_TRANSFORMATION(#3441) 
SHAPE_REPRESENTATION_RELATIONSHIP() );
#3441 = ITEM_DEFINED_TRANSFORMATION('','',#11,#27);
#3442 = PRODUCT_DEFINITION_SHAPE('Placement','Placement of an item',
  #3443);
#3443 = NEXT_ASSEMBLY_USAGE_OCCURRENCE('7','R2','',#5,#3424,$);
#3444 = PRODUCT_RELATED_PRODUCT_CATEGORY('part',$,(#3426));
#3445 = SHAPE_DEFINITION_REPRESENTATION(#3446,#3452);
#3446 = PRODUCT_DEFINITION_SHAPE('','',#3447);
#3447 = PRODUCT_DEFINITION('design','',#3448,#3451);
#3448 = PRODUCT_DEFINITION_FORMATION('','',#3449);
#3449 = PRODUCT('R_Axial_DIN0207_L63mm_D25mm_P762mm_Horizontal',
  'R_Axial_DIN0207_L63mm_D25mm_P762mm_Horizontal','',(#3450));
#3450 = PRODUCT_CONTEXT('',#2,'mechanical');
#3451 = PRODUCT_DEFINITION_CONTEXT('part definition',#2,'design');
#3452 = ADVANCED_BREP_SHAPE_REPRESENTATION('',(#11,#3453),#4116);
#3453 = MANIFOLD_SOLID_BREP('',#3454);
#3454 = CLOSED_SHELL('',(#3455,#3488,#3514,#3534,#3717,#3742,#3768,#3788
    ,#3813,#3838,#3847,#3873,#4056,#4082,#4107));
#3455 = ADVANCED_FACE('',(#3456),#3483,.T.);
#3456 = FACE_BOUND('',#3457,.T.);
#3457 = EDGE_LOOP('',(#3458,#3467,#3475,#3482));
#3458 = ORIENTED_EDGE('',*,*,#3459,.T.);
#3459 = EDGE_CURVE('',#3460,#3460,#3462,.T.);
#3460 = VERTEX_POINT('',#3461);
#3461 = CARTESIAN_POINT('',(1.285,1.25,1.25));
#3462 = CIRCLE('',#3463,1.25);
#3463 = AXIS2_PLACEMENT_3D('',#3464,#3465,#3466);
#3464 = CARTESIAN_POINT('',(1.285,0.,1.25));
#3465 = DIRECTION('',(1.,0.,0.));
#3466 = DIRECTION('',(-0.,1.,0.));
#3467 = ORIENTED_EDGE('',*,*,#3468,.T.);
#3468 = EDGE_CURVE('',#3460,#3469,#3471,.T.);
#3469 = VERTEX_POINT('',#3470);
#3470 = CARTESIAN_POINT('',(2.235,1.25,1.25));
#3471 = LINE('',#3472,#3473);
#3472 = CARTESIAN_POINT('',(0.66,1.25,1.25));
#3473 = VECTOR('',#3474,1.);
#3474 = DIRECTION('',(1.,0.,0.));
#3475 = ORIENTED_EDGE('',*,*,#3476,.F.);
#3476 = EDGE_CURVE('',#3469,#3469,#3477,.T.);
#3477 = CIRCLE('',#3478,1.25);
#3478 = AXIS2_PLACEMENT_3D('',#3479,#3480,#3481);
#3479 = CARTESIAN_POINT('',(2.235,0.,1.25));
#3480 = DIRECTION('',(1.,0.,0.));
#3481 = DIRECTION('',(-0.,1.,0.));
#3482 = ORIENTED_EDGE('',*,*,#3468,.F.);
#3483 = CYLINDRICAL_SURFACE('',#3484,1.25);
#3484 = AXIS2_PLACEMENT_3D('',#3485,#3486,#3487);
#3485 = CARTESIAN_POINT('',(0.66,0.,1.25));
#3486 = DIRECTION('',(-1.,-0.,-0.));
#3487 = DIRECTION('',(0.,1.,0.));
#3488 = ADVANCED_FACE('',(#3489),#3509,.T.);
#3489 = FACE_BOUND('',#3490,.T.);
#3490 = EDGE_LOOP('',(#3491,#3500,#3507,#3508));
#3491 = ORIENTED_EDGE('',*,*,#3492,.T.);
#3492 = EDGE_CURVE('',#3493,#3493,#3495,.T.);
#3493 = VERTEX_POINT('',#3494);
#3494 = CARTESIAN_POINT('',(0.66,0.625,1.25));
#3495 = CIRCLE('',#3496,0.625);
#3496 = AXIS2_PLACEMENT_3D('',#3497,#3498,#3499);
#3497 = CARTESIAN_POINT('',(0.66,0.,1.25));
#3498 = DIRECTION('',(1.,0.,0.));
#3499 = DIRECTION('',(-0.,1.,0.));
#3500 = ORIENTED_EDGE('',*,*,#3501,.F.);
#3501 = EDGE_CURVE('',#3460,#3493,#3502,.T.);
#3502 = CIRCLE('',#3503,0.625);
#3503 = AXIS2_PLACEMENT_3D('',#3504,#3505,#3506);
#3504 = CARTESIAN_POINT('',(1.285,0.625,1.25));
#3505 = DIRECTION('',(0.,-0.,1.));
#3506 = DIRECTION('',(0.,1.,0.));
#3507 = ORIENTED_EDGE('',*,*,#3459,.F.);
#3508 = ORIENTED_EDGE('',*,*,#3501,.T.);
#3509 = TOROIDAL_SURFACE('',#3510,0.625,0.625);
#3510 = AXIS2_PLACEMENT_3D('',#3511,#3512,#3513);
#3511 = CARTESIAN_POINT('',(1.285,0.,1.25));
#3512 = DIRECTION('',(-1.,0.,0.));
#3513 = DIRECTION('',(0.,1.,0.));
#3514 = ADVANCED_FACE('',(#3515,#3518),#3529,.F.);
#3515 = FACE_BOUND('',#3516,.F.);
#3516 = EDGE_LOOP('',(#3517));
#3517 = ORIENTED_EDGE('',*,*,#3476,.F.);
#3518 = FACE_BOUND('',#3519,.F.);
#3519 = EDGE_LOOP('',(#3520));
#3520 = ORIENTED_EDGE('',*,*,#3521,.F.);
#3521 = EDGE_CURVE('',#3522,#3522,#3524,.T.);
#3522 = VERTEX_POINT('',#3523);
#3523 = CARTESIAN_POINT('',(2.235,1.125,1.25));
#3524 = CIRCLE('',#3525,1.125);
#3525 = AXIS2_PLACEMENT_3D('',#3526,#3527,#3528);
#3526 = CARTESIAN_POINT('',(2.235,0.,1.25));
#3527 = DIRECTION('',(-1.,0.,0.));
#3528 = DIRECTION('',(0.,1.,0.));
#3529 = PLANE('',#3530);
#3530 = AXIS2_PLACEMENT_3D('',#3531,#3532,#3533);
#3531 = CARTESIAN_POINT('',(2.235,1.25,1.25));
#3532 = DIRECTION('',(-1.,0.,0.));
#3533 = DIRECTION('',(0.,0.,-1.));
#3534 = ADVANCED_FACE('',(#3535,#3538),#3712,.T.);
#3535 = FACE_BOUND('',#3536,.T.);
#3536 = EDGE_LOOP('',(#3537));
#3537 = ORIENTED_EDGE('',*,*,#3492,.F.);
#3538 = FACE_BOUND('',#3539,.T.);
#3539 = EDGE_LOOP('',(#3540));
#3540 = ORIENTED_EDGE('',*,*,#3541,.F.);
#3541 = EDGE_CURVE('',#3542,#3542,#3544,.T.);
#3542 = VERTEX_POINT('',#3543);
#3543 = CARTESIAN_POINT('',(0.66,1.102182119233E-16,0.899909083395));
#3544 = B_SPLINE_CURVE_WITH_KNOTS('',6,(#3545,#3546,#3547,#3548,#3549,
    #3550,#3551,#3552,#3553,#3554,#3555,#3556,#3557,#3558,#3559,#3560,
    #3561,#3562,#3563,#3564,#3565,#3566,#3567,#3568,#3569,#3570,#3571,
    #3572,#3573,#3574,#3575,#3576,#3577,#3578,#3579,#3580,#3581,#3582,
    #3583,#3584,#3585,#3586,#3587,#3588,#3589,#3590,#3591,#3592,#3593,
    #3594,#3595,#3596,#3597,#3598,#3599,#3600,#3601,#3602,#3603,#3604,
    #3605,#3606,#3607,#3608,#3609,#3610,#3611,#3612,#3613,#3614,#3615,
    #3616,#3617,#3618,#3619,#3620,#3621,#3622,#3623,#3624,#3625,#3626,
    #3627,#3628,#3629,#3630,#3631,#3632,#3633,#3634,#3635,#3636,#3637,
    #3638,#3639,#3640,#3641,#3642,#3643,#3644,#3645,#3646,#3647,#3648,
    #3649,#3650,#3651,#3652,#3653,#3654,#3655,#3656,#3657,#3658,#3659,
    #3660,#3661,#3662,#3663,#3664,#3665,#3666,#3667,#3668,#3669,#3670,
    #3671,#3672,#3673,#3674,#3675,#3676,#3677,#3678,#3679,#3680,#3681,
    #3682,#3683,#3684,#3685,#3686,#3687,#3688,#3689,#3690,#3691,#3692,
    #3693,#3694,#3695,#3696,#3697,#3698,#3699,#3700,#3701,#3702,#3703,
    #3704,#3705,#3706,#3707,#3708,#3709,#3710,#3711),.UNSPECIFIED.,.T.,
  .F.,(1,6,5,5,5,5,5,5,5,5,5,5,5,5,5,5,5,5,5,5,5,5,5,5,5,5,5,5,5,5,5,5,5
    ,5,6,1),(-3.7441643477E-02,0.,2.521870323933E-02,5.431496394384E-02,
    8.648919549843E-02,0.120700162351,0.155854554579,0.191019956077,
    0.22552099352,0.258944151729,0.291091798271,0.321919308947,
    0.351475044446,0.379851974729,0.407153625953,0.43347490921,
    0.458900868731,0.483545347382,0.505902822615,0.530283950565,
    0.555351989471,0.581274789002,0.608140584187,0.636038742308,
    0.665070462617,0.695336577837,0.72690990423,0.759792997252,
    0.79386262098,0.828806470397,0.864066503475,0.898816439436,
    0.932013287381,0.962558356523,1.,1.025218703239),.UNSPECIFIED.);
#3545 = CARTESIAN_POINT('',(0.66,0.,0.899909083395));
#3546 = CARTESIAN_POINT('',(0.66,-9.861963323296E-03,0.899909084471));
#3547 = CARTESIAN_POINT('',(0.66,-1.960383099012E-02,0.900333558971));
#3548 = CARTESIAN_POINT('',(0.66,-2.90667633729E-02,0.901163095205));
#3549 = CARTESIAN_POINT('',(0.66,-3.818473840012E-02,0.902336888075));
#3550 = CARTESIAN_POINT('',(0.66,-4.697555886318E-02,0.903805406252));
#3551 = CARTESIAN_POINT('',(0.66,-6.541217845247E-02,0.907588617289));
#3552 = CARTESIAN_POINT('',(0.66,-7.491989955217E-02,0.909985996381));
#3553 = CARTESIAN_POINT('',(0.66,-8.408858685729E-02,0.912709602459));
#3554 = CARTESIAN_POINT('',(0.66,-9.29431150905E-02,0.915726339128));
#3555 = CARTESIAN_POINT('',(0.66,-0.101504886237,0.919011492948));
#3556 = CARTESIAN_POINT('',(0.66,-0.118958160976,0.926453793498));
#3557 = CARTESIAN_POINT('',(0.66,-0.127787740677,0.930666021227));
#3558 = CARTESIAN_POINT('',(0.66,-0.136306213845,0.935155972835));
#3559 = CARTESIAN_POINT('',(0.66,-0.144532125259,0.939904061777));
#3560 = CARTESIAN_POINT('',(0.66,-0.152479834979,0.944895594586));
#3561 = CARTESIAN_POINT('',(0.66,-0.168328675181,0.955672717204));
#3562 = CARTESIAN_POINT('',(0.66,-0.176194628708,0.961488338811));
#3563 = CARTESIAN_POINT('',(0.66,-0.183772627725,0.967551590964));
#3564 = CARTESIAN_POINT('',(0.66,-0.191071921446,0.973851630909));
#3565 = CARTESIAN_POINT('',(0.66,-0.19809849539,0.980379998969));
#3566 = CARTESIAN_POINT('',(0.66,-0.211800252103,0.99406561399));
#3567 = CARTESIAN_POINT('',(0.66,-0.218460183619,1.001235038361));
#3568 = CARTESIAN_POINT('',(0.66,-0.224839916669,1.008630424477));
#3569 = CARTESIAN_POINT('',(0.66,-0.230940302033,1.016245317007));
#3570 = CARTESIAN_POINT('',(0.66,-0.236759778797,1.024074009311));
#3571 = CARTESIAN_POINT('',(0.66,-0.247832030244,1.040150827903));
#3572 = CARTESIAN_POINT('',(0.66,-0.253084597548,1.048398894868));
#3573 = CARTESIAN_POINT('',(0.66,-0.258049056373,1.056850063306));
#3574 = CARTESIAN_POINT('',(0.66,-0.262719990238,1.065498702059));
#3575 = CARTESIAN_POINT('',(0.66,-0.267090249501,1.07433884651));
#3576 = CARTESIAN_POINT('',(0.66,-0.275134936213,1.092219038761));
#3577 = CARTESIAN_POINT('',(0.66,-0.278821023102,1.101251941956));
#3578 = CARTESIAN_POINT('',(0.66,-0.282200792082,1.110456832947));
#3579 = CARTESIAN_POINT('',(0.66,-0.285264705632,1.119826546568));
#3580 = CARTESIAN_POINT('',(0.66,-0.288002108658,1.129352827713));
#3581 = CARTESIAN_POINT('',(0.66,-0.29272539517,1.148397615962));
#3582 = CARTESIAN_POINT('',(0.66,-0.29473218058,1.157906910826));
#3583 = CARTESIAN_POINT('',(0.66,-0.296410836061,1.167545600214));
#3584 = CARTESIAN_POINT('',(0.66,-0.297750151594,1.177303530334));
#3585 = CARTESIAN_POINT('',(0.66,-0.298738455802,1.187169009313));
#3586 = CARTESIAN_POINT('',(0.66,-0.299964918417,1.206708514181));
#3587 = CARTESIAN_POINT('',(0.66,-0.300230384291,1.216375379318));
#3588 = CARTESIAN_POINT('',(0.66,-0.300149186912,1.226117491764));
#3589 = CARTESIAN_POINT('',(0.66,-0.299710710819,1.235921272022));
#3590 = CARTESIAN_POINT('',(0.66,-0.298904551758,1.245771471938));
#3591 = CARTESIAN_POINT('',(0.66,-0.296585103724,1.265125169703));
#3592 = CARTESIAN_POINT('',(0.66,-0.295102339165,1.274626258325));
#3593 = CARTESIAN_POINT('',(0.66,-0.293263240337,1.284139377081));
#3594 = CARTESIAN_POINT('',(0.66,-0.291059628806,1.293647957516));
#3595 = CARTESIAN_POINT('',(0.66,-0.288484130363,1.303133926208));
#3596 = CARTESIAN_POINT('',(0.66,-0.282698083788,1.321631884472));
#3597 = CARTESIAN_POINT('',(0.66,-0.279518227914,1.330647303479));
#3598 = CARTESIAN_POINT('',(0.66,-0.275984860345,1.33960658093));
#3599 = CARTESIAN_POINT('',(0.66,-0.272093455342,1.348491200819));
#3600 = CARTESIAN_POINT('',(0.66,-0.267840708483,1.357281511993));
#3601 = CARTESIAN_POINT('',(0.66,-0.258792476906,1.374285940745));
#3602 = CARTESIAN_POINT('',(0.66,-0.254025481533,1.382509111114));
#3603 = CARTESIAN_POINT('',(0.66,-0.248921768643,1.390607755283));
#3604 = CARTESIAN_POINT('',(0.66,-0.243480982245,1.398562700734));
#3605 = CARTESIAN_POINT('',(0.66,-0.237704192262,1.406354086406));
#3606 = CARTESIAN_POINT('',(0.66,-0.22571513259,1.421280378602));
#3607 = CARTESIAN_POINT('',(0.66,-0.219527706492,1.428429037341));
#3608 = CARTESIAN_POINT('',(0.66,-0.213033892817,1.435388992124));
#3609 = CARTESIAN_POINT('',(0.66,-0.206237433156,1.442141613477));
#3610 = CARTESIAN_POINT('',(0.66,-0.199143534101,1.448667989237));
#3611 = CARTESIAN_POINT('',(0.66,-0.184639374507,1.46100431938));
#3612 = CARTESIAN_POINT('',(0.66,-0.177249666015,1.466831638372));
#3613 = CARTESIAN_POINT('',(0.66,-0.169595736209,1.472413656662));
#3614 = CARTESIAN_POINT('',(0.66,-0.161685054894,1.477733175901));
#3615 = CARTESIAN_POINT('',(0.66,-0.153526567249,1.482773024258));
#3616 = CARTESIAN_POINT('',(0.66,-0.137020407721,1.492097753386));
#3617 = CARTESIAN_POINT('',(0.66,-0.128688747003,1.496402530856));
#3618 = CARTESIAN_POINT('',(0.66,-0.12014499879,1.500414878928));
#3619 = CARTESIAN_POINT('',(0.66,-0.111400259626,1.504119593216));
#3620 = CARTESIAN_POINT('',(0.66,-0.102467435485,1.507501774849));
#3621 = CARTESIAN_POINT('',(0.66,-8.453493192811E-02,1.513498294635));
#3622 = CARTESIAN_POINT('',(0.66,-7.554639694304E-02,1.516132890753));
#3623 = CARTESIAN_POINT('',(0.66,-6.64085144705E-02,1.518437847791));
#3624 = CARTESIAN_POINT('',(0.66,-5.713783351899E-02,1.520400106432));
#3625 = CARTESIAN_POINT('',(0.66,-4.775488525608E-02,1.522007764907));
#3626 = CARTESIAN_POINT('',(0.66,-2.969295309097E-02,1.524379864025));
#3627 = CARTESIAN_POINT('',(0.66,-2.102888075484E-02,1.525208782901));
#3628 = CARTESIAN_POINT('',(0.66,-1.231401679426E-02,1.525730893697));
#3629 = CARTESIAN_POINT('',(0.66,-3.572675622322E-03,1.525941364018));
#3630 = CARTESIAN_POINT('',(0.66,5.168222805428E-03,1.525838983228));
#3631 = CARTESIAN_POINT('',(0.66,2.337847467049E-02,1.524978205181));
#3632 = CARTESIAN_POINT('',(0.66,3.284375814827E-02,1.524161190409));
#3633 = CARTESIAN_POINT('',(0.66,4.224166817951E-02,1.522980309203));
#3634 = CARTESIAN_POINT('',(0.66,5.154498116248E-02,1.52144453626));
#3635 = CARTESIAN_POINT('',(0.66,6.073223707979E-02,1.519565307122));
#3636 = CARTESIAN_POINT('',(0.66,7.909772773064E-02,1.515080653378));
#3637 = CARTESIAN_POINT('',(0.66,8.826753248322E-02,1.512456350085));
#3638 = CARTESIAN_POINT('',(0.66,9.727917108862E-02,1.509494369221));
#3639 = CARTESIAN_POINT('',(0.66,0.106117308319,1.506208374239));
#3640 = CARTESIAN_POINT('',(0.66,0.114768939441,1.502612541932));
#3641 = CARTESIAN_POINT('',(0.66,0.131966117695,1.494697909774));
#3642 = CARTESIAN_POINT('',(0.66,0.140497702999,1.490358571609));
#3643 = CARTESIAN_POINT('',(0.66,0.148806061897,1.485719660214));
#3644 = CARTESIAN_POINT('',(0.66,0.156880650792,1.480797427009));
#3645 = CARTESIAN_POINT('',(0.66,0.164712466725,1.47560826256));
#3646 = CARTESIAN_POINT('',(0.66,0.180151423764,1.464531255078));
#3647 = CARTESIAN_POINT('',(0.66,0.187739958872,1.458624810593));
#3648 = CARTESIAN_POINT('',(0.66,0.195051326582,1.452467732556));
#3649 = CARTESIAN_POINT('',(0.66,0.202078661493,1.446078253645));
#3650 = CARTESIAN_POINT('',(0.66,0.208816558921,1.439474469779));
#3651 = CARTESIAN_POINT('',(0.66,0.221953232148,1.425612904145));
#3652 = CARTESIAN_POINT('',(0.66,0.228328983313,1.41833967682));
#3653 = CARTESIAN_POINT('',(0.66,0.234383958936,1.410874731309));
#3654 = CARTESIAN_POINT('',(0.66,0.240115246881,1.403237638329));
#3655 = CARTESIAN_POINT('',(0.66,0.245521392347,1.395447466144));
#3656 = CARTESIAN_POINT('',(0.66,0.255889855564,1.379276097975));
#3657 = CARTESIAN_POINT('',(0.66,0.260825146013,1.370883681886));
#3658 = CARTESIAN_POINT('',(0.66,0.265408341569,1.362366377835));
#3659 = CARTESIAN_POINT('',(0.66,0.269640849736,1.353744088225));
#3660 = CARTESIAN_POINT('',(0.66,0.273525413156,1.345035772328));
#3661 = CARTESIAN_POINT('',(0.66,0.280757352367,1.327109961101));
#3662 = CARTESIAN_POINT('',(0.66,0.284074759274,1.317886517643));
#3663 = CARTESIAN_POINT('',(0.66,0.287023012024,1.308609403309));
#3664 = CARTESIAN_POINT('',(0.66,0.289607802772,1.299297542852));
#3665 = CARTESIAN_POINT('',(0.66,0.291835834134,1.289968498384));
#3666 = CARTESIAN_POINT('',(0.66,0.295674958709,1.270905470981));
#3667 = CARTESIAN_POINT('',(0.66,0.297255116553,1.261171411794));
#3668 = CARTESIAN_POINT('',(0.66,0.298464074992,1.251454521799));
#3669 = CARTESIAN_POINT('',(0.66,0.299311100714,1.241771401083));
#3670 = CARTESIAN_POINT('',(0.66,0.299805944827,1.232137019844));
#3671 = CARTESIAN_POINT('',(0.66,0.30011808361,1.212595326012));
#3672 = CARTESIAN_POINT('',(0.66,0.299906283631,1.202693348802));
#3673 = CARTESIAN_POINT('',(0.66,0.299334987113,1.192873693594));
#3674 = CARTESIAN_POINT('',(0.66,0.298415571185,1.183149633751));
#3675 = CARTESIAN_POINT('',(0.66,0.297159245916,1.173532809156));
#3676 = CARTESIAN_POINT('',(0.66,0.293937772017,1.154190866917));
#3677 = CARTESIAN_POINT('',(0.66,0.291948568133,1.144474505513));
#3678 = CARTESIAN_POINT('',(0.66,0.289621677512,1.134895129825));
#3679 = CARTESIAN_POINT('',(0.66,0.286968496105,1.125462405282));
#3680 = CARTESIAN_POINT('',(0.66,0.283999580964,1.116184674916));
#3681 = CARTESIAN_POINT('',(0.66,0.277365684897,1.097719334783));
#3682 = CARTESIAN_POINT('',(0.66,0.273684712853,1.08854034335));
#3683 = CARTESIAN_POINT('',(0.66,0.269692176119,1.079539433524));
#3684 = CARTESIAN_POINT('',(0.66,0.265397048483,1.07072335418));
#3685 = CARTESIAN_POINT('',(0.66,0.260806835513,1.062098154612));
#3686 = CARTESIAN_POINT('',(0.66,0.251004164416,1.045163946312));
#3687 = CARTESIAN_POINT('',(0.66,0.245786379559,1.036858764173));
#3688 = CARTESIAN_POINT('',(0.66,0.240280407048,1.028758964174));
#3689 = CARTESIAN_POINT('',(0.66,0.234490342534,1.020870115558));
#3690 = CARTESIAN_POINT('',(0.66,0.228418190257,1.013198030747));
#3691 = CARTESIAN_POINT('',(0.66,0.215801462132,0.998407266407));
#3692 = CARTESIAN_POINT('',(0.66,0.209265037039,0.991282398269));
#3693 = CARTESIAN_POINT('',(0.66,0.202454011648,0.98438004474));
#3694 = CARTESIAN_POINT('',(0.66,0.195365844133,0.977707070031));
#3695 = CARTESIAN_POINT('',(0.66,0.187995125017,0.971271927442));
#3696 = CARTESIAN_POINT('',(0.66,0.173012685338,0.959175110633));
#3697 = CARTESIAN_POINT('',(0.66,0.165426730288,0.953491920673));
#3698 = CARTESIAN_POINT('',(0.66,0.157566473117,0.948044968651));
#3699 = CARTESIAN_POINT('',(0.66,0.149421191466,0.9428457983));
#3700 = CARTESIAN_POINT('',(0.66,0.140976348171,0.937909629891));
#3701 = CARTESIAN_POINT('',(0.66,0.124148062588,0.928975570166));
#3702 = CARTESIAN_POINT('',(0.66,0.115814079383,0.924934455913));
#3703 = CARTESIAN_POINT('',(0.66,0.107194119667,0.921149233675));
#3704 = CARTESIAN_POINT('',(0.66,9.826941158436E-02,0.91763978502));
#3705 = CARTESIAN_POINT('',(0.66,8.901687105598E-02,0.914432779149));
#3706 = CARTESIAN_POINT('',(0.66,6.762842160337E-02,0.908048369916));
#3707 = CARTESIAN_POINT('',(0.66,5.540310162877E-02,0.905067930004));
#3708 = CARTESIAN_POINT('',(0.66,4.253150709481E-02,0.902628405907));
#3709 = CARTESIAN_POINT('',(0.66,2.893757304003E-02,0.900850137762));
#3710 = CARTESIAN_POINT('',(0.66,1.468319780375E-02,0.899909084997));
#3711 = CARTESIAN_POINT('',(0.66,0.,0.899909083395));
#3712 = PLANE('',#3713);
#3713 = AXIS2_PLACEMENT_3D('',#3714,#3715,#3716);
#3714 = CARTESIAN_POINT('',(0.66,1.25,1.25));
#3715 = DIRECTION('',(-1.,0.,0.));
#3716 = DIRECTION('',(0.,0.,-1.));
#3717 = ADVANCED_FACE('',(#3718),#3737,.T.);
#3718 = FACE_BOUND('',#3719,.T.);
#3719 = EDGE_LOOP('',(#3720,#3729,#3735,#3736));
#3720 = ORIENTED_EDGE('',*,*,#3721,.T.);
#3721 = EDGE_CURVE('',#3722,#3722,#3724,.T.);
#3722 = VERTEX_POINT('',#3723);
#3723 = CARTESIAN_POINT('',(5.385,1.125,1.25));
#3724 = CIRCLE('',#3725,1.125);
#3725 = AXIS2_PLACEMENT_3D('',#3726,#3727,#3728);
#3726 = CARTESIAN_POINT('',(5.385,0.,1.25));
#3727 = DIRECTION('',(-1.,0.,0.));
#3728 = DIRECTION('',(0.,1.,0.));
#3729 = ORIENTED_EDGE('',*,*,#3730,.F.);
#3730 = EDGE_CURVE('',#3522,#3722,#3731,.T.);
#3731 = LINE('',#3732,#3733);
#3732 = CARTESIAN_POINT('',(0.66,1.125,1.25));
#3733 = VECTOR('',#3734,1.);
#3734 = DIRECTION('',(1.,0.,0.));
#3735 = ORIENTED_EDGE('',*,*,#3521,.F.);
#3736 = ORIENTED_EDGE('',*,*,#3730,.T.);
#3737 = CYLINDRICAL_SURFACE('',#3738,1.125);
#3738 = AXIS2_PLACEMENT_3D('',#3739,#3740,#3741);
#3739 = CARTESIAN_POINT('',(0.66,0.,1.25));
#3740 = DIRECTION('',(-1.,-0.,-0.));
#3741 = DIRECTION('',(0.,1.,0.));
#3742 = ADVANCED_FACE('',(#3743),#3763,.T.);
#3743 = FACE_BOUND('',#3744,.T.);
#3744 = EDGE_LOOP('',(#3745,#3754,#3761,#3762));
#3745 = ORIENTED_EDGE('',*,*,#3746,.T.);
#3746 = EDGE_CURVE('',#3747,#3747,#3749,.T.);
#3747 = VERTEX_POINT('',#3748);
#3748 = CARTESIAN_POINT('',(0.3,0.,0.35));
#3749 = CIRCLE('',#3750,0.3);
#3750 = AXIS2_PLACEMENT_3D('',#3751,#3752,#3753);
#3751 = CARTESIAN_POINT('',(0.,0.,0.35));
#3752 = DIRECTION('',(0.,0.,1.));
#3753 = DIRECTION('',(1.,0.,-0.));
#3754 = ORIENTED_EDGE('',*,*,#3755,.T.);
#3755 = EDGE_CURVE('',#3747,#3542,#3756,.T.);
#3756 = CIRCLE('',#3757,0.6);
#3757 = AXIS2_PLACEMENT_3D('',#3758,#3759,#3760);
#3758 = CARTESIAN_POINT('',(0.9,1.102182119233E-16,0.35));
#3759 = DIRECTION('',(0.,1.,-0.));
#3760 = DIRECTION('',(-1.,0.,4.93432455389E-16));
#3761 = ORIENTED_EDGE('',*,*,#3541,.T.);
#3762 = ORIENTED_EDGE('',*,*,#3755,.F.);
#3763 = TOROIDAL_SURFACE('',#3764,0.9,0.3);
#3764 = AXIS2_PLACEMENT_3D('',#3765,#3766,#3767);
#3765 = CARTESIAN_POINT('',(0.9,0.,0.35));
#3766 = DIRECTION('',(0.,1.,0.));
#3767 = DIRECTION('',(-1.,0.,4.93432455389E-16));
#3768 = ADVANCED_FACE('',(#3769,#3780),#3783,.T.);
#3769 = FACE_BOUND('',#3770,.T.);
#3770 = EDGE_LOOP('',(#3771));
#3771 = ORIENTED_EDGE('',*,*,#3772,.F.);
#3772 = EDGE_CURVE('',#3773,#3773,#3775,.T.);
#3773 = VERTEX_POINT('',#3774);
#3774 = CARTESIAN_POINT('',(5.385,1.25,1.25));
#3775 = CIRCLE('',#3776,1.25);
#3776 = AXIS2_PLACEMENT_3D('',#3777,#3778,#3779);
#3777 = CARTESIAN_POINT('',(5.385,0.,1.25));
#3778 = DIRECTION('',(1.,0.,0.));
#3779 = DIRECTION('',(-0.,1.,0.));
#3780 = FACE_BOUND('',#3781,.T.);
#3781 = EDGE_LOOP('',(#3782));
#3782 = ORIENTED_EDGE('',*,*,#3721,.F.);
#3783 = PLANE('',#3784);
#3784 = AXIS2_PLACEMENT_3D('',#3785,#3786,#3787);
#3785 = CARTESIAN_POINT('',(5.385,1.25,1.25));
#3786 = DIRECTION('',(-1.,0.,0.));
#3787 = DIRECTION('',(0.,0.,-1.));
#3788 = ADVANCED_FACE('',(#3789),#3808,.T.);
#3789 = FACE_BOUND('',#3790,.T.);
#3790 = EDGE_LOOP('',(#3791,#3799,#3800,#3801));
#3791 = ORIENTED_EDGE('',*,*,#3792,.T.);
#3792 = EDGE_CURVE('',#3793,#3747,#3795,.T.);
#3793 = VERTEX_POINT('',#3794);
#3794 = CARTESIAN_POINT('',(0.3,-7.347880794884E-17,-3.));
#3795 = LINE('',#3796,#3797);
#3796 = CARTESIAN_POINT('',(0.3,0.,-3.));
#3797 = VECTOR('',#3798,1.);
#3798 = DIRECTION('',(0.,0.,1.));
#3799 = ORIENTED_EDGE('',*,*,#3746,.F.);
#3800 = ORIENTED_EDGE('',*,*,#3792,.F.);
#3801 = ORIENTED_EDGE('',*,*,#3802,.T.);
#3802 = EDGE_CURVE('',#3793,#3793,#3803,.T.);
#3803 = CIRCLE('',#3804,0.3);
#3804 = AXIS2_PLACEMENT_3D('',#3805,#3806,#3807);
#3805 = CARTESIAN_POINT('',(0.,0.,-3.));
#3806 = DIRECTION('',(0.,0.,1.));
#3807 = DIRECTION('',(1.,0.,-0.));
#3808 = CYLINDRICAL_SURFACE('',#3809,0.3);
#3809 = AXIS2_PLACEMENT_3D('',#3810,#3811,#3812);
#3810 = CARTESIAN_POINT('',(0.,0.,-3.));
#3811 = DIRECTION('',(0.,0.,1.));
#3812 = DIRECTION('',(1.,0.,-0.));
#3813 = ADVANCED_FACE('',(#3814),#3833,.T.);
#3814 = FACE_BOUND('',#3815,.T.);
#3815 = EDGE_LOOP('',(#3816,#3817,#3825,#3832));
#3816 = ORIENTED_EDGE('',*,*,#3772,.T.);
#3817 = ORIENTED_EDGE('',*,*,#3818,.T.);
#3818 = EDGE_CURVE('',#3773,#3819,#3821,.T.);
#3819 = VERTEX_POINT('',#3820);
#3820 = CARTESIAN_POINT('',(6.335,1.25,1.25));
#3821 = LINE('',#3822,#3823);
#3822 = CARTESIAN_POINT('',(5.385,1.25,1.25));
#3823 = VECTOR('',#3824,1.);
#3824 = DIRECTION('',(1.,0.,0.));
#3825 = ORIENTED_EDGE('',*,*,#3826,.F.);
#3826 = EDGE_CURVE('',#3819,#3819,#3827,.T.);
#3827 = CIRCLE('',#3828,1.25);
#3828 = AXIS2_PLACEMENT_3D('',#3829,#3830,#3831);
#3829 = CARTESIAN_POINT('',(6.335,0.,1.25));
#3830 = DIRECTION('',(1.,0.,0.));
#3831 = DIRECTION('',(-0.,1.,0.));
#3832 = ORIENTED_EDGE('',*,*,#3818,.F.);
#3833 = CYLINDRICAL_SURFACE('',#3834,1.25);
#3834 = AXIS2_PLACEMENT_3D('',#3835,#3836,#3837);
#3835 = CARTESIAN_POINT('',(5.385,0.,1.25));
#3836 = DIRECTION('',(-1.,-0.,-0.));
#3837 = DIRECTION('',(0.,1.,0.));
#3838 = ADVANCED_FACE('',(#3839),#3842,.T.);
#3839 = FACE_BOUND('',#3840,.F.);
#3840 = EDGE_LOOP('',(#3841));
#3841 = ORIENTED_EDGE('',*,*,#3802,.T.);
#3842 = PLANE('',#3843);
#3843 = AXIS2_PLACEMENT_3D('',#3844,#3845,#3846);
#3844 = CARTESIAN_POINT('',(0.3,0.,-3.));
#3845 = DIRECTION('',(0.,0.,-1.));
#3846 = DIRECTION('',(-1.,0.,0.));
#3847 = ADVANCED_FACE('',(#3848),#3868,.T.);
#3848 = FACE_BOUND('',#3849,.T.);
#3849 = EDGE_LOOP('',(#3850,#3859,#3860,#3861));
#3850 = ORIENTED_EDGE('',*,*,#3851,.F.);
#3851 = EDGE_CURVE('',#3819,#3852,#3854,.T.);
#3852 = VERTEX_POINT('',#3853);
#3853 = CARTESIAN_POINT('',(6.96,0.625,1.25));
#3854 = CIRCLE('',#3855,0.625);
#3855 = AXIS2_PLACEMENT_3D('',#3856,#3857,#3858);
#3856 = CARTESIAN_POINT('',(6.335,0.625,1.25));
#3857 = DIRECTION('',(0.,0.,-1.));
#3858 = DIRECTION('',(0.,1.,0.));
#3859 = ORIENTED_EDGE('',*,*,#3826,.T.);
#3860 = ORIENTED_EDGE('',*,*,#3851,.T.);
#3861 = ORIENTED_EDGE('',*,*,#3862,.F.);
#3862 = EDGE_CURVE('',#3852,#3852,#3863,.T.);
#3863 = CIRCLE('',#3864,0.625);
#3864 = AXIS2_PLACEMENT_3D('',#3865,#3866,#3867);
#3865 = CARTESIAN_POINT('',(6.96,0.,1.25));
#3866 = DIRECTION('',(1.,0.,0.));
#3867 = DIRECTION('',(-0.,1.,0.));
#3868 = TOROIDAL_SURFACE('',#3869,0.625,0.625);
#3869 = AXIS2_PLACEMENT_3D('',#3870,#3871,#3872);
#3870 = CARTESIAN_POINT('',(6.335,0.,1.25));
#3871 = DIRECTION('',(1.,0.,0.));
#3872 = DIRECTION('',(-0.,1.,0.));
#3873 = ADVANCED_FACE('',(#3874,#3877),#4051,.F.);
#3874 = FACE_BOUND('',#3875,.F.);
#3875 = EDGE_LOOP('',(#3876));
#3876 = ORIENTED_EDGE('',*,*,#3862,.F.);
#3877 = FACE_BOUND('',#3878,.F.);
#3878 = EDGE_LOOP('',(#3879));
#3879 = ORIENTED_EDGE('',*,*,#3880,.F.);
#3880 = EDGE_CURVE('',#3881,#3881,#3883,.T.);
#3881 = VERTEX_POINT('',#3882);
#3882 = CARTESIAN_POINT('',(6.96,1.102182119233E-16,0.899909083395));
#3883 = B_SPLINE_CURVE_WITH_KNOTS('',6,(#3884,#3885,#3886,#3887,#3888,
    #3889,#3890,#3891,#3892,#3893,#3894,#3895,#3896,#3897,#3898,#3899,
    #3900,#3901,#3902,#3903,#3904,#3905,#3906,#3907,#3908,#3909,#3910,
    #3911,#3912,#3913,#3914,#3915,#3916,#3917,#3918,#3919,#3920,#3921,
    #3922,#3923,#3924,#3925,#3926,#3927,#3928,#3929,#3930,#3931,#3932,
    #3933,#3934,#3935,#3936,#3937,#3938,#3939,#3940,#3941,#3942,#3943,
    #3944,#3945,#3946,#3947,#3948,#3949,#3950,#3951,#3952,#3953,#3954,
    #3955,#3956,#3957,#3958,#3959,#3960,#3961,#3962,#3963,#3964,#3965,
    #3966,#3967,#3968,#3969,#3970,#3971,#3972,#3973,#3974,#3975,#3976,
    #3977,#3978,#3979,#3980,#3981,#3982,#3983,#3984,#3985,#3986,#3987,
    #3988,#3989,#3990,#3991,#3992,#3993,#3994,#3995,#3996,#3997,#3998,
    #3999,#4000,#4001,#4002,#4003,#4004,#4005,#4006,#4007,#4008,#4009,
    #4010,#4011,#4012,#4013,#4014,#4015,#4016,#4017,#4018,#4019,#4020,
    #4021,#4022,#4023,#4024,#4025,#4026,#4027,#4028,#4029,#4030,#4031,
    #4032,#4033,#4034,#4035,#4036,#4037,#4038,#4039,#4040,#4041,#4042,
    #4043,#4044,#4045,#4046,#4047,#4048,#4049,#4050),.UNSPECIFIED.,.T.,
  .F.,(1,6,5,5,5,5,5,5,5,5,5,5,5,5,5,5,5,5,5,5,5,5,5,5,5,5,5,5,5,5,5,5,5
    ,5,6,1),(-3.7454922963E-02,0.,2.522151735631E-02,5.431626764274E-02,
    8.648932873413E-02,0.120698905604,0.15585219498,0.191016701755,
    0.225517033144,0.258939642143,0.291086884381,0.32191412294,
    0.351469698498,0.379846555914,0.407148198058,0.433469525493,
    0.458895614127,0.483540398702,0.505898369155,0.530279933853,
    0.555348100008,0.581270886766,0.608136607836,0.636034631737,
    0.665066137875,0.695331933304,0.726904811218,0.759787311372,
    0.793856187529,0.828799116201,0.864057997078,0.898806507422,
    0.932001552493,0.962545077037,1.,1.025221517356),.UNSPECIFIED.);
#3884 = CARTESIAN_POINT('',(6.96,0.,0.899909083395));
#3885 = CARTESIAN_POINT('',(6.96,-9.860167462582E-03,0.89990896861));
#3886 = CARTESIAN_POINT('',(6.96,-1.96044152314E-02,0.900333777569));
#3887 = CARTESIAN_POINT('',(6.96,-2.906856746895E-02,0.901162791225));
#3888 = CARTESIAN_POINT('',(6.96,-3.818494668051E-02,0.902337445313));
#3889 = CARTESIAN_POINT('',(6.96,-4.697397432956E-02,0.903804960014));
#3890 = CARTESIAN_POINT('',(6.96,-6.54122858756E-02,0.907588661461));
#3891 = CARTESIAN_POINT('',(6.96,-7.491985816654E-02,0.909985989386));
#3892 = CARTESIAN_POINT('',(6.96,-8.408849098391E-02,0.912709553602));
#3893 = CARTESIAN_POINT('',(6.96,-9.294310465939E-02,0.915726321464));
#3894 = CARTESIAN_POINT('',(6.96,-0.10150496885,0.919011549987));
#3895 = CARTESIAN_POINT('',(6.96,-0.118958221281,0.926453836747));
#3896 = CARTESIAN_POINT('',(6.96,-0.127787715696,0.930666010737));
#3897 = CARTESIAN_POINT('',(6.96,-0.136306161655,0.935155928941));
#3898 = CARTESIAN_POINT('',(6.96,-0.144532121634,0.939904049757));
#3899 = CARTESIAN_POINT('',(6.96,-0.152479877126,0.944895641374));
#3900 = CARTESIAN_POINT('',(6.96,-0.168328600516,0.955672815412));
#3901 = CARTESIAN_POINT('',(6.96,-0.176194773963,0.961488214941));
#3902 = CARTESIAN_POINT('',(6.96,-0.183772608747,0.967551566344));
#3903 = CARTESIAN_POINT('',(6.96,-0.191071765541,0.973851742068));
#3904 = CARTESIAN_POINT('',(6.96,-0.198098606692,0.980379951052));
#3905 = CARTESIAN_POINT('',(6.96,-0.211800202804,0.994065659178));
#3906 = CARTESIAN_POINT('',(6.96,-0.218460270558,1.001234983766));
#3907 = CARTESIAN_POINT('',(6.96,-0.224839910615,1.00863041136));
#3908 = CARTESIAN_POINT('',(6.96,-0.230940211566,1.016245364777));
#3909 = CARTESIAN_POINT('',(6.96,-0.236759839456,1.024073990789));
#3910 = CARTESIAN_POINT('',(6.96,-0.247832003876,1.040150861324));
#3911 = CARTESIAN_POINT('',(6.96,-0.253084568675,1.048398903269));
#3912 = CARTESIAN_POINT('',(6.96,-0.258049049185,1.05685004652));
#3913 = CARTESIAN_POINT('',(6.96,-0.2627200155,1.065498685566));
#3914 = CARTESIAN_POINT('',(6.96,-0.267090290802,1.074338848812));
#3915 = CARTESIAN_POINT('',(6.96,-0.275134913375,1.092219064394));
#3916 = CARTESIAN_POINT('',(6.96,-0.278821000575,1.10125194666));
#3917 = CARTESIAN_POINT('',(6.96,-0.282200788118,1.110456818481));
#3918 = CARTESIAN_POINT('',(6.96,-0.285264726102,1.119826534893));
#3919 = CARTESIAN_POINT('',(6.96,-0.288002139566,1.129352832871));
#3920 = CARTESIAN_POINT('',(6.96,-0.292725370416,1.148397637921));
#3921 = CARTESIAN_POINT('',(6.96,-0.29473215882,1.157906911838));
#3922 = CARTESIAN_POINT('',(6.96,-0.296410834199,1.16754558505));
#3923 = CARTESIAN_POINT('',(6.96,-0.297750172302,1.177303521997));
#3924 = CARTESIAN_POINT('',(6.96,-0.298738484134,1.187169019587));
#3925 = CARTESIAN_POINT('',(6.96,-0.29996489055,1.20670853133));
#3926 = CARTESIAN_POINT('',(6.96,-0.300230362775,1.216375375657));
#3927 = CARTESIAN_POINT('',(6.96,-0.300149187552,1.22611747583));
#3928 = CARTESIAN_POINT('',(6.96,-0.299710732489,1.235921267953));
#3929 = CARTESIAN_POINT('',(6.96,-0.298904577874,1.245771488577));
#3930 = CARTESIAN_POINT('',(6.96,-0.296585075031,1.265125180201));
#3931 = CARTESIAN_POINT('',(6.96,-0.295102319855,1.27462625024));
#3932 = CARTESIAN_POINT('',(6.96,-0.293263243612,1.284139361954));
#3933 = CARTESIAN_POINT('',(6.96,-0.29105964956,1.293647958229));
#3934 = CARTESIAN_POINT('',(6.96,-0.288484151749,1.303133947704));
#3935 = CARTESIAN_POINT('',(6.96,-0.282698057797,1.321631888118));
#3936 = CARTESIAN_POINT('',(6.96,-0.279518212828,1.330647292743));
#3937 = CARTESIAN_POINT('',(6.96,-0.275984865526,1.339606568389));
#3938 = CARTESIAN_POINT('',(6.96,-0.27209347283,1.348491205415));
#3939 = CARTESIAN_POINT('',(6.96,-0.26784072321,1.357281534804));
#3940 = CARTESIAN_POINT('',(6.96,-0.258792456003,1.374285939199));
#3941 = CARTESIAN_POINT('',(6.96,-0.254025471274,1.382509099941));
#3942 = CARTESIAN_POINT('',(6.96,-0.248921774536,1.390607746147));
#3943 = CARTESIAN_POINT('',(6.96,-0.24348099529,1.398562707415));
#3944 = CARTESIAN_POINT('',(6.96,-0.237704200488,1.406354107177));
#3945 = CARTESIAN_POINT('',(6.96,-0.225715116467,1.421280374005));
#3946 = CARTESIAN_POINT('',(6.96,-0.219527700064,1.428429026844));
#3947 = CARTESIAN_POINT('',(6.96,-0.213033898729,1.435388985848));
#3948 = CARTESIAN_POINT('',(6.96,-0.206237442407,1.442141620875));
#3949 = CARTESIAN_POINT('',(6.96,-0.199143537578,1.448668007007));
#3950 = CARTESIAN_POINT('',(6.96,-0.184639358866,1.461004311837));
#3951 = CARTESIAN_POINT('',(6.96,-0.177249661366,1.46683162664));
#3952 = CARTESIAN_POINT('',(6.96,-0.169595743404,1.472413651413));
#3953 = CARTESIAN_POINT('',(6.96,-0.161685063001,1.477733185029));
#3954 = CARTESIAN_POINT('',(6.96,-0.153526567552,1.482773042789));
#3955 = CARTESIAN_POINT('',(6.96,-0.137020377957,1.492097733275));
#3956 = CARTESIAN_POINT('',(6.96,-0.128688741655,1.496402506097));
#3957 = CARTESIAN_POINT('',(6.96,-0.120145015698,1.500414870926));
#3958 = CARTESIAN_POINT('',(6.96,-0.111400273136,1.504119613979));
#3959 = CARTESIAN_POINT('',(6.96,-0.102467429294,1.507501811642));
#3960 = CARTESIAN_POINT('',(6.96,-8.453487359643E-02,1.513498183633));
#3961 = CARTESIAN_POINT('',(6.96,-7.554644720911E-02,1.51613308184));
#3962 = CARTESIAN_POINT('',(6.96,-6.640854708582E-02,1.518437839156));
#3963 = CARTESIAN_POINT('',(6.96,-5.713780068804E-02,1.520399910874));
#3964 = CARTESIAN_POINT('',(6.96,-4.775487845774E-02,1.522007893513));
#3965 = CARTESIAN_POINT('',(6.96,-2.969292548283E-02,1.52437977876));
#3966 = CARTESIAN_POINT('',(6.96,-2.102889094976E-02,1.525208924822));
#3967 = CARTESIAN_POINT('',(6.96,-1.231404153143E-02,1.525730890851));
#3968 = CARTESIAN_POINT('',(6.96,-3.572679276074E-03,1.525941220805));
#3969 = CARTESIAN_POINT('',(6.96,5.168243033088E-03,1.52583907475));
#3970 = CARTESIAN_POINT('',(6.96,2.337844678287E-02,1.524978413229));
#3971 = CARTESIAN_POINT('',(6.96,3.284373024997E-02,1.524160868463));
#3972 = CARTESIAN_POINT('',(6.96,4.224172239025E-02,1.522980299422));
#3973 = CARTESIAN_POINT('',(6.96,5.154503802108E-02,1.521444853212));
#3974 = CARTESIAN_POINT('',(6.96,6.073215666605E-02,1.519565119195));
#3975 = CARTESIAN_POINT('',(6.96,7.909771199475E-02,1.515080715405));
#3976 = CARTESIAN_POINT('',(6.96,8.82675531125E-02,1.512456387335));
#3977 = CARTESIAN_POINT('',(6.96,9.727920151967E-02,1.509494357792));
#3978 = CARTESIAN_POINT('',(6.96,0.106117302403,1.506208331254));
#3979 = CARTESIAN_POINT('',(6.96,0.114768890523,1.502612503667));
#3980 = CARTESIAN_POINT('',(6.96,0.1319661163,1.494697932395));
#3981 = CARTESIAN_POINT('',(6.96,0.140497712216,1.490358583428));
#3982 = CARTESIAN_POINT('',(6.96,0.148806071355,1.485719654426));
#3983 = CARTESIAN_POINT('',(6.96,0.156880646133,1.480797412311));
#3984 = CARTESIAN_POINT('',(6.96,0.164712447986,1.475608252032));
#3985 = CARTESIAN_POINT('',(6.96,0.180151425777,1.46453127229));
#3986 = CARTESIAN_POINT('',(6.96,0.187739967164,1.45862481836));
#3987 = CARTESIAN_POINT('',(6.96,0.195051332691,1.452467727028));
#3988 = CARTESIAN_POINT('',(6.96,0.20207865613,1.446078243141));
#3989 = CARTESIAN_POINT('',(6.96,0.208816543867,1.439474464151));
#3990 = CARTESIAN_POINT('',(6.96,0.221953238059,1.425612923524));
#3991 = CARTESIAN_POINT('',(6.96,0.228328994524,1.418339683896));
#3992 = CARTESIAN_POINT('',(6.96,0.234383964852,1.410874723556));
#3993 = CARTESIAN_POINT('',(6.96,0.240115238483,1.403237627432));
#3994 = CARTESIAN_POINT('',(6.96,0.245521373748,1.395447463058));
#3995 = CARTESIAN_POINT('',(6.96,0.25588986733,1.379276120213));
#3996 = CARTESIAN_POINT('',(6.96,0.260825161615,1.370883687614));
#3997 = CARTESIAN_POINT('',(6.96,0.265408347201,1.362366366749));
#3998 = CARTESIAN_POINT('',(6.96,0.269640836772,1.353744077057));
#3999 = CARTESIAN_POINT('',(6.96,0.273525389215,1.345035773446));
#4000 = CARTESIAN_POINT('',(6.96,0.280757370989,1.327109983642));
#4001 = CARTESIAN_POINT('',(6.96,0.284074778857,1.317886520225));
#4002 = CARTESIAN_POINT('',(6.96,0.28702301626,1.308609389122));
#4003 = CARTESIAN_POINT('',(6.96,0.289607785113,1.29929753334));
#4004 = CARTESIAN_POINT('',(6.96,0.291835806202,1.289968505808));
#4005 = CARTESIAN_POINT('',(6.96,0.295674983107,1.270905490066));
#4006 = CARTESIAN_POINT('',(6.96,0.297255138129,1.261171409814));
#4007 = CARTESIAN_POINT('',(6.96,0.298464076807,1.251454505978));
#4008 = CARTESIAN_POINT('',(6.96,0.299311079865,1.241771395371));
#4009 = CARTESIAN_POINT('',(6.96,0.299805916194,1.232137034265));
#4010 = CARTESIAN_POINT('',(6.96,0.300118111197,1.212595339038));
#4011 = CARTESIAN_POINT('',(6.96,0.299906304864,1.202693342182));
#4012 = CARTESIAN_POINT('',(6.96,0.299334986276,1.192873677979));
#4013 = CARTESIAN_POINT('',(6.96,0.298415549391,1.183149632812));
#4014 = CARTESIAN_POINT('',(6.96,0.29715921972,1.173532829284));
#4015 = CARTESIAN_POINT('',(6.96,0.293937801394,1.154190874));
#4016 = CARTESIAN_POINT('',(6.96,0.291948588365,1.144474495238));
#4017 = CARTESIAN_POINT('',(6.96,0.28962167445,1.134895115228));
#4018 = CARTESIAN_POINT('',(6.96,0.286968474246,1.125462408515));
#4019 = CARTESIAN_POINT('',(6.96,0.283999557728,1.116184698885));
#4020 = CARTESIAN_POINT('',(6.96,0.277365720041,1.097719338125));
#4021 = CARTESIAN_POINT('',(6.96,0.273684735103,1.088540329457));
#4022 = CARTESIAN_POINT('',(6.96,0.269692170683,1.079539418357));
#4023 = CARTESIAN_POINT('',(6.96,0.265397023465,1.070723360764));
#4024 = CARTESIAN_POINT('',(6.96,0.260806811571,1.062098183552));
#4025 = CARTESIAN_POINT('',(6.96,0.251004219697,1.045163947022));
#4026 = CARTESIAN_POINT('',(6.96,0.245786411547,1.036858741787));
#4027 = CARTESIAN_POINT('',(6.96,0.240280395782,1.028758943151));
#4028 = CARTESIAN_POINT('',(6.96,0.234490304979,1.02087012779));
#4029 = CARTESIAN_POINT('',(6.96,0.22841815861,1.013198074729));
#4030 = CARTESIAN_POINT('',(6.96,0.215801547815,0.998407234883));
#4031 = CARTESIAN_POINT('',(6.96,0.209264913083,0.99128247471));
#4032 = CARTESIAN_POINT('',(6.96,0.202454000094,0.984380026053));
#4033 = CARTESIAN_POINT('',(6.96,0.195365961507,0.977706983911));
#4034 = CARTESIAN_POINT('',(6.96,0.187995061392,0.971271997058));
#4035 = CARTESIAN_POINT('',(6.96,0.173012837564,0.959175029375));
#4036 = CARTESIAN_POINT('',(6.96,0.165426529007,0.953492099376));
#4037 = CARTESIAN_POINT('',(6.96,0.157566437944,0.948044934321));
#4038 = CARTESIAN_POINT('',(6.96,0.149421373308,0.942845601948));
#4039 = CARTESIAN_POINT('',(6.96,0.140976264593,0.937909781461));
#4040 = CARTESIAN_POINT('',(6.96,0.124148131162,0.928975627958));
#4041 = CARTESIAN_POINT('',(6.96,0.115814071992,0.924934439518));
#4042 = CARTESIAN_POINT('',(6.96,0.107194037794,0.921149181784));
#4043 = CARTESIAN_POINT('',(6.96,9.826937450524E-02,0.917639774974));
#4044 = CARTESIAN_POINT('',(6.96,8.901696421491E-02,0.914432828225));
#4045 = CARTESIAN_POINT('',(6.96,6.762356037127E-02,0.908046964389));
#4046 = CARTESIAN_POINT('',(6.96,5.540377745077E-02,0.905068595899));
#4047 = CARTESIAN_POINT('',(6.96,4.253681255711E-02,0.902629529668));
#4048 = CARTESIAN_POINT('',(6.96,2.893994360873E-02,0.900849442899));
#4049 = CARTESIAN_POINT('',(6.96,1.46772221458E-02,0.899909046356));
#4050 = CARTESIAN_POINT('',(6.96,0.,0.899909083395));
#4051 = PLANE('',#4052);
#4052 = AXIS2_PLACEMENT_3D('',#4053,#4054,#4055);
#4053 = CARTESIAN_POINT('',(6.96,1.25,1.25));
#4054 = DIRECTION('',(-1.,0.,0.));
#4055 = DIRECTION('',(0.,0.,-1.));
#4056 = ADVANCED_FACE('',(#4057),#4077,.T.);
#4057 = FACE_BOUND('',#4058,.T.);
#4058 = EDGE_LOOP('',(#4059,#4060,#4069,#4076));
#4059 = ORIENTED_EDGE('',*,*,#3880,.F.);
#4060 = ORIENTED_EDGE('',*,*,#4061,.T.);
#4061 = EDGE_CURVE('',#3881,#4062,#4064,.T.);
#4062 = VERTEX_POINT('',#4063);
#4063 = CARTESIAN_POINT('',(7.32,0.,0.35));
#4064 = CIRCLE('',#4065,0.6);
#4065 = AXIS2_PLACEMENT_3D('',#4066,#4067,#4068);
#4066 = CARTESIAN_POINT('',(6.72,1.102182119233E-16,0.35));
#4067 = DIRECTION('',(0.,1.,0.));
#4068 = DIRECTION('',(0.,-0.,1.));
#4069 = ORIENTED_EDGE('',*,*,#4070,.T.);
#4070 = EDGE_CURVE('',#4062,#4062,#4071,.T.);
#4071 = CIRCLE('',#4072,0.3);
#4072 = AXIS2_PLACEMENT_3D('',#4073,#4074,#4075);
#4073 = CARTESIAN_POINT('',(7.62,0.,0.35));
#4074 = DIRECTION('',(3.828568698927E-16,-0.,1.));
#4075 = DIRECTION('',(1.,0.,-3.828568698927E-16));
#4076 = ORIENTED_EDGE('',*,*,#4061,.F.);
#4077 = TOROIDAL_SURFACE('',#4078,0.9,0.3);
#4078 = AXIS2_PLACEMENT_3D('',#4079,#4080,#4081);
#4079 = CARTESIAN_POINT('',(6.72,0.,0.35));
#4080 = DIRECTION('',(0.,1.,0.));
#4081 = DIRECTION('',(0.,-0.,1.));
#4082 = ADVANCED_FACE('',(#4083),#4102,.T.);
#4083 = FACE_BOUND('',#4084,.T.);
#4084 = EDGE_LOOP('',(#4085,#4093,#4100,#4101));
#4085 = ORIENTED_EDGE('',*,*,#4086,.T.);
#4086 = EDGE_CURVE('',#4062,#4087,#4089,.T.);
#4087 = VERTEX_POINT('',#4088);
#4088 = CARTESIAN_POINT('',(7.32,-7.347880794884E-17,-3.));
#4089 = LINE('',#4090,#4091);
#4090 = CARTESIAN_POINT('',(7.32,0.,0.35));
#4091 = VECTOR('',#4092,1.);
#4092 = DIRECTION('',(0.,0.,-1.));
#4093 = ORIENTED_EDGE('',*,*,#4094,.F.);
#4094 = EDGE_CURVE('',#4087,#4087,#4095,.T.);
#4095 = CIRCLE('',#4096,0.3);
#4096 = AXIS2_PLACEMENT_3D('',#4097,#4098,#4099);
#4097 = CARTESIAN_POINT('',(7.62,0.,-3.));
#4098 = DIRECTION('',(0.,0.,-1.));
#4099 = DIRECTION('',(-1.,0.,0.));
#4100 = ORIENTED_EDGE('',*,*,#4086,.F.);
#4101 = ORIENTED_EDGE('',*,*,#4070,.F.);
#4102 = CYLINDRICAL_SURFACE('',#4103,0.3);
#4103 = AXIS2_PLACEMENT_3D('',#4104,#4105,#4106);
#4104 = CARTESIAN_POINT('',(7.62,0.,0.35));
#4105 = DIRECTION('',(0.,0.,-1.));
#4106 = DIRECTION('',(-1.,0.,0.));
#4107 = ADVANCED_FACE('',(#4108),#4111,.F.);
#4108 = FACE_BOUND('',#4109,.T.);
#4109 = EDGE_LOOP('',(#4110));
#4110 = ORIENTED_EDGE('',*,*,#4094,.T.);
#4111 = PLANE('',#4112);
#4112 = AXIS2_PLACEMENT_3D('',#4113,#4114,#4115);
#4113 = CARTESIAN_POINT('',(7.32,0.,-3.));
#4114 = DIRECTION('',(0.,0.,1.));
#4115 = DIRECTION('',(1.,0.,-0.));
#4116 = ( GEOMETRIC_REPRESENTATION_CONTEXT(3) 
GLOBAL_UNCERTAINTY_ASSIGNED_CONTEXT((#4120)) 
GLOBAL_UNIT_ASSIGNED_CONTEXT((#4117,#4118,#4119)) REPRESENTATION_CONTEXT
('Context #1','3D Context with UNIT and UNCERTAINTY') );
#4117 = ( LENGTH_UNIT() NAMED_UNIT(*) SI_UNIT(.MILLI.,.METRE.) );
#4118 = ( NAMED_UNIT(*) PLANE_ANGLE_UNIT() SI_UNIT($,.RADIAN.) );
#4119 = ( NAMED_UNIT(*) SI_UNIT($,.STERADIAN.) SOLID_ANGLE_UNIT() );
#4120 = UNCERTAINTY_MEASURE_WITH_UNIT(LENGTH_MEASURE(1.E-07),#4117,
  'distance_accuracy_value','confusion accuracy');
#4121 = CONTEXT_DEPENDENT_SHAPE_REPRESENTATION(#4122,#4124);
#4122 = ( REPRESENTATION_RELATIONSHIP('','',#3452,#3429) 
REPRESENTATION_RELATIONSHIP_WITH_TRANSFORMATION(#4123) 
SHAPE_REPRESENTATION_RELATIONSHIP() );
#4123 = ITEM_DEFINED_TRANSFORMATION('','',#11,#3430);
#4124 = PRODUCT_DEFINITION_SHAPE('Placement','Placement of an item',
  #4125);
#4125 = NEXT_ASSEMBLY_USAGE_OCCURRENCE('6','=>[0:1:1:7]','',#3424,#3447,
  $);
#4126 = PRODUCT_RELATED_PRODUCT_CATEGORY('part',$,(#3449));
#4127 = CONTEXT_DEPENDENT_SHAPE_REPRESENTATION(#4128,#4130);
#4128 = ( REPRESENTATION_RELATIONSHIP('','',#84,#10) 
REPRESENTATION_RELATIONSHIP_WITH_TRANSFORMATION(#4129) 
SHAPE_REPRESENTATION_RELATIONSHIP() );
#4129 = ITEM_DEFINED_TRANSFORMATION('','',#11,#31);
#4130 = PRODUCT_DEFINITION_SHAPE('Placement','Placement of an item',
  #4131);
#4131 = NEXT_ASSEMBLY_USAGE_OCCURRENCE('8','C1','',#5,#79,$);
#4132 = SHAPE_DEFINITION_REPRESENTATION(#4133,#4139);
#4133 = PRODUCT_DEFINITION_SHAPE('','',#4134);
#4134 = PRODUCT_DEFINITION('design','',#4135,#4138);
#4135 = PRODUCT_DEFINITION_FORMATION('','',#4136);
#4136 = PRODUCT('PinHeader_1x03_P2.54mm_Vertical',
  'PinHeader_1x03_P2.54mm_Vertical','',(#4137));
#4137 = PRODUCT_CONTEXT('',#2,'mechanical');
#4138 = PRODUCT_DEFINITION_CONTEXT('part definition',#2,'design');
#4139 = SHAPE_REPRESENTATION('',(#11,#4140),#4144);
#4140 = AXIS2_PLACEMENT_3D('',#4141,#4142,#4143);
#4141 = CARTESIAN_POINT('',(0.,0.,0.));
#4142 = DIRECTION('',(0.,0.,1.));
#4143 = DIRECTION('',(1.,0.,-0.));
#4144 = ( GEOMETRIC_REPRESENTATION_CONTEXT(3) 
GLOBAL_UNCERTAINTY_ASSIGNED_CONTEXT((#4148)) 
GLOBAL_UNIT_ASSIGNED_CONTEXT((#4145,#4146,#4147)) REPRESENTATION_CONTEXT
('Context #1','3D Context with UNIT and UNCERTAINTY') );
#4145 = ( LENGTH_UNIT() NAMED_UNIT(*) SI_UNIT(.MILLI.,.METRE.) );
#4146 = ( NAMED_UNIT(*) PLANE_ANGLE_UNIT() SI_UNIT($,.RADIAN.) );
#4147 = ( NAMED_UNIT(*) SI_UNIT($,.STERADIAN.) SOLID_ANGLE_UNIT() );
#4148 = UNCERTAINTY_MEASURE_WITH_UNIT(LENGTH_MEASURE(1.E-07),#4145,
  'distance_accuracy_value','confusion accuracy');
#4149 = CONTEXT_DEPENDENT_SHAPE_REPRESENTATION(#4150,#4152);
#4150 = ( REPRESENTATION_RELATIONSHIP('','',#4139,#10) 
REPRESENTATION_RELATIONSHIP_WITH_TRANSFORMATION(#4151) 
SHAPE_REPRESENTATION_RELATIONSHIP() );
#4151 = ITEM_DEFINED_TRANSFORMATION('','',#11,#35);
#4152 = PRODUCT_DEFINITION_SHAPE('Placement','Placement of an item',
  #4153);
#4153 = NEXT_ASSEMBLY_USAGE_OCCURRENCE('10','RV1','',#5,#4134,$);
#4154 = PRODUCT_RELATED_PRODUCT_CATEGORY('part',$,(#4136));
#4155 = SHAPE_DEFINITION_REPRESENTATION(#4156,#4162);
#4156 = PRODUCT_DEFINITION_SHAPE('','',#4157);
#4157 = PRODUCT_DEFINITION('design','',#4158,#4161);
#4158 = PRODUCT_DEFINITION_FORMATION('','',#4159);
#4159 = PRODUCT('PinHeader_1x03_P254mm_Vertical',
  'PinHeader_1x03_P254mm_Vertical','',(#4160));
#4160 = PRODUCT_CONTEXT('',#2,'mechanical');
#4161 = PRODUCT_DEFINITION_CONTEXT('part definition',#2,'design');
#4162 = ADVANCED_BREP_SHAPE_REPRESENTATION('',(#11,#4163),#6269);
#4163 = MANIFOLD_SOLID_BREP('',#4164);
#4164 = CLOSED_SHELL('',(#4165,#4205,#4236,#4267,#4514,#4761,#4778,#4795
    ,#4812,#4829,#4846,#4863,#4880,#4897,#4914,#4931,#4948,#4965,#4982,
    #4999,#5016,#5033,#5045,#5076,#5100,#5124,#5141,#5172,#5196,#5220,
    #5237,#5268,#5292,#5316,#5333,#5364,#5388,#5412,#5429,#5460,#5484,
    #5508,#5525,#5556,#5580,#5604,#5621,#5652,#5676,#5700,#5717,#5748,
    #5772,#5796,#5813,#5844,#5868,#5892,#5909,#5940,#5964,#5988,#6005,
    #6036,#6060,#6084,#6101,#6132,#6156,#6180,#6197,#6209,#6221,#6233,
    #6245,#6257));
#4165 = ADVANCED_FACE('',(#4166),#4200,.F.);
#4166 = FACE_BOUND('',#4167,.F.);
#4167 = EDGE_LOOP('',(#4168,#4178,#4186,#4194));
#4168 = ORIENTED_EDGE('',*,*,#4169,.T.);
#4169 = EDGE_CURVE('',#4170,#4172,#4174,.T.);
#4170 = VERTEX_POINT('',#4171);
#4171 = CARTESIAN_POINT('',(-1.016,1.27,0.));
#4172 = VERTEX_POINT('',#4173);
#4173 = CARTESIAN_POINT('',(-1.016,1.27,2.54));
#4174 = LINE('',#4175,#4176);
#4175 = CARTESIAN_POINT('',(-1.016,1.27,0.));
#4176 = VECTOR('',#4177,1.);
#4177 = DIRECTION('',(0.,0.,1.));
#4178 = ORIENTED_EDGE('',*,*,#4179,.T.);
#4179 = EDGE_CURVE('',#4172,#4180,#4182,.T.);
#4180 = VERTEX_POINT('',#4181);
#4181 = CARTESIAN_POINT('',(-1.27,1.016,2.54));
#4182 = LINE('',#4183,#4184);
#4183 = CARTESIAN_POINT('',(-1.016,1.27,2.54));
#4184 = VECTOR('',#4185,1.);
#4185 = DIRECTION('',(-0.707106781187,-0.707106781187,0.));
#4186 = ORIENTED_EDGE('',*,*,#4187,.F.);
#4187 = EDGE_CURVE('',#4188,#4180,#4190,.T.);
#4188 = VERTEX_POINT('',#4189);
#4189 = CARTESIAN_POINT('',(-1.27,1.016,0.));
#4190 = LINE('',#4191,#4192);
#4191 = CARTESIAN_POINT('',(-1.27,1.016,0.));
#4192 = VECTOR('',#4193,1.);
#4193 = DIRECTION('',(0.,0.,1.));
#4194 = ORIENTED_EDGE('',*,*,#4195,.F.);
#4195 = EDGE_CURVE('',#4170,#4188,#4196,.T.);
#4196 = LINE('',#4197,#4198);
#4197 = CARTESIAN_POINT('',(-1.016,1.27,0.));
#4198 = VECTOR('',#4199,1.);
#4199 = DIRECTION('',(-0.707106781187,-0.707106781187,0.));
#4200 = PLANE('',#4201);
#4201 = AXIS2_PLACEMENT_3D('',#4202,#4203,#4204);
#4202 = CARTESIAN_POINT('',(-1.016,1.27,0.));
#4203 = DIRECTION('',(0.707106781187,-0.707106781187,0.));
#4204 = DIRECTION('',(-0.707106781187,-0.707106781187,0.));
#4205 = ADVANCED_FACE('',(#4206),#4231,.F.);
#4206 = FACE_BOUND('',#4207,.F.);
#4207 = EDGE_LOOP('',(#4208,#4218,#4224,#4225));
#4208 = ORIENTED_EDGE('',*,*,#4209,.T.);
#4209 = EDGE_CURVE('',#4210,#4212,#4214,.T.);
#4210 = VERTEX_POINT('',#4211);
#4211 = CARTESIAN_POINT('',(1.016,1.27,0.));
#4212 = VERTEX_POINT('',#4213);
#4213 = CARTESIAN_POINT('',(1.016,1.27,2.54));
#4214 = LINE('',#4215,#4216);
#4215 = CARTESIAN_POINT('',(1.016,1.27,0.));
#4216 = VECTOR('',#4217,1.);
#4217 = DIRECTION('',(0.,0.,1.));
#4218 = ORIENTED_EDGE('',*,*,#4219,.T.);
#4219 = EDGE_CURVE('',#4212,#4172,#4220,.T.);
#4220 = LINE('',#4221,#4222);
#4221 = CARTESIAN_POINT('',(1.016,1.27,2.54));
#4222 = VECTOR('',#4223,1.);
#4223 = DIRECTION('',(-1.,0.,0.));
#4224 = ORIENTED_EDGE('',*,*,#4169,.F.);
#4225 = ORIENTED_EDGE('',*,*,#4226,.F.);
#4226 = EDGE_CURVE('',#4210,#4170,#4227,.T.);
#4227 = LINE('',#4228,#4229);
#4228 = CARTESIAN_POINT('',(1.016,1.27,0.));
#4229 = VECTOR('',#4230,1.);
#4230 = DIRECTION('',(-1.,0.,0.));
#4231 = PLANE('',#4232);
#4232 = AXIS2_PLACEMENT_3D('',#4233,#4234,#4235);
#4233 = CARTESIAN_POINT('',(1.016,1.27,0.));
#4234 = DIRECTION('',(0.,-1.,0.));
#4235 = DIRECTION('',(-1.,0.,0.));
#4236 = ADVANCED_FACE('',(#4237),#4262,.F.);
#4237 = FACE_BOUND('',#4238,.F.);
#4238 = EDGE_LOOP('',(#4239,#4240,#4248,#4256));
#4239 = ORIENTED_EDGE('',*,*,#4187,.T.);
#4240 = ORIENTED_EDGE('',*,*,#4241,.T.);
#4241 = EDGE_CURVE('',#4180,#4242,#4244,.T.);
#4242 = VERTEX_POINT('',#4243);
#4243 = CARTESIAN_POINT('',(-1.27,-1.016,2.54));
#4244 = LINE('',#4245,#4246);
#4245 = CARTESIAN_POINT('',(-1.27,1.016,2.54));
#4246 = VECTOR('',#4247,1.);
#4247 = DIRECTION('',(0.,-1.,0.));
#4248 = ORIENTED_EDGE('',*,*,#4249,.F.);
#4249 = EDGE_CURVE('',#4250,#4242,#4252,.T.);
#4250 = VERTEX_POINT('',#4251);
#4251 = CARTESIAN_POINT('',(-1.27,-1.016,0.));
#4252 = LINE('',#4253,#4254);
#4253 = CARTESIAN_POINT('',(-1.27,-1.016,0.));
#4254 = VECTOR('',#4255,1.);
#4255 = DIRECTION('',(0.,0.,1.));
#4256 = ORIENTED_EDGE('',*,*,#4257,.F.);
#4257 = EDGE_CURVE('',#4188,#4250,#4258,.T.);
#4258 = LINE('',#4259,#4260);
#4259 = CARTESIAN_POINT('',(-1.27,1.016,0.));
#4260 = VECTOR('',#4261,1.);
#4261 = DIRECTION('',(0.,-1.,0.));
#4262 = PLANE('',#4263);
#4263 = AXIS2_PLACEMENT_3D('',#4264,#4265,#4266);
#4264 = CARTESIAN_POINT('',(-1.27,1.016,0.));
#4265 = DIRECTION('',(1.,0.,0.));
#4266 = DIRECTION('',(0.,-1.,0.));
#4267 = ADVANCED_FACE('',(#4268,#4407,#4441,#4475),#4509,.F.);
#4268 = FACE_BOUND('',#4269,.F.);
#4269 = EDGE_LOOP('',(#4270,#4271,#4272,#4280,#4288,#4296,#4304,#4312,
    #4320,#4328,#4336,#4344,#4352,#4360,#4368,#4376,#4384,#4392,#4400,
    #4406));
#4270 = ORIENTED_EDGE('',*,*,#4195,.T.);
#4271 = ORIENTED_EDGE('',*,*,#4257,.T.);
#4272 = ORIENTED_EDGE('',*,*,#4273,.T.);
#4273 = EDGE_CURVE('',#4250,#4274,#4276,.T.);
#4274 = VERTEX_POINT('',#4275);
#4275 = CARTESIAN_POINT('',(-1.016,-1.27,0.));
#4276 = LINE('',#4277,#4278);
#4277 = CARTESIAN_POINT('',(-1.27,-1.016,0.));
#4278 = VECTOR('',#4279,1.);
#4279 = DIRECTION('',(0.707106781187,-0.707106781187,0.));
#4280 = ORIENTED_EDGE('',*,*,#4281,.T.);
#4281 = EDGE_CURVE('',#4274,#4282,#4284,.T.);
#4282 = VERTEX_POINT('',#4283);
#4283 = CARTESIAN_POINT('',(-1.27,-1.524,0.));
#4284 = LINE('',#4285,#4286);
#4285 = CARTESIAN_POINT('',(-1.016,-1.27,0.));
#4286 = VECTOR('',#4287,1.);
#4287 = DIRECTION('',(-0.707106781187,-0.707106781187,0.));
#4288 = ORIENTED_EDGE('',*,*,#4289,.T.);
#4289 = EDGE_CURVE('',#4282,#4290,#4292,.T.);
#4290 = VERTEX_POINT('',#4291);
#4291 = CARTESIAN_POINT('',(-1.27,-3.556,0.));
#4292 = LINE('',#4293,#4294);
#4293 = CARTESIAN_POINT('',(-1.27,-1.524,0.));
#4294 = VECTOR('',#4295,1.);
#4295 = DIRECTION('',(0.,-1.,0.));
#4296 = ORIENTED_EDGE('',*,*,#4297,.T.);
#4297 = EDGE_CURVE('',#4290,#4298,#4300,.T.);
#4298 = VERTEX_POINT('',#4299);
#4299 = CARTESIAN_POINT('',(-1.016,-3.81,0.));
#4300 = LINE('',#4301,#4302);
#4301 = CARTESIAN_POINT('',(-1.27,-3.556,0.));
#4302 = VECTOR('',#4303,1.);
#4303 = DIRECTION('',(0.707106781187,-0.707106781187,0.));
#4304 = ORIENTED_EDGE('',*,*,#4305,.T.);
#4305 = EDGE_CURVE('',#4298,#4306,#4308,.T.);
#4306 = VERTEX_POINT('',#4307);
#4307 = CARTESIAN_POINT('',(-1.27,-4.064,0.));
#4308 = LINE('',#4309,#4310);
#4309 = CARTESIAN_POINT('',(-1.016,-3.81,0.));
#4310 = VECTOR('',#4311,1.);
#4311 = DIRECTION('',(-0.707106781187,-0.707106781187,0.));
#4312 = ORIENTED_EDGE('',*,*,#4313,.T.);
#4313 = EDGE_CURVE('',#4306,#4314,#4316,.T.);
#4314 = VERTEX_POINT('',#4315);
#4315 = CARTESIAN_POINT('',(-1.27,-6.096,0.));
#4316 = LINE('',#4317,#4318);
#4317 = CARTESIAN_POINT('',(-1.27,-4.064,0.));
#4318 = VECTOR('',#4319,1.);
#4319 = DIRECTION('',(0.,-1.,0.));
#4320 = ORIENTED_EDGE('',*,*,#4321,.T.);
#4321 = EDGE_CURVE('',#4314,#4322,#4324,.T.);
#4322 = VERTEX_POINT('',#4323);
#4323 = CARTESIAN_POINT('',(-1.016,-6.35,0.));
#4324 = LINE('',#4325,#4326);
#4325 = CARTESIAN_POINT('',(-1.27,-6.096,0.));
#4326 = VECTOR('',#4327,1.);
#4327 = DIRECTION('',(0.707106781187,-0.707106781187,0.));
#4328 = ORIENTED_EDGE('',*,*,#4329,.T.);
#4329 = EDGE_CURVE('',#4322,#4330,#4332,.T.);
#4330 = VERTEX_POINT('',#4331);
#4331 = CARTESIAN_POINT('',(1.016,-6.35,0.));
#4332 = LINE('',#4333,#4334);
#4333 = CARTESIAN_POINT('',(-1.016,-6.35,0.));
#4334 = VECTOR('',#4335,1.);
#4335 = DIRECTION('',(1.,0.,0.));
#4336 = ORIENTED_EDGE('',*,*,#4337,.T.);
#4337 = EDGE_CURVE('',#4330,#4338,#4340,.T.);
#4338 = VERTEX_POINT('',#4339);
#4339 = CARTESIAN_POINT('',(1.27,-6.096,0.));
#4340 = LINE('',#4341,#4342);
#4341 = CARTESIAN_POINT('',(1.016,-6.35,0.));
#4342 = VECTOR('',#4343,1.);
#4343 = DIRECTION('',(0.707106781187,0.707106781187,0.));
#4344 = ORIENTED_EDGE('',*,*,#4345,.T.);
#4345 = EDGE_CURVE('',#4338,#4346,#4348,.T.);
#4346 = VERTEX_POINT('',#4347);
#4347 = CARTESIAN_POINT('',(1.27,-4.064,0.));
#4348 = LINE('',#4349,#4350);
#4349 = CARTESIAN_POINT('',(1.27,-6.096,0.));
#4350 = VECTOR('',#4351,1.);
#4351 = DIRECTION('',(0.,1.,0.));
#4352 = ORIENTED_EDGE('',*,*,#4353,.T.);
#4353 = EDGE_CURVE('',#4346,#4354,#4356,.T.);
#4354 = VERTEX_POINT('',#4355);
#4355 = CARTESIAN_POINT('',(1.016,-3.81,0.));
#4356 = LINE('',#4357,#4358);
#4357 = CARTESIAN_POINT('',(1.27,-4.064,0.));
#4358 = VECTOR('',#4359,1.);
#4359 = DIRECTION('',(-0.707106781187,0.707106781187,0.));
#4360 = ORIENTED_EDGE('',*,*,#4361,.T.);
#4361 = EDGE_CURVE('',#4354,#4362,#4364,.T.);
#4362 = VERTEX_POINT('',#4363);
#4363 = CARTESIAN_POINT('',(1.27,-3.556,0.));
#4364 = LINE('',#4365,#4366);
#4365 = CARTESIAN_POINT('',(1.016,-3.81,0.));
#4366 = VECTOR('',#4367,1.);
#4367 = DIRECTION('',(0.707106781187,0.707106781187,0.));
#4368 = ORIENTED_EDGE('',*,*,#4369,.T.);
#4369 = EDGE_CURVE('',#4362,#4370,#4372,.T.);
#4370 = VERTEX_POINT('',#4371);
#4371 = CARTESIAN_POINT('',(1.27,-1.524,0.));
#4372 = LINE('',#4373,#4374);
#4373 = CARTESIAN_POINT('',(1.27,-3.556,0.));
#4374 = VECTOR('',#4375,1.);
#4375 = DIRECTION('',(0.,1.,0.));
#4376 = ORIENTED_EDGE('',*,*,#4377,.T.);
#4377 = EDGE_CURVE('',#4370,#4378,#4380,.T.);
#4378 = VERTEX_POINT('',#4379);
#4379 = CARTESIAN_POINT('',(1.016,-1.27,0.));
#4380 = LINE('',#4381,#4382);
#4381 = CARTESIAN_POINT('',(1.27,-1.524,0.));
#4382 = VECTOR('',#4383,1.);
#4383 = DIRECTION('',(-0.707106781187,0.707106781187,0.));
#4384 = ORIENTED_EDGE('',*,*,#4385,.T.);
#4385 = EDGE_CURVE('',#4378,#4386,#4388,.T.);
#4386 = VERTEX_POINT('',#4387);
#4387 = CARTESIAN_POINT('',(1.27,-1.016,0.));
#4388 = LINE('',#4389,#4390);
#4389 = CARTESIAN_POINT('',(1.016,-1.27,0.));
#4390 = VECTOR('',#4391,1.);
#4391 = DIRECTION('',(0.707106781187,0.707106781187,0.));
#4392 = ORIENTED_EDGE('',*,*,#4393,.T.);
#4393 = EDGE_CURVE('',#4386,#4394,#4396,.T.);
#4394 = VERTEX_POINT('',#4395);
#4395 = CARTESIAN_POINT('',(1.27,1.016,0.));
#4396 = LINE('',#4397,#4398);
#4397 = CARTESIAN_POINT('',(1.27,-1.016,0.));
#4398 = VECTOR('',#4399,1.);
#4399 = DIRECTION('',(0.,1.,0.));
#4400 = ORIENTED_EDGE('',*,*,#4401,.T.);
#4401 = EDGE_CURVE('',#4394,#4210,#4402,.T.);
#4402 = LINE('',#4403,#4404);
#4403 = CARTESIAN_POINT('',(1.27,1.016,0.));
#4404 = VECTOR('',#4405,1.);
#4405 = DIRECTION('',(-0.707106781187,0.707106781187,0.));
#4406 = ORIENTED_EDGE('',*,*,#4226,.T.);
#4407 = FACE_BOUND('',#4408,.F.);
#4408 = EDGE_LOOP('',(#4409,#4419,#4427,#4435));
#4409 = ORIENTED_EDGE('',*,*,#4410,.F.);
#4410 = EDGE_CURVE('',#4411,#4413,#4415,.T.);
#4411 = VERTEX_POINT('',#4412);
#4412 = CARTESIAN_POINT('',(0.32,-0.32,0.));
#4413 = VERTEX_POINT('',#4414);
#4414 = CARTESIAN_POINT('',(0.32,0.32,0.));
#4415 = LINE('',#4416,#4417);
#4416 = CARTESIAN_POINT('',(0.32,-1.43,0.));
#4417 = VECTOR('',#4418,1.);
#4418 = DIRECTION('',(0.,1.,0.));
#4419 = ORIENTED_EDGE('',*,*,#4420,.T.);
#4420 = EDGE_CURVE('',#4411,#4421,#4423,.T.);
#4421 = VERTEX_POINT('',#4422);
#4422 = CARTESIAN_POINT('',(-0.32,-0.32,0.));
#4423 = LINE('',#4424,#4425);
#4424 = CARTESIAN_POINT('',(-0.16,-0.32,0.));
#4425 = VECTOR('',#4426,1.);
#4426 = DIRECTION('',(-1.,0.,0.));
#4427 = ORIENTED_EDGE('',*,*,#4428,.T.);
#4428 = EDGE_CURVE('',#4421,#4429,#4431,.T.);
#4429 = VERTEX_POINT('',#4430);
#4430 = CARTESIAN_POINT('',(-0.32,0.32,0.));
#4431 = LINE('',#4432,#4433);
#4432 = CARTESIAN_POINT('',(-0.32,-1.43,0.));
#4433 = VECTOR('',#4434,1.);
#4434 = DIRECTION('',(0.,1.,0.));
#4435 = ORIENTED_EDGE('',*,*,#4436,.F.);
#4436 = EDGE_CURVE('',#4413,#4429,#4437,.T.);
#4437 = LINE('',#4438,#4439);
#4438 = CARTESIAN_POINT('',(-0.16,0.32,0.));
#4439 = VECTOR('',#4440,1.);
#4440 = DIRECTION('',(-1.,0.,0.));
#4441 = FACE_BOUND('',#4442,.F.);
#4442 = EDGE_LOOP('',(#4443,#4453,#4461,#4469));
#4443 = ORIENTED_EDGE('',*,*,#4444,.T.);
#4444 = EDGE_CURVE('',#4445,#4447,#4449,.T.);
#4445 = VERTEX_POINT('',#4446);
#4446 = CARTESIAN_POINT('',(0.32,-2.86,0.));
#4447 = VERTEX_POINT('',#4448);
#4448 = CARTESIAN_POINT('',(-0.32,-2.86,0.));
#4449 = LINE('',#4450,#4451);
#4450 = CARTESIAN_POINT('',(-0.16,-2.86,0.));
#4451 = VECTOR('',#4452,1.);
#4452 = DIRECTION('',(-1.,0.,0.));
#4453 = ORIENTED_EDGE('',*,*,#4454,.T.);
#4454 = EDGE_CURVE('',#4447,#4455,#4457,.T.);
#4455 = VERTEX_POINT('',#4456);
#4456 = CARTESIAN_POINT('',(-0.32,-2.22,0.));
#4457 = LINE('',#4458,#4459);
#4458 = CARTESIAN_POINT('',(-0.32,-2.7,0.));
#4459 = VECTOR('',#4460,1.);
#4460 = DIRECTION('',(0.,1.,0.));
#4461 = ORIENTED_EDGE('',*,*,#4462,.F.);
#4462 = EDGE_CURVE('',#4463,#4455,#4465,.T.);
#4463 = VERTEX_POINT('',#4464);
#4464 = CARTESIAN_POINT('',(0.32,-2.22,0.));
#4465 = LINE('',#4466,#4467);
#4466 = CARTESIAN_POINT('',(-0.16,-2.22,0.));
#4467 = VECTOR('',#4468,1.);
#4468 = DIRECTION('',(-1.,0.,0.));
#4469 = ORIENTED_EDGE('',*,*,#4470,.F.);
#4470 = EDGE_CURVE('',#4445,#4463,#4471,.T.);
#4471 = LINE('',#4472,#4473);
#4472 = CARTESIAN_POINT('',(0.32,-2.7,0.));
#4473 = VECTOR('',#4474,1.);
#4474 = DIRECTION('',(0.,1.,0.));
#4475 = FACE_BOUND('',#4476,.F.);
#4476 = EDGE_LOOP('',(#4477,#4487,#4495,#4503));
#4477 = ORIENTED_EDGE('',*,*,#4478,.F.);
#4478 = EDGE_CURVE('',#4479,#4481,#4483,.T.);
#4479 = VERTEX_POINT('',#4480);
#4480 = CARTESIAN_POINT('',(0.32,-4.76,0.));
#4481 = VERTEX_POINT('',#4482);
#4482 = CARTESIAN_POINT('',(-0.32,-4.76,0.));
#4483 = LINE('',#4484,#4485);
#4484 = CARTESIAN_POINT('',(-0.16,-4.76,0.));
#4485 = VECTOR('',#4486,1.);
#4486 = DIRECTION('',(-1.,0.,0.));
#4487 = ORIENTED_EDGE('',*,*,#4488,.F.);
#4488 = EDGE_CURVE('',#4489,#4479,#4491,.T.);
#4489 = VERTEX_POINT('',#4490);
#4490 = CARTESIAN_POINT('',(0.32,-5.4,0.));
#4491 = LINE('',#4492,#4493);
#4492 = CARTESIAN_POINT('',(0.32,-3.97,0.));
#4493 = VECTOR('',#4494,1.);
#4494 = DIRECTION('',(0.,1.,0.));
#4495 = ORIENTED_EDGE('',*,*,#4496,.T.);
#4496 = EDGE_CURVE('',#4489,#4497,#4499,.T.);
#4497 = VERTEX_POINT('',#4498);
#4498 = CARTESIAN_POINT('',(-0.32,-5.4,0.));
#4499 = LINE('',#4500,#4501);
#4500 = CARTESIAN_POINT('',(-0.16,-5.4,0.));
#4501 = VECTOR('',#4502,1.);
#4502 = DIRECTION('',(-1.,0.,0.));
#4503 = ORIENTED_EDGE('',*,*,#4504,.T.);
#4504 = EDGE_CURVE('',#4497,#4481,#4505,.T.);
#4505 = LINE('',#4506,#4507);
#4506 = CARTESIAN_POINT('',(-0.32,-3.97,0.));
#4507 = VECTOR('',#4508,1.);
#4508 = DIRECTION('',(0.,1.,0.));
#4509 = PLANE('',#4510);
#4510 = AXIS2_PLACEMENT_3D('',#4511,#4512,#4513);
#4511 = CARTESIAN_POINT('',(5.398204781459E-17,-2.54,0.));
#4512 = DIRECTION('',(0.,0.,1.));
#4513 = DIRECTION('',(1.,0.,-0.));
#4514 = ADVANCED_FACE('',(#4515,#4654,#4688,#4722),#4756,.T.);
#4515 = FACE_BOUND('',#4516,.T.);
#4516 = EDGE_LOOP('',(#4517,#4518,#4519,#4527,#4535,#4543,#4551,#4559,
    #4567,#4575,#4583,#4591,#4599,#4607,#4615,#4623,#4631,#4639,#4647,
    #4653));
#4517 = ORIENTED_EDGE('',*,*,#4179,.T.);
#4518 = ORIENTED_EDGE('',*,*,#4241,.T.);
#4519 = ORIENTED_EDGE('',*,*,#4520,.T.);
#4520 = EDGE_CURVE('',#4242,#4521,#4523,.T.);
#4521 = VERTEX_POINT('',#4522);
#4522 = CARTESIAN_POINT('',(-1.016,-1.27,2.54));
#4523 = LINE('',#4524,#4525);
#4524 = CARTESIAN_POINT('',(-1.27,-1.016,2.54));
#4525 = VECTOR('',#4526,1.);
#4526 = DIRECTION('',(0.707106781187,-0.707106781187,0.));
#4527 = ORIENTED_EDGE('',*,*,#4528,.T.);
#4528 = EDGE_CURVE('',#4521,#4529,#4531,.T.);
#4529 = VERTEX_POINT('',#4530);
#4530 = CARTESIAN_POINT('',(-1.27,-1.524,2.54));
#4531 = LINE('',#4532,#4533);
#4532 = CARTESIAN_POINT('',(-1.016,-1.27,2.54));
#4533 = VECTOR('',#4534,1.);
#4534 = DIRECTION('',(-0.707106781187,-0.707106781187,0.));
#4535 = ORIENTED_EDGE('',*,*,#4536,.T.);
#4536 = EDGE_CURVE('',#4529,#4537,#4539,.T.);
#4537 = VERTEX_POINT('',#4538);
#4538 = CARTESIAN_POINT('',(-1.27,-3.556,2.54));
#4539 = LINE('',#4540,#4541);
#4540 = CARTESIAN_POINT('',(-1.27,-1.524,2.54));
#4541 = VECTOR('',#4542,1.);
#4542 = DIRECTION('',(0.,-1.,0.));
#4543 = ORIENTED_EDGE('',*,*,#4544,.T.);
#4544 = EDGE_CURVE('',#4537,#4545,#4547,.T.);
#4545 = VERTEX_POINT('',#4546);
#4546 = CARTESIAN_POINT('',(-1.016,-3.81,2.54));
#4547 = LINE('',#4548,#4549);
#4548 = CARTESIAN_POINT('',(-1.27,-3.556,2.54));
#4549 = VECTOR('',#4550,1.);
#4550 = DIRECTION('',(0.707106781187,-0.707106781187,0.));
#4551 = ORIENTED_EDGE('',*,*,#4552,.T.);
#4552 = EDGE_CURVE('',#4545,#4553,#4555,.T.);
#4553 = VERTEX_POINT('',#4554);
#4554 = CARTESIAN_POINT('',(-1.27,-4.064,2.54));
#4555 = LINE('',#4556,#4557);
#4556 = CARTESIAN_POINT('',(-1.016,-3.81,2.54));
#4557 = VECTOR('',#4558,1.);
#4558 = DIRECTION('',(-0.707106781187,-0.707106781187,0.));
#4559 = ORIENTED_EDGE('',*,*,#4560,.T.);
#4560 = EDGE_CURVE('',#4553,#4561,#4563,.T.);
#4561 = VERTEX_POINT('',#4562);
#4562 = CARTESIAN_POINT('',(-1.27,-6.096,2.54));
#4563 = LINE('',#4564,#4565);
#4564 = CARTESIAN_POINT('',(-1.27,-4.064,2.54));
#4565 = VECTOR('',#4566,1.);
#4566 = DIRECTION('',(0.,-1.,0.));
#4567 = ORIENTED_EDGE('',*,*,#4568,.T.);
#4568 = EDGE_CURVE('',#4561,#4569,#4571,.T.);
#4569 = VERTEX_POINT('',#4570);
#4570 = CARTESIAN_POINT('',(-1.016,-6.35,2.54));
#4571 = LINE('',#4572,#4573);
#4572 = CARTESIAN_POINT('',(-1.27,-6.096,2.54));
#4573 = VECTOR('',#4574,1.);
#4574 = DIRECTION('',(0.707106781187,-0.707106781187,0.));
#4575 = ORIENTED_EDGE('',*,*,#4576,.T.);
#4576 = EDGE_CURVE('',#4569,#4577,#4579,.T.);
#4577 = VERTEX_POINT('',#4578);
#4578 = CARTESIAN_POINT('',(1.016,-6.35,2.54));
#4579 = LINE('',#4580,#4581);
#4580 = CARTESIAN_POINT('',(-1.016,-6.35,2.54));
#4581 = VECTOR('',#4582,1.);
#4582 = DIRECTION('',(1.,0.,0.));
#4583 = ORIENTED_EDGE('',*,*,#4584,.T.);
#4584 = EDGE_CURVE('',#4577,#4585,#4587,.T.);
#4585 = VERTEX_POINT('',#4586);
#4586 = CARTESIAN_POINT('',(1.27,-6.096,2.54));
#4587 = LINE('',#4588,#4589);
#4588 = CARTESIAN_POINT('',(1.016,-6.35,2.54));
#4589 = VECTOR('',#4590,1.);
#4590 = DIRECTION('',(0.707106781187,0.707106781187,0.));
#4591 = ORIENTED_EDGE('',*,*,#4592,.T.);
#4592 = EDGE_CURVE('',#4585,#4593,#4595,.T.);
#4593 = VERTEX_POINT('',#4594);
#4594 = CARTESIAN_POINT('',(1.27,-4.064,2.54));
#4595 = LINE('',#4596,#4597);
#4596 = CARTESIAN_POINT('',(1.27,-6.096,2.54));
#4597 = VECTOR('',#4598,1.);
#4598 = DIRECTION('',(0.,1.,0.));
#4599 = ORIENTED_EDGE('',*,*,#4600,.T.);
#4600 = EDGE_CURVE('',#4593,#4601,#4603,.T.);
#4601 = VERTEX_POINT('',#4602);
#4602 = CARTESIAN_POINT('',(1.016,-3.81,2.54));
#4603 = LINE('',#4604,#4605);
#4604 = CARTESIAN_POINT('',(1.27,-4.064,2.54));
#4605 = VECTOR('',#4606,1.);
#4606 = DIRECTION('',(-0.707106781187,0.707106781187,0.));
#4607 = ORIENTED_EDGE('',*,*,#4608,.T.);
#4608 = EDGE_CURVE('',#4601,#4609,#4611,.T.);
#4609 = VERTEX_POINT('',#4610);
#4610 = CARTESIAN_POINT('',(1.27,-3.556,2.54));
#4611 = LINE('',#4612,#4613);
#4612 = CARTESIAN_POINT('',(1.016,-3.81,2.54));
#4613 = VECTOR('',#4614,1.);
#4614 = DIRECTION('',(0.707106781187,0.707106781187,0.));
#4615 = ORIENTED_EDGE('',*,*,#4616,.T.);
#4616 = EDGE_CURVE('',#4609,#4617,#4619,.T.);
#4617 = VERTEX_POINT('',#4618);
#4618 = CARTESIAN_POINT('',(1.27,-1.524,2.54));
#4619 = LINE('',#4620,#4621);
#4620 = CARTESIAN_POINT('',(1.27,-3.556,2.54));
#4621 = VECTOR('',#4622,1.);
#4622 = DIRECTION('',(0.,1.,0.));
#4623 = ORIENTED_EDGE('',*,*,#4624,.T.);
#4624 = EDGE_CURVE('',#4617,#4625,#4627,.T.);
#4625 = VERTEX_POINT('',#4626);
#4626 = CARTESIAN_POINT('',(1.016,-1.27,2.54));
#4627 = LINE('',#4628,#4629);
#4628 = CARTESIAN_POINT('',(1.27,-1.524,2.54));
#4629 = VECTOR('',#4630,1.);
#4630 = DIRECTION('',(-0.707106781187,0.707106781187,0.));
#4631 = ORIENTED_EDGE('',*,*,#4632,.T.);
#4632 = EDGE_CURVE('',#4625,#4633,#4635,.T.);
#4633 = VERTEX_POINT('',#4634);
#4634 = CARTESIAN_POINT('',(1.27,-1.016,2.54));
#4635 = LINE('',#4636,#4637);
#4636 = CARTESIAN_POINT('',(1.016,-1.27,2.54));
#4637 = VECTOR('',#4638,1.);
#4638 = DIRECTION('',(0.707106781187,0.707106781187,0.));
#4639 = ORIENTED_EDGE('',*,*,#4640,.T.);
#4640 = EDGE_CURVE('',#4633,#4641,#4643,.T.);
#4641 = VERTEX_POINT('',#4642);
#4642 = CARTESIAN_POINT('',(1.27,1.016,2.54));
#4643 = LINE('',#4644,#4645);
#4644 = CARTESIAN_POINT('',(1.27,-1.016,2.54));
#4645 = VECTOR('',#4646,1.);
#4646 = DIRECTION('',(0.,1.,0.));
#4647 = ORIENTED_EDGE('',*,*,#4648,.T.);
#4648 = EDGE_CURVE('',#4641,#4212,#4649,.T.);
#4649 = LINE('',#4650,#4651);
#4650 = CARTESIAN_POINT('',(1.27,1.016,2.54));
#4651 = VECTOR('',#4652,1.);
#4652 = DIRECTION('',(-0.707106781187,0.707106781187,0.));
#4653 = ORIENTED_EDGE('',*,*,#4219,.T.);
#4654 = FACE_BOUND('',#4655,.T.);
#4655 = EDGE_LOOP('',(#4656,#4666,#4674,#4682));
#4656 = ORIENTED_EDGE('',*,*,#4657,.F.);
#4657 = EDGE_CURVE('',#4658,#4660,#4662,.T.);
#4658 = VERTEX_POINT('',#4659);
#4659 = CARTESIAN_POINT('',(0.32,-0.32,2.54));
#4660 = VERTEX_POINT('',#4661);
#4661 = CARTESIAN_POINT('',(0.32,0.32,2.54));
#4662 = LINE('',#4663,#4664);
#4663 = CARTESIAN_POINT('',(0.32,-1.43,2.54));
#4664 = VECTOR('',#4665,1.);
#4665 = DIRECTION('',(0.,1.,0.));
#4666 = ORIENTED_EDGE('',*,*,#4667,.T.);
#4667 = EDGE_CURVE('',#4658,#4668,#4670,.T.);
#4668 = VERTEX_POINT('',#4669);
#4669 = CARTESIAN_POINT('',(-0.32,-0.32,2.54));
#4670 = LINE('',#4671,#4672);
#4671 = CARTESIAN_POINT('',(-0.16,-0.32,2.54));
#4672 = VECTOR('',#4673,1.);
#4673 = DIRECTION('',(-1.,0.,0.));
#4674 = ORIENTED_EDGE('',*,*,#4675,.T.);
#4675 = EDGE_CURVE('',#4668,#4676,#4678,.T.);
#4676 = VERTEX_POINT('',#4677);
#4677 = CARTESIAN_POINT('',(-0.32,0.32,2.54));
#4678 = LINE('',#4679,#4680);
#4679 = CARTESIAN_POINT('',(-0.32,-1.43,2.54));
#4680 = VECTOR('',#4681,1.);
#4681 = DIRECTION('',(0.,1.,0.));
#4682 = ORIENTED_EDGE('',*,*,#4683,.F.);
#4683 = EDGE_CURVE('',#4660,#4676,#4684,.T.);
#4684 = LINE('',#4685,#4686);
#4685 = CARTESIAN_POINT('',(-0.16,0.32,2.54));
#4686 = VECTOR('',#4687,1.);
#4687 = DIRECTION('',(-1.,0.,0.));
#4688 = FACE_BOUND('',#4689,.T.);
#4689 = EDGE_LOOP('',(#4690,#4700,#4708,#4716));
#4690 = ORIENTED_EDGE('',*,*,#4691,.T.);
#4691 = EDGE_CURVE('',#4692,#4694,#4696,.T.);
#4692 = VERTEX_POINT('',#4693);
#4693 = CARTESIAN_POINT('',(0.32,-2.86,2.54));
#4694 = VERTEX_POINT('',#4695);
#4695 = CARTESIAN_POINT('',(-0.32,-2.86,2.54));
#4696 = LINE('',#4697,#4698);
#4697 = CARTESIAN_POINT('',(-0.16,-2.86,2.54));
#4698 = VECTOR('',#4699,1.);
#4699 = DIRECTION('',(-1.,0.,0.));
#4700 = ORIENTED_EDGE('',*,*,#4701,.T.);
#4701 = EDGE_CURVE('',#4694,#4702,#4704,.T.);
#4702 = VERTEX_POINT('',#4703);
#4703 = CARTESIAN_POINT('',(-0.32,-2.22,2.54));
#4704 = LINE('',#4705,#4706);
#4705 = CARTESIAN_POINT('',(-0.32,-2.7,2.54));
#4706 = VECTOR('',#4707,1.);
#4707 = DIRECTION('',(0.,1.,0.));
#4708 = ORIENTED_EDGE('',*,*,#4709,.F.);
#4709 = EDGE_CURVE('',#4710,#4702,#4712,.T.);
#4710 = VERTEX_POINT('',#4711);
#4711 = CARTESIAN_POINT('',(0.32,-2.22,2.54));
#4712 = LINE('',#4713,#4714);
#4713 = CARTESIAN_POINT('',(-0.16,-2.22,2.54));
#4714 = VECTOR('',#4715,1.);
#4715 = DIRECTION('',(-1.,0.,0.));
#4716 = ORIENTED_EDGE('',*,*,#4717,.F.);
#4717 = EDGE_CURVE('',#4692,#4710,#4718,.T.);
#4718 = LINE('',#4719,#4720);
#4719 = CARTESIAN_POINT('',(0.32,-2.7,2.54));
#4720 = VECTOR('',#4721,1.);
#4721 = DIRECTION('',(0.,1.,0.));
#4722 = FACE_BOUND('',#4723,.T.);
#4723 = EDGE_LOOP('',(#4724,#4734,#4742,#4750));
#4724 = ORIENTED_EDGE('',*,*,#4725,.F.);
#4725 = EDGE_CURVE('',#4726,#4728,#4730,.T.);
#4726 = VERTEX_POINT('',#4727);
#4727 = CARTESIAN_POINT('',(0.32,-4.76,2.54));
#4728 = VERTEX_POINT('',#4729);
#4729 = CARTESIAN_POINT('',(-0.32,-4.76,2.54));
#4730 = LINE('',#4731,#4732);
#4731 = CARTESIAN_POINT('',(-0.16,-4.76,2.54));
#4732 = VECTOR('',#4733,1.);
#4733 = DIRECTION('',(-1.,0.,0.));
#4734 = ORIENTED_EDGE('',*,*,#4735,.F.);
#4735 = EDGE_CURVE('',#4736,#4726,#4738,.T.);
#4736 = VERTEX_POINT('',#4737);
#4737 = CARTESIAN_POINT('',(0.32,-5.4,2.54));
#4738 = LINE('',#4739,#4740);
#4739 = CARTESIAN_POINT('',(0.32,-3.97,2.54));
#4740 = VECTOR('',#4741,1.);
#4741 = DIRECTION('',(0.,1.,0.));
#4742 = ORIENTED_EDGE('',*,*,#4743,.T.);
#4743 = EDGE_CURVE('',#4736,#4744,#4746,.T.);
#4744 = VERTEX_POINT('',#4745);
#4745 = CARTESIAN_POINT('',(-0.32,-5.4,2.54));
#4746 = LINE('',#4747,#4748);
#4747 = CARTESIAN_POINT('',(-0.16,-5.4,2.54));
#4748 = VECTOR('',#4749,1.);
#4749 = DIRECTION('',(-1.,0.,0.));
#4750 = ORIENTED_EDGE('',*,*,#4751,.T.);
#4751 = EDGE_CURVE('',#4744,#4728,#4752,.T.);
#4752 = LINE('',#4753,#4754);
#4753 = CARTESIAN_POINT('',(-0.32,-3.97,2.54));
#4754 = VECTOR('',#4755,1.);
#4755 = DIRECTION('',(0.,1.,0.));
#4756 = PLANE('',#4757);
#4757 = AXIS2_PLACEMENT_3D('',#4758,#4759,#4760);
#4758 = CARTESIAN_POINT('',(5.398204781459E-17,-2.54,2.54));
#4759 = DIRECTION('',(0.,0.,1.));
#4760 = DIRECTION('',(1.,0.,-0.));
#4761 = ADVANCED_FACE('',(#4762),#4773,.F.);
#4762 = FACE_BOUND('',#4763,.F.);
#4763 = EDGE_LOOP('',(#4764,#4770,#4771,#4772));
#4764 = ORIENTED_EDGE('',*,*,#4765,.T.);
#4765 = EDGE_CURVE('',#4394,#4641,#4766,.T.);
#4766 = LINE('',#4767,#4768);
#4767 = CARTESIAN_POINT('',(1.27,1.016,0.));
#4768 = VECTOR('',#4769,1.);
#4769 = DIRECTION('',(0.,0.,1.));
#4770 = ORIENTED_EDGE('',*,*,#4648,.T.);
#4771 = ORIENTED_EDGE('',*,*,#4209,.F.);
#4772 = ORIENTED_EDGE('',*,*,#4401,.F.);
#4773 = PLANE('',#4774);
#4774 = AXIS2_PLACEMENT_3D('',#4775,#4776,#4777);
#4775 = CARTESIAN_POINT('',(1.27,1.016,0.));
#4776 = DIRECTION('',(-0.707106781187,-0.707106781187,0.));
#4777 = DIRECTION('',(-0.707106781187,0.707106781187,0.));
#4778 = ADVANCED_FACE('',(#4779),#4790,.F.);
#4779 = FACE_BOUND('',#4780,.F.);
#4780 = EDGE_LOOP('',(#4781,#4782,#4783,#4789));
#4781 = ORIENTED_EDGE('',*,*,#4249,.T.);
#4782 = ORIENTED_EDGE('',*,*,#4520,.T.);
#4783 = ORIENTED_EDGE('',*,*,#4784,.F.);
#4784 = EDGE_CURVE('',#4274,#4521,#4785,.T.);
#4785 = LINE('',#4786,#4787);
#4786 = CARTESIAN_POINT('',(-1.016,-1.27,0.));
#4787 = VECTOR('',#4788,1.);
#4788 = DIRECTION('',(0.,0.,1.));
#4789 = ORIENTED_EDGE('',*,*,#4273,.F.);
#4790 = PLANE('',#4791);
#4791 = AXIS2_PLACEMENT_3D('',#4792,#4793,#4794);
#4792 = CARTESIAN_POINT('',(-1.27,-1.016,0.));
#4793 = DIRECTION('',(0.707106781187,0.707106781187,0.));
#4794 = DIRECTION('',(0.707106781187,-0.707106781187,0.));
#4795 = ADVANCED_FACE('',(#4796),#4807,.F.);
#4796 = FACE_BOUND('',#4797,.F.);
#4797 = EDGE_LOOP('',(#4798,#4804,#4805,#4806));
#4798 = ORIENTED_EDGE('',*,*,#4799,.T.);
#4799 = EDGE_CURVE('',#4386,#4633,#4800,.T.);
#4800 = LINE('',#4801,#4802);
#4801 = CARTESIAN_POINT('',(1.27,-1.016,0.));
#4802 = VECTOR('',#4803,1.);
#4803 = DIRECTION('',(0.,0.,1.));
#4804 = ORIENTED_EDGE('',*,*,#4640,.T.);
#4805 = ORIENTED_EDGE('',*,*,#4765,.F.);
#4806 = ORIENTED_EDGE('',*,*,#4393,.F.);
#4807 = PLANE('',#4808);
#4808 = AXIS2_PLACEMENT_3D('',#4809,#4810,#4811);
#4809 = CARTESIAN_POINT('',(1.27,-1.016,0.));
#4810 = DIRECTION('',(-1.,0.,0.));
#4811 = DIRECTION('',(0.,1.,0.));
#4812 = ADVANCED_FACE('',(#4813),#4824,.F.);
#4813 = FACE_BOUND('',#4814,.F.);
#4814 = EDGE_LOOP('',(#4815,#4816,#4817,#4823));
#4815 = ORIENTED_EDGE('',*,*,#4784,.T.);
#4816 = ORIENTED_EDGE('',*,*,#4528,.T.);
#4817 = ORIENTED_EDGE('',*,*,#4818,.F.);
#4818 = EDGE_CURVE('',#4282,#4529,#4819,.T.);
#4819 = LINE('',#4820,#4821);
#4820 = CARTESIAN_POINT('',(-1.27,-1.524,0.));
#4821 = VECTOR('',#4822,1.);
#4822 = DIRECTION('',(0.,0.,1.));
#4823 = ORIENTED_EDGE('',*,*,#4281,.F.);
#4824 = PLANE('',#4825);
#4825 = AXIS2_PLACEMENT_3D('',#4826,#4827,#4828);
#4826 = CARTESIAN_POINT('',(-1.016,-1.27,0.));
#4827 = DIRECTION('',(0.707106781187,-0.707106781187,0.));
#4828 = DIRECTION('',(-0.707106781187,-0.707106781187,0.));
#4829 = ADVANCED_FACE('',(#4830),#4841,.F.);
#4830 = FACE_BOUND('',#4831,.F.);
#4831 = EDGE_LOOP('',(#4832,#4838,#4839,#4840));
#4832 = ORIENTED_EDGE('',*,*,#4833,.T.);
#4833 = EDGE_CURVE('',#4378,#4625,#4834,.T.);
#4834 = LINE('',#4835,#4836);
#4835 = CARTESIAN_POINT('',(1.016,-1.27,0.));
#4836 = VECTOR('',#4837,1.);
#4837 = DIRECTION('',(0.,0.,1.));
#4838 = ORIENTED_EDGE('',*,*,#4632,.T.);
#4839 = ORIENTED_EDGE('',*,*,#4799,.F.);
#4840 = ORIENTED_EDGE('',*,*,#4385,.F.);
#4841 = PLANE('',#4842);
#4842 = AXIS2_PLACEMENT_3D('',#4843,#4844,#4845);
#4843 = CARTESIAN_POINT('',(1.016,-1.27,0.));
#4844 = DIRECTION('',(-0.707106781187,0.707106781187,0.));
#4845 = DIRECTION('',(0.707106781187,0.707106781187,0.));
#4846 = ADVANCED_FACE('',(#4847),#4858,.F.);
#4847 = FACE_BOUND('',#4848,.F.);
#4848 = EDGE_LOOP('',(#4849,#4850,#4851,#4857));
#4849 = ORIENTED_EDGE('',*,*,#4818,.T.);
#4850 = ORIENTED_EDGE('',*,*,#4536,.T.);
#4851 = ORIENTED_EDGE('',*,*,#4852,.F.);
#4852 = EDGE_CURVE('',#4290,#4537,#4853,.T.);
#4853 = LINE('',#4854,#4855);
#4854 = CARTESIAN_POINT('',(-1.27,-3.556,0.));
#4855 = VECTOR('',#4856,1.);
#4856 = DIRECTION('',(0.,0.,1.));
#4857 = ORIENTED_EDGE('',*,*,#4289,.F.);
#4858 = PLANE('',#4859);
#4859 = AXIS2_PLACEMENT_3D('',#4860,#4861,#4862);
#4860 = CARTESIAN_POINT('',(-1.27,-1.524,0.));
#4861 = DIRECTION('',(1.,0.,0.));
#4862 = DIRECTION('',(0.,-1.,0.));
#4863 = ADVANCED_FACE('',(#4864),#4875,.F.);
#4864 = FACE_BOUND('',#4865,.F.);
#4865 = EDGE_LOOP('',(#4866,#4872,#4873,#4874));
#4866 = ORIENTED_EDGE('',*,*,#4867,.T.);
#4867 = EDGE_CURVE('',#4370,#4617,#4868,.T.);
#4868 = LINE('',#4869,#4870);
#4869 = CARTESIAN_POINT('',(1.27,-1.524,0.));
#4870 = VECTOR('',#4871,1.);
#4871 = DIRECTION('',(0.,0.,1.));
#4872 = ORIENTED_EDGE('',*,*,#4624,.T.);
#4873 = ORIENTED_EDGE('',*,*,#4833,.F.);
#4874 = ORIENTED_EDGE('',*,*,#4377,.F.);
#4875 = PLANE('',#4876);
#4876 = AXIS2_PLACEMENT_3D('',#4877,#4878,#4879);
#4877 = CARTESIAN_POINT('',(1.27,-1.524,0.));
#4878 = DIRECTION('',(-0.707106781187,-0.707106781187,0.));
#4879 = DIRECTION('',(-0.707106781187,0.707106781187,0.));
#4880 = ADVANCED_FACE('',(#4881),#4892,.F.);
#4881 = FACE_BOUND('',#4882,.F.);
#4882 = EDGE_LOOP('',(#4883,#4884,#4885,#4891));
#4883 = ORIENTED_EDGE('',*,*,#4852,.T.);
#4884 = ORIENTED_EDGE('',*,*,#4544,.T.);
#4885 = ORIENTED_EDGE('',*,*,#4886,.F.);
#4886 = EDGE_CURVE('',#4298,#4545,#4887,.T.);
#4887 = LINE('',#4888,#4889);
#4888 = CARTESIAN_POINT('',(-1.016,-3.81,0.));
#4889 = VECTOR('',#4890,1.);
#4890 = DIRECTION('',(0.,0.,1.));
#4891 = ORIENTED_EDGE('',*,*,#4297,.F.);
#4892 = PLANE('',#4893);
#4893 = AXIS2_PLACEMENT_3D('',#4894,#4895,#4896);
#4894 = CARTESIAN_POINT('',(-1.27,-3.556,0.));
#4895 = DIRECTION('',(0.707106781187,0.707106781187,0.));
#4896 = DIRECTION('',(0.707106781187,-0.707106781187,0.));
#4897 = ADVANCED_FACE('',(#4898),#4909,.F.);
#4898 = FACE_BOUND('',#4899,.F.);
#4899 = EDGE_LOOP('',(#4900,#4906,#4907,#4908));
#4900 = ORIENTED_EDGE('',*,*,#4901,.T.);
#4901 = EDGE_CURVE('',#4362,#4609,#4902,.T.);
#4902 = LINE('',#4903,#4904);
#4903 = CARTESIAN_POINT('',(1.27,-3.556,0.));
#4904 = VECTOR('',#4905,1.);
#4905 = DIRECTION('',(0.,0.,1.));
#4906 = ORIENTED_EDGE('',*,*,#4616,.T.);
#4907 = ORIENTED_EDGE('',*,*,#4867,.F.);
#4908 = ORIENTED_EDGE('',*,*,#4369,.F.);
#4909 = PLANE('',#4910);
#4910 = AXIS2_PLACEMENT_3D('',#4911,#4912,#4913);
#4911 = CARTESIAN_POINT('',(1.27,-3.556,0.));
#4912 = DIRECTION('',(-1.,0.,0.));
#4913 = DIRECTION('',(0.,1.,0.));
#4914 = ADVANCED_FACE('',(#4915),#4926,.F.);
#4915 = FACE_BOUND('',#4916,.F.);
#4916 = EDGE_LOOP('',(#4917,#4918,#4919,#4925));
#4917 = ORIENTED_EDGE('',*,*,#4886,.T.);
#4918 = ORIENTED_EDGE('',*,*,#4552,.T.);
#4919 = ORIENTED_EDGE('',*,*,#4920,.F.);
#4920 = EDGE_CURVE('',#4306,#4553,#4921,.T.);
#4921 = LINE('',#4922,#4923);
#4922 = CARTESIAN_POINT('',(-1.27,-4.064,0.));
#4923 = VECTOR('',#4924,1.);
#4924 = DIRECTION('',(0.,0.,1.));
#4925 = ORIENTED_EDGE('',*,*,#4305,.F.);
#4926 = PLANE('',#4927);
#4927 = AXIS2_PLACEMENT_3D('',#4928,#4929,#4930);
#4928 = CARTESIAN_POINT('',(-1.016,-3.81,0.));
#4929 = DIRECTION('',(0.707106781187,-0.707106781187,0.));
#4930 = DIRECTION('',(-0.707106781187,-0.707106781187,0.));
#4931 = ADVANCED_FACE('',(#4932),#4943,.F.);
#4932 = FACE_BOUND('',#4933,.F.);
#4933 = EDGE_LOOP('',(#4934,#4940,#4941,#4942));
#4934 = ORIENTED_EDGE('',*,*,#4935,.T.);
#4935 = EDGE_CURVE('',#4354,#4601,#4936,.T.);
#4936 = LINE('',#4937,#4938);
#4937 = CARTESIAN_POINT('',(1.016,-3.81,0.));
#4938 = VECTOR('',#4939,1.);
#4939 = DIRECTION('',(0.,0.,1.));
#4940 = ORIENTED_EDGE('',*,*,#4608,.T.);
#4941 = ORIENTED_EDGE('',*,*,#4901,.F.);
#4942 = ORIENTED_EDGE('',*,*,#4361,.F.);
#4943 = PLANE('',#4944);
#4944 = AXIS2_PLACEMENT_3D('',#4945,#4946,#4947);
#4945 = CARTESIAN_POINT('',(1.016,-3.81,0.));
#4946 = DIRECTION('',(-0.707106781187,0.707106781187,0.));
#4947 = DIRECTION('',(0.707106781187,0.707106781187,0.));
#4948 = ADVANCED_FACE('',(#4949),#4960,.F.);
#4949 = FACE_BOUND('',#4950,.F.);
#4950 = EDGE_LOOP('',(#4951,#4952,#4953,#4959));
#4951 = ORIENTED_EDGE('',*,*,#4920,.T.);
#4952 = ORIENTED_EDGE('',*,*,#4560,.T.);
#4953 = ORIENTED_EDGE('',*,*,#4954,.F.);
#4954 = EDGE_CURVE('',#4314,#4561,#4955,.T.);
#4955 = LINE('',#4956,#4957);
#4956 = CARTESIAN_POINT('',(-1.27,-6.096,0.));
#4957 = VECTOR('',#4958,1.);
#4958 = DIRECTION('',(0.,0.,1.));
#4959 = ORIENTED_EDGE('',*,*,#4313,.F.);
#4960 = PLANE('',#4961);
#4961 = AXIS2_PLACEMENT_3D('',#4962,#4963,#4964);
#4962 = CARTESIAN_POINT('',(-1.27,-4.064,0.));
#4963 = DIRECTION('',(1.,0.,0.));
#4964 = DIRECTION('',(0.,-1.,0.));
#4965 = ADVANCED_FACE('',(#4966),#4977,.F.);
#4966 = FACE_BOUND('',#4967,.F.);
#4967 = EDGE_LOOP('',(#4968,#4974,#4975,#4976));
#4968 = ORIENTED_EDGE('',*,*,#4969,.T.);
#4969 = EDGE_CURVE('',#4346,#4593,#4970,.T.);
#4970 = LINE('',#4971,#4972);
#4971 = CARTESIAN_POINT('',(1.27,-4.064,0.));
#4972 = VECTOR('',#4973,1.);
#4973 = DIRECTION('',(0.,0.,1.));
#4974 = ORIENTED_EDGE('',*,*,#4600,.T.);
#4975 = ORIENTED_EDGE('',*,*,#4935,.F.);
#4976 = ORIENTED_EDGE('',*,*,#4353,.F.);
#4977 = PLANE('',#4978);
#4978 = AXIS2_PLACEMENT_3D('',#4979,#4980,#4981);
#4979 = CARTESIAN_POINT('',(1.27,-4.064,0.));
#4980 = DIRECTION('',(-0.707106781187,-0.707106781187,0.));
#4981 = DIRECTION('',(-0.707106781187,0.707106781187,0.));
#4982 = ADVANCED_FACE('',(#4983),#4994,.F.);
#4983 = FACE_BOUND('',#4984,.F.);
#4984 = EDGE_LOOP('',(#4985,#4986,#4987,#4993));
#4985 = ORIENTED_EDGE('',*,*,#4954,.T.);
#4986 = ORIENTED_EDGE('',*,*,#4568,.T.);
#4987 = ORIENTED_EDGE('',*,*,#4988,.F.);
#4988 = EDGE_CURVE('',#4322,#4569,#4989,.T.);
#4989 = LINE('',#4990,#4991);
#4990 = CARTESIAN_POINT('',(-1.016,-6.35,0.));
#4991 = VECTOR('',#4992,1.);
#4992 = DIRECTION('',(0.,0.,1.));
#4993 = ORIENTED_EDGE('',*,*,#4321,.F.);
#4994 = PLANE('',#4995);
#4995 = AXIS2_PLACEMENT_3D('',#4996,#4997,#4998);
#4996 = CARTESIAN_POINT('',(-1.27,-6.096,0.));
#4997 = DIRECTION('',(0.707106781187,0.707106781187,0.));
#4998 = DIRECTION('',(0.707106781187,-0.707106781187,0.));
#4999 = ADVANCED_FACE('',(#5000),#5011,.F.);
#5000 = FACE_BOUND('',#5001,.F.);
#5001 = EDGE_LOOP('',(#5002,#5008,#5009,#5010));
#5002 = ORIENTED_EDGE('',*,*,#5003,.T.);
#5003 = EDGE_CURVE('',#4338,#4585,#5004,.T.);
#5004 = LINE('',#5005,#5006);
#5005 = CARTESIAN_POINT('',(1.27,-6.096,0.));
#5006 = VECTOR('',#5007,1.);
#5007 = DIRECTION('',(0.,0.,1.));
#5008 = ORIENTED_EDGE('',*,*,#4592,.T.);
#5009 = ORIENTED_EDGE('',*,*,#4969,.F.);
#5010 = ORIENTED_EDGE('',*,*,#4345,.F.);
#5011 = PLANE('',#5012);
#5012 = AXIS2_PLACEMENT_3D('',#5013,#5014,#5015);
#5013 = CARTESIAN_POINT('',(1.27,-6.096,0.));
#5014 = DIRECTION('',(-1.,0.,0.));
#5015 = DIRECTION('',(0.,1.,0.));
#5016 = ADVANCED_FACE('',(#5017),#5028,.F.);
#5017 = FACE_BOUND('',#5018,.F.);
#5018 = EDGE_LOOP('',(#5019,#5020,#5021,#5027));
#5019 = ORIENTED_EDGE('',*,*,#4988,.T.);
#5020 = ORIENTED_EDGE('',*,*,#4576,.T.);
#5021 = ORIENTED_EDGE('',*,*,#5022,.F.);
#5022 = EDGE_CURVE('',#4330,#4577,#5023,.T.);
#5023 = LINE('',#5024,#5025);
#5024 = CARTESIAN_POINT('',(1.016,-6.35,0.));
#5025 = VECTOR('',#5026,1.);
#5026 = DIRECTION('',(0.,0.,1.));
#5027 = ORIENTED_EDGE('',*,*,#4329,.F.);
#5028 = PLANE('',#5029);
#5029 = AXIS2_PLACEMENT_3D('',#5030,#5031,#5032);
#5030 = CARTESIAN_POINT('',(-1.016,-6.35,0.));
#5031 = DIRECTION('',(0.,1.,0.));
#5032 = DIRECTION('',(1.,0.,0.));
#5033 = ADVANCED_FACE('',(#5034),#5040,.F.);
#5034 = FACE_BOUND('',#5035,.F.);
#5035 = EDGE_LOOP('',(#5036,#5037,#5038,#5039));
#5036 = ORIENTED_EDGE('',*,*,#5022,.T.);
#5037 = ORIENTED_EDGE('',*,*,#4584,.T.);
#5038 = ORIENTED_EDGE('',*,*,#5003,.F.);
#5039 = ORIENTED_EDGE('',*,*,#4337,.F.);
#5040 = PLANE('',#5041);
#5041 = AXIS2_PLACEMENT_3D('',#5042,#5043,#5044);
#5042 = CARTESIAN_POINT('',(1.016,-6.35,0.));
#5043 = DIRECTION('',(-0.707106781187,0.707106781187,0.));
#5044 = DIRECTION('',(0.707106781187,0.707106781187,0.));
#5045 = ADVANCED_FACE('',(#5046),#5071,.T.);
#5046 = FACE_BOUND('',#5047,.T.);
#5047 = EDGE_LOOP('',(#5048,#5056,#5064,#5070));
#5048 = ORIENTED_EDGE('',*,*,#5049,.F.);
#5049 = EDGE_CURVE('',#5050,#4411,#5052,.T.);
#5050 = VERTEX_POINT('',#5051);
#5051 = CARTESIAN_POINT('',(0.32,-0.32,-2.84));
#5052 = LINE('',#5053,#5054);
#5053 = CARTESIAN_POINT('',(0.32,-0.32,-3.));
#5054 = VECTOR('',#5055,1.);
#5055 = DIRECTION('',(0.,0.,1.));
#5056 = ORIENTED_EDGE('',*,*,#5057,.T.);
#5057 = EDGE_CURVE('',#5050,#5058,#5060,.T.);
#5058 = VERTEX_POINT('',#5059);
#5059 = CARTESIAN_POINT('',(0.32,0.32,-2.84));
#5060 = LINE('',#5061,#5062);
#5061 = CARTESIAN_POINT('',(0.32,-0.32,-2.84));
#5062 = VECTOR('',#5063,1.);
#5063 = DIRECTION('',(0.,1.,0.));
#5064 = ORIENTED_EDGE('',*,*,#5065,.T.);
#5065 = EDGE_CURVE('',#5058,#4413,#5066,.T.);
#5066 = LINE('',#5067,#5068);
#5067 = CARTESIAN_POINT('',(0.32,0.32,-3.));
#5068 = VECTOR('',#5069,1.);
#5069 = DIRECTION('',(0.,0.,1.));
#5070 = ORIENTED_EDGE('',*,*,#4410,.F.);
#5071 = PLANE('',#5072);
#5072 = AXIS2_PLACEMENT_3D('',#5073,#5074,#5075);
#5073 = CARTESIAN_POINT('',(0.32,-0.32,-3.));
#5074 = DIRECTION('',(1.,0.,0.));
#5075 = DIRECTION('',(0.,0.,1.));
#5076 = ADVANCED_FACE('',(#5077),#5095,.T.);
#5077 = FACE_BOUND('',#5078,.T.);
#5078 = EDGE_LOOP('',(#5079,#5080,#5088,#5094));
#5079 = ORIENTED_EDGE('',*,*,#5065,.F.);
#5080 = ORIENTED_EDGE('',*,*,#5081,.F.);
#5081 = EDGE_CURVE('',#5082,#5058,#5084,.T.);
#5082 = VERTEX_POINT('',#5083);
#5083 = CARTESIAN_POINT('',(-0.32,0.32,-2.84));
#5084 = LINE('',#5085,#5086);
#5085 = CARTESIAN_POINT('',(-0.32,0.32,-2.84));
#5086 = VECTOR('',#5087,1.);
#5087 = DIRECTION('',(1.,0.,0.));
#5088 = ORIENTED_EDGE('',*,*,#5089,.T.);
#5089 = EDGE_CURVE('',#5082,#4429,#5090,.T.);
#5090 = LINE('',#5091,#5092);
#5091 = CARTESIAN_POINT('',(-0.32,0.32,-3.));
#5092 = VECTOR('',#5093,1.);
#5093 = DIRECTION('',(0.,0.,1.));
#5094 = ORIENTED_EDGE('',*,*,#4436,.F.);
#5095 = PLANE('',#5096);
#5096 = AXIS2_PLACEMENT_3D('',#5097,#5098,#5099);
#5097 = CARTESIAN_POINT('',(-0.32,0.32,-3.));
#5098 = DIRECTION('',(0.,1.,0.));
#5099 = DIRECTION('',(0.,-0.,1.));
#5100 = ADVANCED_FACE('',(#5101),#5119,.F.);
#5101 = FACE_BOUND('',#5102,.F.);
#5102 = EDGE_LOOP('',(#5103,#5111,#5117,#5118));
#5103 = ORIENTED_EDGE('',*,*,#5104,.F.);
#5104 = EDGE_CURVE('',#5105,#4421,#5107,.T.);
#5105 = VERTEX_POINT('',#5106);
#5106 = CARTESIAN_POINT('',(-0.32,-0.32,-2.84));
#5107 = LINE('',#5108,#5109);
#5108 = CARTESIAN_POINT('',(-0.32,-0.32,-3.));
#5109 = VECTOR('',#5110,1.);
#5110 = DIRECTION('',(0.,0.,1.));
#5111 = ORIENTED_EDGE('',*,*,#5112,.T.);
#5112 = EDGE_CURVE('',#5105,#5082,#5113,.T.);
#5113 = LINE('',#5114,#5115);
#5114 = CARTESIAN_POINT('',(-0.32,-0.32,-2.84));
#5115 = VECTOR('',#5116,1.);
#5116 = DIRECTION('',(0.,1.,0.));
#5117 = ORIENTED_EDGE('',*,*,#5089,.T.);
#5118 = ORIENTED_EDGE('',*,*,#4428,.F.);
#5119 = PLANE('',#5120);
#5120 = AXIS2_PLACEMENT_3D('',#5121,#5122,#5123);
#5121 = CARTESIAN_POINT('',(-0.32,-0.32,-3.));
#5122 = DIRECTION('',(1.,0.,0.));
#5123 = DIRECTION('',(0.,0.,1.));
#5124 = ADVANCED_FACE('',(#5125),#5136,.F.);
#5125 = FACE_BOUND('',#5126,.F.);
#5126 = EDGE_LOOP('',(#5127,#5128,#5134,#5135));
#5127 = ORIENTED_EDGE('',*,*,#5049,.F.);
#5128 = ORIENTED_EDGE('',*,*,#5129,.F.);
#5129 = EDGE_CURVE('',#5105,#5050,#5130,.T.);
#5130 = LINE('',#5131,#5132);
#5131 = CARTESIAN_POINT('',(-0.32,-0.32,-2.84));
#5132 = VECTOR('',#5133,1.);
#5133 = DIRECTION('',(1.,0.,0.));
#5134 = ORIENTED_EDGE('',*,*,#5104,.T.);
#5135 = ORIENTED_EDGE('',*,*,#4420,.F.);
#5136 = PLANE('',#5137);
#5137 = AXIS2_PLACEMENT_3D('',#5138,#5139,#5140);
#5138 = CARTESIAN_POINT('',(-0.32,-0.32,-3.));
#5139 = DIRECTION('',(0.,1.,0.));
#5140 = DIRECTION('',(0.,-0.,1.));
#5141 = ADVANCED_FACE('',(#5142),#5167,.F.);
#5142 = FACE_BOUND('',#5143,.F.);
#5143 = EDGE_LOOP('',(#5144,#5152,#5160,#5166));
#5144 = ORIENTED_EDGE('',*,*,#5145,.F.);
#5145 = EDGE_CURVE('',#5146,#4445,#5148,.T.);
#5146 = VERTEX_POINT('',#5147);
#5147 = CARTESIAN_POINT('',(0.32,-2.86,-2.84));
#5148 = LINE('',#5149,#5150);
#5149 = CARTESIAN_POINT('',(0.32,-2.86,-3.));
#5150 = VECTOR('',#5151,1.);
#5151 = DIRECTION('',(0.,0.,1.));
#5152 = ORIENTED_EDGE('',*,*,#5153,.F.);
#5153 = EDGE_CURVE('',#5154,#5146,#5156,.T.);
#5154 = VERTEX_POINT('',#5155);
#5155 = CARTESIAN_POINT('',(-0.32,-2.86,-2.84));
#5156 = LINE('',#5157,#5158);
#5157 = CARTESIAN_POINT('',(-0.32,-2.86,-2.84));
#5158 = VECTOR('',#5159,1.);
#5159 = DIRECTION('',(1.,0.,0.));
#5160 = ORIENTED_EDGE('',*,*,#5161,.T.);
#5161 = EDGE_CURVE('',#5154,#4447,#5162,.T.);
#5162 = LINE('',#5163,#5164);
#5163 = CARTESIAN_POINT('',(-0.32,-2.86,-3.));
#5164 = VECTOR('',#5165,1.);
#5165 = DIRECTION('',(0.,0.,1.));
#5166 = ORIENTED_EDGE('',*,*,#4444,.F.);
#5167 = PLANE('',#5168);
#5168 = AXIS2_PLACEMENT_3D('',#5169,#5170,#5171);
#5169 = CARTESIAN_POINT('',(-0.32,-2.86,-3.));
#5170 = DIRECTION('',(0.,1.,0.));
#5171 = DIRECTION('',(0.,-0.,1.));
#5172 = ADVANCED_FACE('',(#5173),#5191,.T.);
#5173 = FACE_BOUND('',#5174,.T.);
#5174 = EDGE_LOOP('',(#5175,#5176,#5184,#5190));
#5175 = ORIENTED_EDGE('',*,*,#5145,.F.);
#5176 = ORIENTED_EDGE('',*,*,#5177,.T.);
#5177 = EDGE_CURVE('',#5146,#5178,#5180,.T.);
#5178 = VERTEX_POINT('',#5179);
#5179 = CARTESIAN_POINT('',(0.32,-2.22,-2.84));
#5180 = LINE('',#5181,#5182);
#5181 = CARTESIAN_POINT('',(0.32,-2.86,-2.84));
#5182 = VECTOR('',#5183,1.);
#5183 = DIRECTION('',(0.,1.,0.));
#5184 = ORIENTED_EDGE('',*,*,#5185,.T.);
#5185 = EDGE_CURVE('',#5178,#4463,#5186,.T.);
#5186 = LINE('',#5187,#5188);
#5187 = CARTESIAN_POINT('',(0.32,-2.22,-3.));
#5188 = VECTOR('',#5189,1.);
#5189 = DIRECTION('',(0.,0.,1.));
#5190 = ORIENTED_EDGE('',*,*,#4470,.F.);
#5191 = PLANE('',#5192);
#5192 = AXIS2_PLACEMENT_3D('',#5193,#5194,#5195);
#5193 = CARTESIAN_POINT('',(0.32,-2.86,-3.));
#5194 = DIRECTION('',(1.,0.,0.));
#5195 = DIRECTION('',(0.,0.,1.));
#5196 = ADVANCED_FACE('',(#5197),#5215,.T.);
#5197 = FACE_BOUND('',#5198,.T.);
#5198 = EDGE_LOOP('',(#5199,#5200,#5208,#5214));
#5199 = ORIENTED_EDGE('',*,*,#5185,.F.);
#5200 = ORIENTED_EDGE('',*,*,#5201,.F.);
#5201 = EDGE_CURVE('',#5202,#5178,#5204,.T.);
#5202 = VERTEX_POINT('',#5203);
#5203 = CARTESIAN_POINT('',(-0.32,-2.22,-2.84));
#5204 = LINE('',#5205,#5206);
#5205 = CARTESIAN_POINT('',(-0.32,-2.22,-2.84));
#5206 = VECTOR('',#5207,1.);
#5207 = DIRECTION('',(1.,0.,0.));
#5208 = ORIENTED_EDGE('',*,*,#5209,.T.);
#5209 = EDGE_CURVE('',#5202,#4455,#5210,.T.);
#5210 = LINE('',#5211,#5212);
#5211 = CARTESIAN_POINT('',(-0.32,-2.22,-3.));
#5212 = VECTOR('',#5213,1.);
#5213 = DIRECTION('',(0.,0.,1.));
#5214 = ORIENTED_EDGE('',*,*,#4462,.F.);
#5215 = PLANE('',#5216);
#5216 = AXIS2_PLACEMENT_3D('',#5217,#5218,#5219);
#5217 = CARTESIAN_POINT('',(-0.32,-2.22,-3.));
#5218 = DIRECTION('',(0.,1.,0.));
#5219 = DIRECTION('',(0.,-0.,1.));
#5220 = ADVANCED_FACE('',(#5221),#5232,.F.);
#5221 = FACE_BOUND('',#5222,.F.);
#5222 = EDGE_LOOP('',(#5223,#5224,#5230,#5231));
#5223 = ORIENTED_EDGE('',*,*,#5161,.F.);
#5224 = ORIENTED_EDGE('',*,*,#5225,.T.);
#5225 = EDGE_CURVE('',#5154,#5202,#5226,.T.);
#5226 = LINE('',#5227,#5228);
#5227 = CARTESIAN_POINT('',(-0.32,-2.86,-2.84));
#5228 = VECTOR('',#5229,1.);
#5229 = DIRECTION('',(0.,1.,0.));
#5230 = ORIENTED_EDGE('',*,*,#5209,.T.);
#5231 = ORIENTED_EDGE('',*,*,#4454,.F.);
#5232 = PLANE('',#5233);
#5233 = AXIS2_PLACEMENT_3D('',#5234,#5235,#5236);
#5234 = CARTESIAN_POINT('',(-0.32,-2.86,-3.));
#5235 = DIRECTION('',(1.,0.,0.));
#5236 = DIRECTION('',(0.,0.,1.));
#5237 = ADVANCED_FACE('',(#5238),#5263,.T.);
#5238 = FACE_BOUND('',#5239,.T.);
#5239 = EDGE_LOOP('',(#5240,#5248,#5256,#5262));
#5240 = ORIENTED_EDGE('',*,*,#5241,.F.);
#5241 = EDGE_CURVE('',#5242,#4479,#5244,.T.);
#5242 = VERTEX_POINT('',#5243);
#5243 = CARTESIAN_POINT('',(0.32,-4.76,-2.84));
#5244 = LINE('',#5245,#5246);
#5245 = CARTESIAN_POINT('',(0.32,-4.76,-3.));
#5246 = VECTOR('',#5247,1.);
#5247 = DIRECTION('',(0.,0.,1.));
#5248 = ORIENTED_EDGE('',*,*,#5249,.F.);
#5249 = EDGE_CURVE('',#5250,#5242,#5252,.T.);
#5250 = VERTEX_POINT('',#5251);
#5251 = CARTESIAN_POINT('',(-0.32,-4.76,-2.84));
#5252 = LINE('',#5253,#5254);
#5253 = CARTESIAN_POINT('',(-0.32,-4.76,-2.84));
#5254 = VECTOR('',#5255,1.);
#5255 = DIRECTION('',(1.,0.,0.));
#5256 = ORIENTED_EDGE('',*,*,#5257,.T.);
#5257 = EDGE_CURVE('',#5250,#4481,#5258,.T.);
#5258 = LINE('',#5259,#5260);
#5259 = CARTESIAN_POINT('',(-0.32,-4.76,-3.));
#5260 = VECTOR('',#5261,1.);
#5261 = DIRECTION('',(0.,0.,1.));
#5262 = ORIENTED_EDGE('',*,*,#4478,.F.);
#5263 = PLANE('',#5264);
#5264 = AXIS2_PLACEMENT_3D('',#5265,#5266,#5267);
#5265 = CARTESIAN_POINT('',(-0.32,-4.76,-3.));
#5266 = DIRECTION('',(0.,1.,0.));
#5267 = DIRECTION('',(0.,-0.,1.));
#5268 = ADVANCED_FACE('',(#5269),#5287,.F.);
#5269 = FACE_BOUND('',#5270,.F.);
#5270 = EDGE_LOOP('',(#5271,#5279,#5285,#5286));
#5271 = ORIENTED_EDGE('',*,*,#5272,.F.);
#5272 = EDGE_CURVE('',#5273,#4497,#5275,.T.);
#5273 = VERTEX_POINT('',#5274);
#5274 = CARTESIAN_POINT('',(-0.32,-5.4,-2.84));
#5275 = LINE('',#5276,#5277);
#5276 = CARTESIAN_POINT('',(-0.32,-5.4,-3.));
#5277 = VECTOR('',#5278,1.);
#5278 = DIRECTION('',(0.,0.,1.));
#5279 = ORIENTED_EDGE('',*,*,#5280,.T.);
#5280 = EDGE_CURVE('',#5273,#5250,#5281,.T.);
#5281 = LINE('',#5282,#5283);
#5282 = CARTESIAN_POINT('',(-0.32,-5.4,-2.84));
#5283 = VECTOR('',#5284,1.);
#5284 = DIRECTION('',(0.,1.,0.));
#5285 = ORIENTED_EDGE('',*,*,#5257,.T.);
#5286 = ORIENTED_EDGE('',*,*,#4504,.F.);
#5287 = PLANE('',#5288);
#5288 = AXIS2_PLACEMENT_3D('',#5289,#5290,#5291);
#5289 = CARTESIAN_POINT('',(-0.32,-5.4,-3.));
#5290 = DIRECTION('',(1.,0.,0.));
#5291 = DIRECTION('',(0.,0.,1.));
#5292 = ADVANCED_FACE('',(#5293),#5311,.F.);
#5293 = FACE_BOUND('',#5294,.F.);
#5294 = EDGE_LOOP('',(#5295,#5303,#5309,#5310));
#5295 = ORIENTED_EDGE('',*,*,#5296,.F.);
#5296 = EDGE_CURVE('',#5297,#4489,#5299,.T.);
#5297 = VERTEX_POINT('',#5298);
#5298 = CARTESIAN_POINT('',(0.32,-5.4,-2.84));
#5299 = LINE('',#5300,#5301);
#5300 = CARTESIAN_POINT('',(0.32,-5.4,-3.));
#5301 = VECTOR('',#5302,1.);
#5302 = DIRECTION('',(0.,0.,1.));
#5303 = ORIENTED_EDGE('',*,*,#5304,.F.);
#5304 = EDGE_CURVE('',#5273,#5297,#5305,.T.);
#5305 = LINE('',#5306,#5307);
#5306 = CARTESIAN_POINT('',(-0.32,-5.4,-2.84));
#5307 = VECTOR('',#5308,1.);
#5308 = DIRECTION('',(1.,0.,0.));
#5309 = ORIENTED_EDGE('',*,*,#5272,.T.);
#5310 = ORIENTED_EDGE('',*,*,#4496,.F.);
#5311 = PLANE('',#5312);
#5312 = AXIS2_PLACEMENT_3D('',#5313,#5314,#5315);
#5313 = CARTESIAN_POINT('',(-0.32,-5.4,-3.));
#5314 = DIRECTION('',(0.,1.,0.));
#5315 = DIRECTION('',(0.,-0.,1.));
#5316 = ADVANCED_FACE('',(#5317),#5328,.T.);
#5317 = FACE_BOUND('',#5318,.T.);
#5318 = EDGE_LOOP('',(#5319,#5320,#5326,#5327));
#5319 = ORIENTED_EDGE('',*,*,#5296,.F.);
#5320 = ORIENTED_EDGE('',*,*,#5321,.T.);
#5321 = EDGE_CURVE('',#5297,#5242,#5322,.T.);
#5322 = LINE('',#5323,#5324);
#5323 = CARTESIAN_POINT('',(0.32,-5.4,-2.84));
#5324 = VECTOR('',#5325,1.);
#5325 = DIRECTION('',(0.,1.,0.));
#5326 = ORIENTED_EDGE('',*,*,#5241,.T.);
#5327 = ORIENTED_EDGE('',*,*,#4488,.F.);
#5328 = PLANE('',#5329);
#5329 = AXIS2_PLACEMENT_3D('',#5330,#5331,#5332);
#5330 = CARTESIAN_POINT('',(0.32,-5.4,-3.));
#5331 = DIRECTION('',(1.,0.,0.));
#5332 = DIRECTION('',(0.,0.,1.));
#5333 = ADVANCED_FACE('',(#5334),#5359,.T.);
#5334 = FACE_BOUND('',#5335,.T.);
#5335 = EDGE_LOOP('',(#5336,#5344,#5345,#5353));
#5336 = ORIENTED_EDGE('',*,*,#5337,.F.);
#5337 = EDGE_CURVE('',#4658,#5338,#5340,.T.);
#5338 = VERTEX_POINT('',#5339);
#5339 = CARTESIAN_POINT('',(0.32,-0.32,8.38));
#5340 = LINE('',#5341,#5342);
#5341 = CARTESIAN_POINT('',(0.32,-0.32,-3.));
#5342 = VECTOR('',#5343,1.);
#5343 = DIRECTION('',(0.,0.,1.));
#5344 = ORIENTED_EDGE('',*,*,#4657,.T.);
#5345 = ORIENTED_EDGE('',*,*,#5346,.T.);
#5346 = EDGE_CURVE('',#4660,#5347,#5349,.T.);
#5347 = VERTEX_POINT('',#5348);
#5348 = CARTESIAN_POINT('',(0.32,0.32,8.38));
#5349 = LINE('',#5350,#5351);
#5350 = CARTESIAN_POINT('',(0.32,0.32,-3.));
#5351 = VECTOR('',#5352,1.);
#5352 = DIRECTION('',(0.,0.,1.));
#5353 = ORIENTED_EDGE('',*,*,#5354,.F.);
#5354 = EDGE_CURVE('',#5338,#5347,#5355,.T.);
#5355 = LINE('',#5356,#5357);
#5356 = CARTESIAN_POINT('',(0.32,-0.32,8.38));
#5357 = VECTOR('',#5358,1.);
#5358 = DIRECTION('',(0.,1.,0.));
#5359 = PLANE('',#5360);
#5360 = AXIS2_PLACEMENT_3D('',#5361,#5362,#5363);
#5361 = CARTESIAN_POINT('',(0.32,-0.32,-3.));
#5362 = DIRECTION('',(1.,0.,0.));
#5363 = DIRECTION('',(0.,0.,1.));
#5364 = ADVANCED_FACE('',(#5365),#5383,.T.);
#5365 = FACE_BOUND('',#5366,.T.);
#5366 = EDGE_LOOP('',(#5367,#5368,#5369,#5377));
#5367 = ORIENTED_EDGE('',*,*,#5346,.F.);
#5368 = ORIENTED_EDGE('',*,*,#4683,.T.);
#5369 = ORIENTED_EDGE('',*,*,#5370,.T.);
#5370 = EDGE_CURVE('',#4676,#5371,#5373,.T.);
#5371 = VERTEX_POINT('',#5372);
#5372 = CARTESIAN_POINT('',(-0.32,0.32,8.38));
#5373 = LINE('',#5374,#5375);
#5374 = CARTESIAN_POINT('',(-0.32,0.32,-3.));
#5375 = VECTOR('',#5376,1.);
#5376 = DIRECTION('',(0.,0.,1.));
#5377 = ORIENTED_EDGE('',*,*,#5378,.T.);
#5378 = EDGE_CURVE('',#5371,#5347,#5379,.T.);
#5379 = LINE('',#5380,#5381);
#5380 = CARTESIAN_POINT('',(-0.32,0.32,8.38));
#5381 = VECTOR('',#5382,1.);
#5382 = DIRECTION('',(1.,0.,0.));
#5383 = PLANE('',#5384);
#5384 = AXIS2_PLACEMENT_3D('',#5385,#5386,#5387);
#5385 = CARTESIAN_POINT('',(-0.32,0.32,-3.));
#5386 = DIRECTION('',(0.,1.,0.));
#5387 = DIRECTION('',(0.,-0.,1.));
#5388 = ADVANCED_FACE('',(#5389),#5407,.F.);
#5389 = FACE_BOUND('',#5390,.F.);
#5390 = EDGE_LOOP('',(#5391,#5399,#5400,#5401));
#5391 = ORIENTED_EDGE('',*,*,#5392,.F.);
#5392 = EDGE_CURVE('',#4668,#5393,#5395,.T.);
#5393 = VERTEX_POINT('',#5394);
#5394 = CARTESIAN_POINT('',(-0.32,-0.32,8.38));
#5395 = LINE('',#5396,#5397);
#5396 = CARTESIAN_POINT('',(-0.32,-0.32,-3.));
#5397 = VECTOR('',#5398,1.);
#5398 = DIRECTION('',(0.,0.,1.));
#5399 = ORIENTED_EDGE('',*,*,#4675,.T.);
#5400 = ORIENTED_EDGE('',*,*,#5370,.T.);
#5401 = ORIENTED_EDGE('',*,*,#5402,.F.);
#5402 = EDGE_CURVE('',#5393,#5371,#5403,.T.);
#5403 = LINE('',#5404,#5405);
#5404 = CARTESIAN_POINT('',(-0.32,-0.32,8.38));
#5405 = VECTOR('',#5406,1.);
#5406 = DIRECTION('',(0.,1.,0.));
#5407 = PLANE('',#5408);
#5408 = AXIS2_PLACEMENT_3D('',#5409,#5410,#5411);
#5409 = CARTESIAN_POINT('',(-0.32,-0.32,-3.));
#5410 = DIRECTION('',(1.,0.,0.));
#5411 = DIRECTION('',(0.,0.,1.));
#5412 = ADVANCED_FACE('',(#5413),#5424,.F.);
#5413 = FACE_BOUND('',#5414,.F.);
#5414 = EDGE_LOOP('',(#5415,#5416,#5417,#5418));
#5415 = ORIENTED_EDGE('',*,*,#5337,.F.);
#5416 = ORIENTED_EDGE('',*,*,#4667,.T.);
#5417 = ORIENTED_EDGE('',*,*,#5392,.T.);
#5418 = ORIENTED_EDGE('',*,*,#5419,.T.);
#5419 = EDGE_CURVE('',#5393,#5338,#5420,.T.);
#5420 = LINE('',#5421,#5422);
#5421 = CARTESIAN_POINT('',(-0.32,-0.32,8.38));
#5422 = VECTOR('',#5423,1.);
#5423 = DIRECTION('',(1.,0.,0.));
#5424 = PLANE('',#5425);
#5425 = AXIS2_PLACEMENT_3D('',#5426,#5427,#5428);
#5426 = CARTESIAN_POINT('',(-0.32,-0.32,-3.));
#5427 = DIRECTION('',(0.,1.,0.));
#5428 = DIRECTION('',(0.,-0.,1.));
#5429 = ADVANCED_FACE('',(#5430),#5455,.F.);
#5430 = FACE_BOUND('',#5431,.F.);
#5431 = EDGE_LOOP('',(#5432,#5440,#5441,#5449));
#5432 = ORIENTED_EDGE('',*,*,#5433,.F.);
#5433 = EDGE_CURVE('',#4692,#5434,#5436,.T.);
#5434 = VERTEX_POINT('',#5435);
#5435 = CARTESIAN_POINT('',(0.32,-2.86,8.38));
#5436 = LINE('',#5437,#5438);
#5437 = CARTESIAN_POINT('',(0.32,-2.86,-3.));
#5438 = VECTOR('',#5439,1.);
#5439 = DIRECTION('',(0.,0.,1.));
#5440 = ORIENTED_EDGE('',*,*,#4691,.T.);
#5441 = ORIENTED_EDGE('',*,*,#5442,.T.);
#5442 = EDGE_CURVE('',#4694,#5443,#5445,.T.);
#5443 = VERTEX_POINT('',#5444);
#5444 = CARTESIAN_POINT('',(-0.32,-2.86,8.38));
#5445 = LINE('',#5446,#5447);
#5446 = CARTESIAN_POINT('',(-0.32,-2.86,-3.));
#5447 = VECTOR('',#5448,1.);
#5448 = DIRECTION('',(0.,0.,1.));
#5449 = ORIENTED_EDGE('',*,*,#5450,.T.);
#5450 = EDGE_CURVE('',#5443,#5434,#5451,.T.);
#5451 = LINE('',#5452,#5453);
#5452 = CARTESIAN_POINT('',(-0.32,-2.86,8.38));
#5453 = VECTOR('',#5454,1.);
#5454 = DIRECTION('',(1.,0.,0.));
#5455 = PLANE('',#5456);
#5456 = AXIS2_PLACEMENT_3D('',#5457,#5458,#5459);
#5457 = CARTESIAN_POINT('',(-0.32,-2.86,-3.));
#5458 = DIRECTION('',(0.,1.,0.));
#5459 = DIRECTION('',(0.,-0.,1.));
#5460 = ADVANCED_FACE('',(#5461),#5479,.T.);
#5461 = FACE_BOUND('',#5462,.T.);
#5462 = EDGE_LOOP('',(#5463,#5464,#5465,#5473));
#5463 = ORIENTED_EDGE('',*,*,#5433,.F.);
#5464 = ORIENTED_EDGE('',*,*,#4717,.T.);
#5465 = ORIENTED_EDGE('',*,*,#5466,.T.);
#5466 = EDGE_CURVE('',#4710,#5467,#5469,.T.);
#5467 = VERTEX_POINT('',#5468);
#5468 = CARTESIAN_POINT('',(0.32,-2.22,8.38));
#5469 = LINE('',#5470,#5471);
#5470 = CARTESIAN_POINT('',(0.32,-2.22,-3.));
#5471 = VECTOR('',#5472,1.);
#5472 = DIRECTION('',(0.,0.,1.));
#5473 = ORIENTED_EDGE('',*,*,#5474,.F.);
#5474 = EDGE_CURVE('',#5434,#5467,#5475,.T.);
#5475 = LINE('',#5476,#5477);
#5476 = CARTESIAN_POINT('',(0.32,-2.86,8.38));
#5477 = VECTOR('',#5478,1.);
#5478 = DIRECTION('',(0.,1.,0.));
#5479 = PLANE('',#5480);
#5480 = AXIS2_PLACEMENT_3D('',#5481,#5482,#5483);
#5481 = CARTESIAN_POINT('',(0.32,-2.86,-3.));
#5482 = DIRECTION('',(1.,0.,0.));
#5483 = DIRECTION('',(0.,0.,1.));
#5484 = ADVANCED_FACE('',(#5485),#5503,.T.);
#5485 = FACE_BOUND('',#5486,.T.);
#5486 = EDGE_LOOP('',(#5487,#5488,#5489,#5497));
#5487 = ORIENTED_EDGE('',*,*,#5466,.F.);
#5488 = ORIENTED_EDGE('',*,*,#4709,.T.);
#5489 = ORIENTED_EDGE('',*,*,#5490,.T.);
#5490 = EDGE_CURVE('',#4702,#5491,#5493,.T.);
#5491 = VERTEX_POINT('',#5492);
#5492 = CARTESIAN_POINT('',(-0.32,-2.22,8.38));
#5493 = LINE('',#5494,#5495);
#5494 = CARTESIAN_POINT('',(-0.32,-2.22,-3.));
#5495 = VECTOR('',#5496,1.);
#5496 = DIRECTION('',(0.,0.,1.));
#5497 = ORIENTED_EDGE('',*,*,#5498,.T.);
#5498 = EDGE_CURVE('',#5491,#5467,#5499,.T.);
#5499 = LINE('',#5500,#5501);
#5500 = CARTESIAN_POINT('',(-0.32,-2.22,8.38));
#5501 = VECTOR('',#5502,1.);
#5502 = DIRECTION('',(1.,0.,0.));
#5503 = PLANE('',#5504);
#5504 = AXIS2_PLACEMENT_3D('',#5505,#5506,#5507);
#5505 = CARTESIAN_POINT('',(-0.32,-2.22,-3.));
#5506 = DIRECTION('',(0.,1.,0.));
#5507 = DIRECTION('',(0.,-0.,1.));
#5508 = ADVANCED_FACE('',(#5509),#5520,.F.);
#5509 = FACE_BOUND('',#5510,.F.);
#5510 = EDGE_LOOP('',(#5511,#5512,#5513,#5514));
#5511 = ORIENTED_EDGE('',*,*,#5442,.F.);
#5512 = ORIENTED_EDGE('',*,*,#4701,.T.);
#5513 = ORIENTED_EDGE('',*,*,#5490,.T.);
#5514 = ORIENTED_EDGE('',*,*,#5515,.F.);
#5515 = EDGE_CURVE('',#5443,#5491,#5516,.T.);
#5516 = LINE('',#5517,#5518);
#5517 = CARTESIAN_POINT('',(-0.32,-2.86,8.38));
#5518 = VECTOR('',#5519,1.);
#5519 = DIRECTION('',(0.,1.,0.));
#5520 = PLANE('',#5521);
#5521 = AXIS2_PLACEMENT_3D('',#5522,#5523,#5524);
#5522 = CARTESIAN_POINT('',(-0.32,-2.86,-3.));
#5523 = DIRECTION('',(1.,0.,0.));
#5524 = DIRECTION('',(0.,0.,1.));
#5525 = ADVANCED_FACE('',(#5526),#5551,.T.);
#5526 = FACE_BOUND('',#5527,.T.);
#5527 = EDGE_LOOP('',(#5528,#5536,#5537,#5545));
#5528 = ORIENTED_EDGE('',*,*,#5529,.F.);
#5529 = EDGE_CURVE('',#4726,#5530,#5532,.T.);
#5530 = VERTEX_POINT('',#5531);
#5531 = CARTESIAN_POINT('',(0.32,-4.76,8.38));
#5532 = LINE('',#5533,#5534);
#5533 = CARTESIAN_POINT('',(0.32,-4.76,-3.));
#5534 = VECTOR('',#5535,1.);
#5535 = DIRECTION('',(0.,0.,1.));
#5536 = ORIENTED_EDGE('',*,*,#4725,.T.);
#5537 = ORIENTED_EDGE('',*,*,#5538,.T.);
#5538 = EDGE_CURVE('',#4728,#5539,#5541,.T.);
#5539 = VERTEX_POINT('',#5540);
#5540 = CARTESIAN_POINT('',(-0.32,-4.76,8.38));
#5541 = LINE('',#5542,#5543);
#5542 = CARTESIAN_POINT('',(-0.32,-4.76,-3.));
#5543 = VECTOR('',#5544,1.);
#5544 = DIRECTION('',(0.,0.,1.));
#5545 = ORIENTED_EDGE('',*,*,#5546,.T.);
#5546 = EDGE_CURVE('',#5539,#5530,#5547,.T.);
#5547 = LINE('',#5548,#5549);
#5548 = CARTESIAN_POINT('',(-0.32,-4.76,8.38));
#5549 = VECTOR('',#5550,1.);
#5550 = DIRECTION('',(1.,0.,0.));
#5551 = PLANE('',#5552);
#5552 = AXIS2_PLACEMENT_3D('',#5553,#5554,#5555);
#5553 = CARTESIAN_POINT('',(-0.32,-4.76,-3.));
#5554 = DIRECTION('',(0.,1.,0.));
#5555 = DIRECTION('',(0.,-0.,1.));
#5556 = ADVANCED_FACE('',(#5557),#5575,.F.);
#5557 = FACE_BOUND('',#5558,.F.);
#5558 = EDGE_LOOP('',(#5559,#5567,#5568,#5569));
#5559 = ORIENTED_EDGE('',*,*,#5560,.F.);
#5560 = EDGE_CURVE('',#4744,#5561,#5563,.T.);
#5561 = VERTEX_POINT('',#5562);
#5562 = CARTESIAN_POINT('',(-0.32,-5.4,8.38));
#5563 = LINE('',#5564,#5565);
#5564 = CARTESIAN_POINT('',(-0.32,-5.4,-3.));
#5565 = VECTOR('',#5566,1.);
#5566 = DIRECTION('',(0.,0.,1.));
#5567 = ORIENTED_EDGE('',*,*,#4751,.T.);
#5568 = ORIENTED_EDGE('',*,*,#5538,.T.);
#5569 = ORIENTED_EDGE('',*,*,#5570,.F.);
#5570 = EDGE_CURVE('',#5561,#5539,#5571,.T.);
#5571 = LINE('',#5572,#5573);
#5572 = CARTESIAN_POINT('',(-0.32,-5.4,8.38));
#5573 = VECTOR('',#5574,1.);
#5574 = DIRECTION('',(0.,1.,0.));
#5575 = PLANE('',#5576);
#5576 = AXIS2_PLACEMENT_3D('',#5577,#5578,#5579);
#5577 = CARTESIAN_POINT('',(-0.32,-5.4,-3.));
#5578 = DIRECTION('',(1.,0.,0.));
#5579 = DIRECTION('',(0.,0.,1.));
#5580 = ADVANCED_FACE('',(#5581),#5599,.F.);
#5581 = FACE_BOUND('',#5582,.F.);
#5582 = EDGE_LOOP('',(#5583,#5591,#5592,#5593));
#5583 = ORIENTED_EDGE('',*,*,#5584,.F.);
#5584 = EDGE_CURVE('',#4736,#5585,#5587,.T.);
#5585 = VERTEX_POINT('',#5586);
#5586 = CARTESIAN_POINT('',(0.32,-5.4,8.38));
#5587 = LINE('',#5588,#5589);
#5588 = CARTESIAN_POINT('',(0.32,-5.4,-3.));
#5589 = VECTOR('',#5590,1.);
#5590 = DIRECTION('',(0.,0.,1.));
#5591 = ORIENTED_EDGE('',*,*,#4743,.T.);
#5592 = ORIENTED_EDGE('',*,*,#5560,.T.);
#5593 = ORIENTED_EDGE('',*,*,#5594,.T.);
#5594 = EDGE_CURVE('',#5561,#5585,#5595,.T.);
#5595 = LINE('',#5596,#5597);
#5596 = CARTESIAN_POINT('',(-0.32,-5.4,8.38));
#5597 = VECTOR('',#5598,1.);
#5598 = DIRECTION('',(1.,0.,0.));
#5599 = PLANE('',#5600);
#5600 = AXIS2_PLACEMENT_3D('',#5601,#5602,#5603);
#5601 = CARTESIAN_POINT('',(-0.32,-5.4,-3.));
#5602 = DIRECTION('',(0.,1.,0.));
#5603 = DIRECTION('',(0.,-0.,1.));
#5604 = ADVANCED_FACE('',(#5605),#5616,.T.);
#5605 = FACE_BOUND('',#5606,.T.);
#5606 = EDGE_LOOP('',(#5607,#5608,#5609,#5610));
#5607 = ORIENTED_EDGE('',*,*,#5584,.F.);
#5608 = ORIENTED_EDGE('',*,*,#4735,.T.);
#5609 = ORIENTED_EDGE('',*,*,#5529,.T.);
#5610 = ORIENTED_EDGE('',*,*,#5611,.F.);
#5611 = EDGE_CURVE('',#5585,#5530,#5612,.T.);
#5612 = LINE('',#5613,#5614);
#5613 = CARTESIAN_POINT('',(0.32,-5.4,8.38));
#5614 = VECTOR('',#5615,1.);
#5615 = DIRECTION('',(0.,1.,0.));
#5616 = PLANE('',#5617);
#5617 = AXIS2_PLACEMENT_3D('',#5618,#5619,#5620);
#5618 = CARTESIAN_POINT('',(0.32,-5.4,-3.));
#5619 = DIRECTION('',(1.,0.,0.));
#5620 = DIRECTION('',(0.,0.,1.));
#5621 = ADVANCED_FACE('',(#5622),#5647,.F.);
#5622 = FACE_BOUND('',#5623,.F.);
#5623 = EDGE_LOOP('',(#5624,#5632,#5633,#5641));
#5624 = ORIENTED_EDGE('',*,*,#5625,.F.);
#5625 = EDGE_CURVE('',#5050,#5626,#5628,.T.);
#5626 = VERTEX_POINT('',#5627);
#5627 = CARTESIAN_POINT('',(0.16,-0.16,-3.));
#5628 = LINE('',#5629,#5630);
#5629 = CARTESIAN_POINT('',(0.16,-0.16,-3.));
#5630 = VECTOR('',#5631,1.);
#5631 = DIRECTION('',(-0.57735026919,0.57735026919,-0.57735026919));
#5632 = ORIENTED_EDGE('',*,*,#5057,.T.);
#5633 = ORIENTED_EDGE('',*,*,#5634,.T.);
#5634 = EDGE_CURVE('',#5058,#5635,#5637,.T.);
#5635 = VERTEX_POINT('',#5636);
#5636 = CARTESIAN_POINT('',(0.16,0.16,-3.));
#5637 = LINE('',#5638,#5639);
#5638 = CARTESIAN_POINT('',(5.333333333333E-02,5.333333333333E-02,
    -3.106666666667));
#5639 = VECTOR('',#5640,1.);
#5640 = DIRECTION('',(-0.57735026919,-0.57735026919,-0.57735026919));
#5641 = ORIENTED_EDGE('',*,*,#5642,.F.);
#5642 = EDGE_CURVE('',#5626,#5635,#5643,.T.);
#5643 = LINE('',#5644,#5645);
#5644 = CARTESIAN_POINT('',(0.16,-0.32,-3.));
#5645 = VECTOR('',#5646,1.);
#5646 = DIRECTION('',(0.,1.,0.));
#5647 = PLANE('',#5648);
#5648 = AXIS2_PLACEMENT_3D('',#5649,#5650,#5651);
#5649 = CARTESIAN_POINT('',(0.24,-0.32,-2.92));
#5650 = DIRECTION('',(-0.707106781187,1.735167508357E-18,0.707106781187)
  );
#5651 = DIRECTION('',(1.226948711654E-18,1.,-1.226948711654E-18));
#5652 = ADVANCED_FACE('',(#5653),#5671,.F.);
#5653 = FACE_BOUND('',#5654,.T.);
#5654 = EDGE_LOOP('',(#5655,#5663,#5664,#5665));
#5655 = ORIENTED_EDGE('',*,*,#5656,.F.);
#5656 = EDGE_CURVE('',#5082,#5657,#5659,.T.);
#5657 = VERTEX_POINT('',#5658);
#5658 = CARTESIAN_POINT('',(-0.16,0.16,-3.));
#5659 = LINE('',#5660,#5661);
#5660 = CARTESIAN_POINT('',(-0.16,0.16,-3.));
#5661 = VECTOR('',#5662,1.);
#5662 = DIRECTION('',(0.57735026919,-0.57735026919,-0.57735026919));
#5663 = ORIENTED_EDGE('',*,*,#5081,.T.);
#5664 = ORIENTED_EDGE('',*,*,#5634,.T.);
#5665 = ORIENTED_EDGE('',*,*,#5666,.F.);
#5666 = EDGE_CURVE('',#5657,#5635,#5667,.T.);
#5667 = LINE('',#5668,#5669);
#5668 = CARTESIAN_POINT('',(-0.32,0.16,-3.));
#5669 = VECTOR('',#5670,1.);
#5670 = DIRECTION('',(1.,0.,0.));
#5671 = PLANE('',#5672);
#5672 = AXIS2_PLACEMENT_3D('',#5673,#5674,#5675);
#5673 = CARTESIAN_POINT('',(-0.32,0.24,-2.92));
#5674 = DIRECTION('',(-1.735167508357E-18,-0.707106781187,0.707106781187
    ));
#5675 = DIRECTION('',(-1.,1.226948711654E-18,-1.226948711654E-18));
#5676 = ADVANCED_FACE('',(#5677),#5695,.T.);
#5677 = FACE_BOUND('',#5678,.T.);
#5678 = EDGE_LOOP('',(#5679,#5687,#5688,#5689));
#5679 = ORIENTED_EDGE('',*,*,#5680,.F.);
#5680 = EDGE_CURVE('',#5105,#5681,#5683,.T.);
#5681 = VERTEX_POINT('',#5682);
#5682 = CARTESIAN_POINT('',(-0.16,-0.16,-3.));
#5683 = LINE('',#5684,#5685);
#5684 = CARTESIAN_POINT('',(-0.266666666667,-0.266666666667,
    -2.893333333333));
#5685 = VECTOR('',#5686,1.);
#5686 = DIRECTION('',(0.57735026919,0.57735026919,-0.57735026919));
#5687 = ORIENTED_EDGE('',*,*,#5112,.T.);
#5688 = ORIENTED_EDGE('',*,*,#5656,.T.);
#5689 = ORIENTED_EDGE('',*,*,#5690,.F.);
#5690 = EDGE_CURVE('',#5681,#5657,#5691,.T.);
#5691 = LINE('',#5692,#5693);
#5692 = CARTESIAN_POINT('',(-0.16,-0.32,-3.));
#5693 = VECTOR('',#5694,1.);
#5694 = DIRECTION('',(0.,1.,0.));
#5695 = PLANE('',#5696);
#5696 = AXIS2_PLACEMENT_3D('',#5697,#5698,#5699);
#5697 = CARTESIAN_POINT('',(-0.24,-0.32,-2.92));
#5698 = DIRECTION('',(-0.707106781187,-1.735167508357E-18,
    -0.707106781187));
#5699 = DIRECTION('',(-1.226948711654E-18,1.,-1.226948711654E-18));
#5700 = ADVANCED_FACE('',(#5701),#5712,.T.);
#5701 = FACE_BOUND('',#5702,.F.);
#5702 = EDGE_LOOP('',(#5703,#5704,#5705,#5706));
#5703 = ORIENTED_EDGE('',*,*,#5680,.F.);
#5704 = ORIENTED_EDGE('',*,*,#5129,.T.);
#5705 = ORIENTED_EDGE('',*,*,#5625,.T.);
#5706 = ORIENTED_EDGE('',*,*,#5707,.F.);
#5707 = EDGE_CURVE('',#5681,#5626,#5708,.T.);
#5708 = LINE('',#5709,#5710);
#5709 = CARTESIAN_POINT('',(-0.32,-0.16,-3.));
#5710 = VECTOR('',#5711,1.);
#5711 = DIRECTION('',(1.,0.,0.));
#5712 = PLANE('',#5713);
#5713 = AXIS2_PLACEMENT_3D('',#5714,#5715,#5716);
#5714 = CARTESIAN_POINT('',(-0.32,-0.24,-2.92));
#5715 = DIRECTION('',(1.735167508357E-18,-0.707106781187,-0.707106781187
    ));
#5716 = DIRECTION('',(-1.,-1.226948711654E-18,-1.226948711654E-18));
#5717 = ADVANCED_FACE('',(#5718),#5743,.T.);
#5718 = FACE_BOUND('',#5719,.F.);
#5719 = EDGE_LOOP('',(#5720,#5728,#5729,#5737));
#5720 = ORIENTED_EDGE('',*,*,#5721,.F.);
#5721 = EDGE_CURVE('',#5154,#5722,#5724,.T.);
#5722 = VERTEX_POINT('',#5723);
#5723 = CARTESIAN_POINT('',(-0.16,-2.7,-3.));
#5724 = LINE('',#5725,#5726);
#5725 = CARTESIAN_POINT('',(-0.266666666667,-2.806666666667,
    -2.893333333333));
#5726 = VECTOR('',#5727,1.);
#5727 = DIRECTION('',(0.57735026919,0.57735026919,-0.57735026919));
#5728 = ORIENTED_EDGE('',*,*,#5153,.T.);
#5729 = ORIENTED_EDGE('',*,*,#5730,.T.);
#5730 = EDGE_CURVE('',#5146,#5731,#5733,.T.);
#5731 = VERTEX_POINT('',#5732);
#5732 = CARTESIAN_POINT('',(0.16,-2.7,-3.));
#5733 = LINE('',#5734,#5735);
#5734 = CARTESIAN_POINT('',(0.16,-2.7,-3.));
#5735 = VECTOR('',#5736,1.);
#5736 = DIRECTION('',(-0.57735026919,0.57735026919,-0.57735026919));
#5737 = ORIENTED_EDGE('',*,*,#5738,.F.);
#5738 = EDGE_CURVE('',#5722,#5731,#5739,.T.);
#5739 = LINE('',#5740,#5741);
#5740 = CARTESIAN_POINT('',(-0.32,-2.7,-3.));
#5741 = VECTOR('',#5742,1.);
#5742 = DIRECTION('',(1.,0.,0.));
#5743 = PLANE('',#5744);
#5744 = AXIS2_PLACEMENT_3D('',#5745,#5746,#5747);
#5745 = CARTESIAN_POINT('',(-0.32,-2.78,-2.92));
#5746 = DIRECTION('',(1.735167508357E-18,-0.707106781187,-0.707106781187
    ));
#5747 = DIRECTION('',(-1.,-1.226948711654E-18,-1.226948711654E-18));
#5748 = ADVANCED_FACE('',(#5749),#5767,.F.);
#5749 = FACE_BOUND('',#5750,.F.);
#5750 = EDGE_LOOP('',(#5751,#5752,#5753,#5761));
#5751 = ORIENTED_EDGE('',*,*,#5730,.F.);
#5752 = ORIENTED_EDGE('',*,*,#5177,.T.);
#5753 = ORIENTED_EDGE('',*,*,#5754,.T.);
#5754 = EDGE_CURVE('',#5178,#5755,#5757,.T.);
#5755 = VERTEX_POINT('',#5756);
#5756 = CARTESIAN_POINT('',(0.16,-2.38,-3.));
#5757 = LINE('',#5758,#5759);
#5758 = CARTESIAN_POINT('',(5.333333333333E-02,-2.486666666667,
    -3.106666666667));
#5759 = VECTOR('',#5760,1.);
#5760 = DIRECTION('',(-0.57735026919,-0.57735026919,-0.57735026919));
#5761 = ORIENTED_EDGE('',*,*,#5762,.F.);
#5762 = EDGE_CURVE('',#5731,#5755,#5763,.T.);
#5763 = LINE('',#5764,#5765);
#5764 = CARTESIAN_POINT('',(0.16,-2.86,-3.));
#5765 = VECTOR('',#5766,1.);
#5766 = DIRECTION('',(0.,1.,0.));
#5767 = PLANE('',#5768);
#5768 = AXIS2_PLACEMENT_3D('',#5769,#5770,#5771);
#5769 = CARTESIAN_POINT('',(0.24,-2.86,-2.92));
#5770 = DIRECTION('',(-0.707106781187,1.735167508357E-18,0.707106781187)
  );
#5771 = DIRECTION('',(1.226948711654E-18,1.,-1.226948711654E-18));
#5772 = ADVANCED_FACE('',(#5773),#5791,.F.);
#5773 = FACE_BOUND('',#5774,.T.);
#5774 = EDGE_LOOP('',(#5775,#5783,#5784,#5785));
#5775 = ORIENTED_EDGE('',*,*,#5776,.F.);
#5776 = EDGE_CURVE('',#5202,#5777,#5779,.T.);
#5777 = VERTEX_POINT('',#5778);
#5778 = CARTESIAN_POINT('',(-0.16,-2.38,-3.));
#5779 = LINE('',#5780,#5781);
#5780 = CARTESIAN_POINT('',(-0.16,-2.38,-3.));
#5781 = VECTOR('',#5782,1.);
#5782 = DIRECTION('',(0.57735026919,-0.57735026919,-0.57735026919));
#5783 = ORIENTED_EDGE('',*,*,#5201,.T.);
#5784 = ORIENTED_EDGE('',*,*,#5754,.T.);
#5785 = ORIENTED_EDGE('',*,*,#5786,.F.);
#5786 = EDGE_CURVE('',#5777,#5755,#5787,.T.);
#5787 = LINE('',#5788,#5789);
#5788 = CARTESIAN_POINT('',(-0.32,-2.38,-3.));
#5789 = VECTOR('',#5790,1.);
#5790 = DIRECTION('',(1.,0.,0.));
#5791 = PLANE('',#5792);
#5792 = AXIS2_PLACEMENT_3D('',#5793,#5794,#5795);
#5793 = CARTESIAN_POINT('',(-0.32,-2.3,-2.92));
#5794 = DIRECTION('',(-1.735167508357E-18,-0.707106781187,0.707106781187
    ));
#5795 = DIRECTION('',(-1.,1.226948711654E-18,-1.226948711654E-18));
#5796 = ADVANCED_FACE('',(#5797),#5808,.T.);
#5797 = FACE_BOUND('',#5798,.T.);
#5798 = EDGE_LOOP('',(#5799,#5800,#5801,#5802));
#5799 = ORIENTED_EDGE('',*,*,#5721,.F.);
#5800 = ORIENTED_EDGE('',*,*,#5225,.T.);
#5801 = ORIENTED_EDGE('',*,*,#5776,.T.);
#5802 = ORIENTED_EDGE('',*,*,#5803,.F.);
#5803 = EDGE_CURVE('',#5722,#5777,#5804,.T.);
#5804 = LINE('',#5805,#5806);
#5805 = CARTESIAN_POINT('',(-0.16,-2.86,-3.));
#5806 = VECTOR('',#5807,1.);
#5807 = DIRECTION('',(0.,1.,0.));
#5808 = PLANE('',#5809);
#5809 = AXIS2_PLACEMENT_3D('',#5810,#5811,#5812);
#5810 = CARTESIAN_POINT('',(-0.24,-2.86,-2.92));
#5811 = DIRECTION('',(-0.707106781187,-1.735167508357E-18,
    -0.707106781187));
#5812 = DIRECTION('',(-1.226948711654E-18,1.,-1.226948711654E-18));
#5813 = ADVANCED_FACE('',(#5814),#5839,.F.);
#5814 = FACE_BOUND('',#5815,.T.);
#5815 = EDGE_LOOP('',(#5816,#5824,#5825,#5833));
#5816 = ORIENTED_EDGE('',*,*,#5817,.F.);
#5817 = EDGE_CURVE('',#5250,#5818,#5820,.T.);
#5818 = VERTEX_POINT('',#5819);
#5819 = CARTESIAN_POINT('',(-0.16,-4.92,-3.));
#5820 = LINE('',#5821,#5822);
#5821 = CARTESIAN_POINT('',(-0.16,-4.92,-3.));
#5822 = VECTOR('',#5823,1.);
#5823 = DIRECTION('',(0.57735026919,-0.57735026919,-0.57735026919));
#5824 = ORIENTED_EDGE('',*,*,#5249,.T.);
#5825 = ORIENTED_EDGE('',*,*,#5826,.T.);
#5826 = EDGE_CURVE('',#5242,#5827,#5829,.T.);
#5827 = VERTEX_POINT('',#5828);
#5828 = CARTESIAN_POINT('',(0.16,-4.92,-3.));
#5829 = LINE('',#5830,#5831);
#5830 = CARTESIAN_POINT('',(5.333333333333E-02,-5.026666666667,
    -3.106666666667));
#5831 = VECTOR('',#5832,1.);
#5832 = DIRECTION('',(-0.57735026919,-0.57735026919,-0.57735026919));
#5833 = ORIENTED_EDGE('',*,*,#5834,.F.);
#5834 = EDGE_CURVE('',#5818,#5827,#5835,.T.);
#5835 = LINE('',#5836,#5837);
#5836 = CARTESIAN_POINT('',(-0.32,-4.92,-3.));
#5837 = VECTOR('',#5838,1.);
#5838 = DIRECTION('',(1.,0.,0.));
#5839 = PLANE('',#5840);
#5840 = AXIS2_PLACEMENT_3D('',#5841,#5842,#5843);
#5841 = CARTESIAN_POINT('',(-0.32,-4.84,-2.92));
#5842 = DIRECTION('',(-1.735167508357E-18,-0.707106781187,0.707106781187
    ));
#5843 = DIRECTION('',(-1.,1.226948711654E-18,-1.226948711654E-18));
#5844 = ADVANCED_FACE('',(#5845),#5863,.T.);
#5845 = FACE_BOUND('',#5846,.T.);
#5846 = EDGE_LOOP('',(#5847,#5855,#5856,#5857));
#5847 = ORIENTED_EDGE('',*,*,#5848,.F.);
#5848 = EDGE_CURVE('',#5273,#5849,#5851,.T.);
#5849 = VERTEX_POINT('',#5850);
#5850 = CARTESIAN_POINT('',(-0.16,-5.24,-3.));
#5851 = LINE('',#5852,#5853);
#5852 = CARTESIAN_POINT('',(-0.266666666667,-5.346666666667,
    -2.893333333333));
#5853 = VECTOR('',#5854,1.);
#5854 = DIRECTION('',(0.57735026919,0.57735026919,-0.57735026919));
#5855 = ORIENTED_EDGE('',*,*,#5280,.T.);
#5856 = ORIENTED_EDGE('',*,*,#5817,.T.);
#5857 = ORIENTED_EDGE('',*,*,#5858,.F.);
#5858 = EDGE_CURVE('',#5849,#5818,#5859,.T.);
#5859 = LINE('',#5860,#5861);
#5860 = CARTESIAN_POINT('',(-0.16,-5.4,-3.));
#5861 = VECTOR('',#5862,1.);
#5862 = DIRECTION('',(0.,1.,0.));
#5863 = PLANE('',#5864);
#5864 = AXIS2_PLACEMENT_3D('',#5865,#5866,#5867);
#5865 = CARTESIAN_POINT('',(-0.24,-5.4,-2.92));
#5866 = DIRECTION('',(-0.707106781187,-1.735167508357E-18,
    -0.707106781187));
#5867 = DIRECTION('',(-1.226948711654E-18,1.,-1.226948711654E-18));
#5868 = ADVANCED_FACE('',(#5869),#5887,.T.);
#5869 = FACE_BOUND('',#5870,.F.);
#5870 = EDGE_LOOP('',(#5871,#5872,#5873,#5881));
#5871 = ORIENTED_EDGE('',*,*,#5848,.F.);
#5872 = ORIENTED_EDGE('',*,*,#5304,.T.);
#5873 = ORIENTED_EDGE('',*,*,#5874,.T.);
#5874 = EDGE_CURVE('',#5297,#5875,#5877,.T.);
#5875 = VERTEX_POINT('',#5876);
#5876 = CARTESIAN_POINT('',(0.16,-5.24,-3.));
#5877 = LINE('',#5878,#5879);
#5878 = CARTESIAN_POINT('',(0.16,-5.24,-3.));
#5879 = VECTOR('',#5880,1.);
#5880 = DIRECTION('',(-0.57735026919,0.57735026919,-0.57735026919));
#5881 = ORIENTED_EDGE('',*,*,#5882,.F.);
#5882 = EDGE_CURVE('',#5849,#5875,#5883,.T.);
#5883 = LINE('',#5884,#5885);
#5884 = CARTESIAN_POINT('',(-0.32,-5.24,-3.));
#5885 = VECTOR('',#5886,1.);
#5886 = DIRECTION('',(1.,0.,0.));
#5887 = PLANE('',#5888);
#5888 = AXIS2_PLACEMENT_3D('',#5889,#5890,#5891);
#5889 = CARTESIAN_POINT('',(-0.32,-5.32,-2.92));
#5890 = DIRECTION('',(1.735167508357E-18,-0.707106781187,-0.707106781187
    ));
#5891 = DIRECTION('',(-1.,-1.226948711654E-18,-1.226948711654E-18));
#5892 = ADVANCED_FACE('',(#5893),#5904,.F.);
#5893 = FACE_BOUND('',#5894,.F.);
#5894 = EDGE_LOOP('',(#5895,#5896,#5897,#5898));
#5895 = ORIENTED_EDGE('',*,*,#5874,.F.);
#5896 = ORIENTED_EDGE('',*,*,#5321,.T.);
#5897 = ORIENTED_EDGE('',*,*,#5826,.T.);
#5898 = ORIENTED_EDGE('',*,*,#5899,.F.);
#5899 = EDGE_CURVE('',#5875,#5827,#5900,.T.);
#5900 = LINE('',#5901,#5902);
#5901 = CARTESIAN_POINT('',(0.16,-5.4,-3.));
#5902 = VECTOR('',#5903,1.);
#5903 = DIRECTION('',(0.,1.,0.));
#5904 = PLANE('',#5905);
#5905 = AXIS2_PLACEMENT_3D('',#5906,#5907,#5908);
#5906 = CARTESIAN_POINT('',(0.24,-5.4,-2.92));
#5907 = DIRECTION('',(-0.707106781187,1.735167508357E-18,0.707106781187)
  );
#5908 = DIRECTION('',(1.226948711654E-18,1.,-1.226948711654E-18));
#5909 = ADVANCED_FACE('',(#5910),#5935,.T.);
#5910 = FACE_BOUND('',#5911,.T.);
#5911 = EDGE_LOOP('',(#5912,#5920,#5921,#5929));
#5912 = ORIENTED_EDGE('',*,*,#5913,.F.);
#5913 = EDGE_CURVE('',#5338,#5914,#5916,.T.);
#5914 = VERTEX_POINT('',#5915);
#5915 = CARTESIAN_POINT('',(0.16,-0.16,8.54));
#5916 = LINE('',#5917,#5918);
#5917 = CARTESIAN_POINT('',(0.16,-0.16,8.54));
#5918 = VECTOR('',#5919,1.);
#5919 = DIRECTION('',(-0.57735026919,0.57735026919,0.57735026919));
#5920 = ORIENTED_EDGE('',*,*,#5354,.T.);
#5921 = ORIENTED_EDGE('',*,*,#5922,.T.);
#5922 = EDGE_CURVE('',#5347,#5923,#5925,.T.);
#5923 = VERTEX_POINT('',#5924);
#5924 = CARTESIAN_POINT('',(0.16,0.16,8.54));
#5925 = LINE('',#5926,#5927);
#5926 = CARTESIAN_POINT('',(5.333333333333E-02,5.333333333333E-02,
    8.646666666667));
#5927 = VECTOR('',#5928,1.);
#5928 = DIRECTION('',(-0.57735026919,-0.57735026919,0.57735026919));
#5929 = ORIENTED_EDGE('',*,*,#5930,.F.);
#5930 = EDGE_CURVE('',#5914,#5923,#5931,.T.);
#5931 = LINE('',#5932,#5933);
#5932 = CARTESIAN_POINT('',(0.16,-0.32,8.54));
#5933 = VECTOR('',#5934,1.);
#5934 = DIRECTION('',(0.,1.,0.));
#5935 = PLANE('',#5936);
#5936 = AXIS2_PLACEMENT_3D('',#5937,#5938,#5939);
#5937 = CARTESIAN_POINT('',(0.24,-0.32,8.46));
#5938 = DIRECTION('',(0.707106781187,-1.735167508357E-18,0.707106781187)
  );
#5939 = DIRECTION('',(1.226948711654E-18,1.,1.226948711654E-18));
#5940 = ADVANCED_FACE('',(#5941),#5959,.T.);
#5941 = FACE_BOUND('',#5942,.F.);
#5942 = EDGE_LOOP('',(#5943,#5951,#5952,#5953));
#5943 = ORIENTED_EDGE('',*,*,#5944,.F.);
#5944 = EDGE_CURVE('',#5371,#5945,#5947,.T.);
#5945 = VERTEX_POINT('',#5946);
#5946 = CARTESIAN_POINT('',(-0.16,0.16,8.54));
#5947 = LINE('',#5948,#5949);
#5948 = CARTESIAN_POINT('',(-0.16,0.16,8.54));
#5949 = VECTOR('',#5950,1.);
#5950 = DIRECTION('',(0.57735026919,-0.57735026919,0.57735026919));
#5951 = ORIENTED_EDGE('',*,*,#5378,.T.);
#5952 = ORIENTED_EDGE('',*,*,#5922,.T.);
#5953 = ORIENTED_EDGE('',*,*,#5954,.F.);
#5954 = EDGE_CURVE('',#5945,#5923,#5955,.T.);
#5955 = LINE('',#5956,#5957);
#5956 = CARTESIAN_POINT('',(-0.32,0.16,8.54));
#5957 = VECTOR('',#5958,1.);
#5958 = DIRECTION('',(1.,0.,0.));
#5959 = PLANE('',#5960);
#5960 = AXIS2_PLACEMENT_3D('',#5961,#5962,#5963);
#5961 = CARTESIAN_POINT('',(-0.32,0.24,8.46));
#5962 = DIRECTION('',(1.735167508357E-18,0.707106781187,0.707106781187)
  );
#5963 = DIRECTION('',(-1.,1.226948711654E-18,1.226948711654E-18));
#5964 = ADVANCED_FACE('',(#5965),#5983,.F.);
#5965 = FACE_BOUND('',#5966,.F.);
#5966 = EDGE_LOOP('',(#5967,#5975,#5976,#5977));
#5967 = ORIENTED_EDGE('',*,*,#5968,.F.);
#5968 = EDGE_CURVE('',#5393,#5969,#5971,.T.);
#5969 = VERTEX_POINT('',#5970);
#5970 = CARTESIAN_POINT('',(-0.16,-0.16,8.54));
#5971 = LINE('',#5972,#5973);
#5972 = CARTESIAN_POINT('',(-0.266666666667,-0.266666666667,
    8.433333333333));
#5973 = VECTOR('',#5974,1.);
#5974 = DIRECTION('',(0.57735026919,0.57735026919,0.57735026919));
#5975 = ORIENTED_EDGE('',*,*,#5402,.T.);
#5976 = ORIENTED_EDGE('',*,*,#5944,.T.);
#5977 = ORIENTED_EDGE('',*,*,#5978,.F.);
#5978 = EDGE_CURVE('',#5969,#5945,#5979,.T.);
#5979 = LINE('',#5980,#5981);
#5980 = CARTESIAN_POINT('',(-0.16,-0.32,8.54));
#5981 = VECTOR('',#5982,1.);
#5982 = DIRECTION('',(0.,1.,0.));
#5983 = PLANE('',#5984);
#5984 = AXIS2_PLACEMENT_3D('',#5985,#5986,#5987);
#5985 = CARTESIAN_POINT('',(-0.24,-0.32,8.46));
#5986 = DIRECTION('',(0.707106781187,1.735167508357E-18,-0.707106781187)
  );
#5987 = DIRECTION('',(-1.226948711654E-18,1.,1.226948711654E-18));
#5988 = ADVANCED_FACE('',(#5989),#6000,.F.);
#5989 = FACE_BOUND('',#5990,.T.);
#5990 = EDGE_LOOP('',(#5991,#5992,#5993,#5994));
#5991 = ORIENTED_EDGE('',*,*,#5968,.F.);
#5992 = ORIENTED_EDGE('',*,*,#5419,.T.);
#5993 = ORIENTED_EDGE('',*,*,#5913,.T.);
#5994 = ORIENTED_EDGE('',*,*,#5995,.F.);
#5995 = EDGE_CURVE('',#5969,#5914,#5996,.T.);
#5996 = LINE('',#5997,#5998);
#5997 = CARTESIAN_POINT('',(-0.32,-0.16,8.54));
#5998 = VECTOR('',#5999,1.);
#5999 = DIRECTION('',(1.,0.,0.));
#6000 = PLANE('',#6001);
#6001 = AXIS2_PLACEMENT_3D('',#6002,#6003,#6004);
#6002 = CARTESIAN_POINT('',(-0.32,-0.24,8.46));
#6003 = DIRECTION('',(-1.735167508357E-18,0.707106781187,-0.707106781187
    ));
#6004 = DIRECTION('',(-1.,-1.226948711654E-18,1.226948711654E-18));
#6005 = ADVANCED_FACE('',(#6006),#6031,.F.);
#6006 = FACE_BOUND('',#6007,.T.);
#6007 = EDGE_LOOP('',(#6008,#6016,#6017,#6025));
#6008 = ORIENTED_EDGE('',*,*,#6009,.F.);
#6009 = EDGE_CURVE('',#5443,#6010,#6012,.T.);
#6010 = VERTEX_POINT('',#6011);
#6011 = CARTESIAN_POINT('',(-0.16,-2.7,8.54));
#6012 = LINE('',#6013,#6014);
#6013 = CARTESIAN_POINT('',(-0.266666666667,-2.806666666667,
    8.433333333333));
#6014 = VECTOR('',#6015,1.);
#6015 = DIRECTION('',(0.57735026919,0.57735026919,0.57735026919));
#6016 = ORIENTED_EDGE('',*,*,#5450,.T.);
#6017 = ORIENTED_EDGE('',*,*,#6018,.T.);
#6018 = EDGE_CURVE('',#5434,#6019,#6021,.T.);
#6019 = VERTEX_POINT('',#6020);
#6020 = CARTESIAN_POINT('',(0.16,-2.7,8.54));
#6021 = LINE('',#6022,#6023);
#6022 = CARTESIAN_POINT('',(0.16,-2.7,8.54));
#6023 = VECTOR('',#6024,1.);
#6024 = DIRECTION('',(-0.57735026919,0.57735026919,0.57735026919));
#6025 = ORIENTED_EDGE('',*,*,#6026,.F.);
#6026 = EDGE_CURVE('',#6010,#6019,#6027,.T.);
#6027 = LINE('',#6028,#6029);
#6028 = CARTESIAN_POINT('',(-0.32,-2.7,8.54));
#6029 = VECTOR('',#6030,1.);
#6030 = DIRECTION('',(1.,0.,0.));
#6031 = PLANE('',#6032);
#6032 = AXIS2_PLACEMENT_3D('',#6033,#6034,#6035);
#6033 = CARTESIAN_POINT('',(-0.32,-2.78,8.46));
#6034 = DIRECTION('',(-1.735167508357E-18,0.707106781187,-0.707106781187
    ));
#6035 = DIRECTION('',(-1.,-1.226948711654E-18,1.226948711654E-18));
#6036 = ADVANCED_FACE('',(#6037),#6055,.T.);
#6037 = FACE_BOUND('',#6038,.T.);
#6038 = EDGE_LOOP('',(#6039,#6040,#6041,#6049));
#6039 = ORIENTED_EDGE('',*,*,#6018,.F.);
#6040 = ORIENTED_EDGE('',*,*,#5474,.T.);
#6041 = ORIENTED_EDGE('',*,*,#6042,.T.);
#6042 = EDGE_CURVE('',#5467,#6043,#6045,.T.);
#6043 = VERTEX_POINT('',#6044);
#6044 = CARTESIAN_POINT('',(0.16,-2.38,8.54));
#6045 = LINE('',#6046,#6047);
#6046 = CARTESIAN_POINT('',(5.333333333333E-02,-2.486666666667,
    8.646666666667));
#6047 = VECTOR('',#6048,1.);
#6048 = DIRECTION('',(-0.57735026919,-0.57735026919,0.57735026919));
#6049 = ORIENTED_EDGE('',*,*,#6050,.F.);
#6050 = EDGE_CURVE('',#6019,#6043,#6051,.T.);
#6051 = LINE('',#6052,#6053);
#6052 = CARTESIAN_POINT('',(0.16,-2.86,8.54));
#6053 = VECTOR('',#6054,1.);
#6054 = DIRECTION('',(0.,1.,0.));
#6055 = PLANE('',#6056);
#6056 = AXIS2_PLACEMENT_3D('',#6057,#6058,#6059);
#6057 = CARTESIAN_POINT('',(0.24,-2.86,8.46));
#6058 = DIRECTION('',(0.707106781187,-1.735167508357E-18,0.707106781187)
  );
#6059 = DIRECTION('',(1.226948711654E-18,1.,1.226948711654E-18));
#6060 = ADVANCED_FACE('',(#6061),#6079,.T.);
#6061 = FACE_BOUND('',#6062,.F.);
#6062 = EDGE_LOOP('',(#6063,#6071,#6072,#6073));
#6063 = ORIENTED_EDGE('',*,*,#6064,.F.);
#6064 = EDGE_CURVE('',#5491,#6065,#6067,.T.);
#6065 = VERTEX_POINT('',#6066);
#6066 = CARTESIAN_POINT('',(-0.16,-2.38,8.54));
#6067 = LINE('',#6068,#6069);
#6068 = CARTESIAN_POINT('',(-0.16,-2.38,8.54));
#6069 = VECTOR('',#6070,1.);
#6070 = DIRECTION('',(0.57735026919,-0.57735026919,0.57735026919));
#6071 = ORIENTED_EDGE('',*,*,#5498,.T.);
#6072 = ORIENTED_EDGE('',*,*,#6042,.T.);
#6073 = ORIENTED_EDGE('',*,*,#6074,.F.);
#6074 = EDGE_CURVE('',#6065,#6043,#6075,.T.);
#6075 = LINE('',#6076,#6077);
#6076 = CARTESIAN_POINT('',(-0.32,-2.38,8.54));
#6077 = VECTOR('',#6078,1.);
#6078 = DIRECTION('',(1.,0.,0.));
#6079 = PLANE('',#6080);
#6080 = AXIS2_PLACEMENT_3D('',#6081,#6082,#6083);
#6081 = CARTESIAN_POINT('',(-0.32,-2.3,8.46));
#6082 = DIRECTION('',(1.735167508357E-18,0.707106781187,0.707106781187)
  );
#6083 = DIRECTION('',(-1.,1.226948711654E-18,1.226948711654E-18));
#6084 = ADVANCED_FACE('',(#6085),#6096,.F.);
#6085 = FACE_BOUND('',#6086,.F.);
#6086 = EDGE_LOOP('',(#6087,#6088,#6089,#6090));
#6087 = ORIENTED_EDGE('',*,*,#6009,.F.);
#6088 = ORIENTED_EDGE('',*,*,#5515,.T.);
#6089 = ORIENTED_EDGE('',*,*,#6064,.T.);
#6090 = ORIENTED_EDGE('',*,*,#6091,.F.);
#6091 = EDGE_CURVE('',#6010,#6065,#6092,.T.);
#6092 = LINE('',#6093,#6094);
#6093 = CARTESIAN_POINT('',(-0.16,-2.86,8.54));
#6094 = VECTOR('',#6095,1.);
#6095 = DIRECTION('',(0.,1.,0.));
#6096 = PLANE('',#6097);
#6097 = AXIS2_PLACEMENT_3D('',#6098,#6099,#6100);
#6098 = CARTESIAN_POINT('',(-0.24,-2.86,8.46));
#6099 = DIRECTION('',(0.707106781187,1.735167508357E-18,-0.707106781187)
  );
#6100 = DIRECTION('',(-1.226948711654E-18,1.,1.226948711654E-18));
#6101 = ADVANCED_FACE('',(#6102),#6127,.T.);
#6102 = FACE_BOUND('',#6103,.F.);
#6103 = EDGE_LOOP('',(#6104,#6112,#6113,#6121));
#6104 = ORIENTED_EDGE('',*,*,#6105,.F.);
#6105 = EDGE_CURVE('',#5539,#6106,#6108,.T.);
#6106 = VERTEX_POINT('',#6107);
#6107 = CARTESIAN_POINT('',(-0.16,-4.92,8.54));
#6108 = LINE('',#6109,#6110);
#6109 = CARTESIAN_POINT('',(-0.16,-4.92,8.54));
#6110 = VECTOR('',#6111,1.);
#6111 = DIRECTION('',(0.57735026919,-0.57735026919,0.57735026919));
#6112 = ORIENTED_EDGE('',*,*,#5546,.T.);
#6113 = ORIENTED_EDGE('',*,*,#6114,.T.);
#6114 = EDGE_CURVE('',#5530,#6115,#6117,.T.);
#6115 = VERTEX_POINT('',#6116);
#6116 = CARTESIAN_POINT('',(0.16,-4.92,8.54));
#6117 = LINE('',#6118,#6119);
#6118 = CARTESIAN_POINT('',(5.333333333333E-02,-5.026666666667,
    8.646666666667));
#6119 = VECTOR('',#6120,1.);
#6120 = DIRECTION('',(-0.57735026919,-0.57735026919,0.57735026919));
#6121 = ORIENTED_EDGE('',*,*,#6122,.F.);
#6122 = EDGE_CURVE('',#6106,#6115,#6123,.T.);
#6123 = LINE('',#6124,#6125);
#6124 = CARTESIAN_POINT('',(-0.32,-4.92,8.54));
#6125 = VECTOR('',#6126,1.);
#6126 = DIRECTION('',(1.,0.,0.));
#6127 = PLANE('',#6128);
#6128 = AXIS2_PLACEMENT_3D('',#6129,#6130,#6131);
#6129 = CARTESIAN_POINT('',(-0.32,-4.84,8.46));
#6130 = DIRECTION('',(1.735167508357E-18,0.707106781187,0.707106781187)
  );
#6131 = DIRECTION('',(-1.,1.226948711654E-18,1.226948711654E-18));
#6132 = ADVANCED_FACE('',(#6133),#6151,.F.);
#6133 = FACE_BOUND('',#6134,.F.);
#6134 = EDGE_LOOP('',(#6135,#6143,#6144,#6145));
#6135 = ORIENTED_EDGE('',*,*,#6136,.F.);
#6136 = EDGE_CURVE('',#5561,#6137,#6139,.T.);
#6137 = VERTEX_POINT('',#6138);
#6138 = CARTESIAN_POINT('',(-0.16,-5.24,8.54));
#6139 = LINE('',#6140,#6141);
#6140 = CARTESIAN_POINT('',(-0.266666666667,-5.346666666667,
    8.433333333333));
#6141 = VECTOR('',#6142,1.);
#6142 = DIRECTION('',(0.57735026919,0.57735026919,0.57735026919));
#6143 = ORIENTED_EDGE('',*,*,#5570,.T.);
#6144 = ORIENTED_EDGE('',*,*,#6105,.T.);
#6145 = ORIENTED_EDGE('',*,*,#6146,.F.);
#6146 = EDGE_CURVE('',#6137,#6106,#6147,.T.);
#6147 = LINE('',#6148,#6149);
#6148 = CARTESIAN_POINT('',(-0.16,-5.4,8.54));
#6149 = VECTOR('',#6150,1.);
#6150 = DIRECTION('',(0.,1.,0.));
#6151 = PLANE('',#6152);
#6152 = AXIS2_PLACEMENT_3D('',#6153,#6154,#6155);
#6153 = CARTESIAN_POINT('',(-0.24,-5.4,8.46));
#6154 = DIRECTION('',(0.707106781187,1.735167508357E-18,-0.707106781187)
  );
#6155 = DIRECTION('',(-1.226948711654E-18,1.,1.226948711654E-18));
#6156 = ADVANCED_FACE('',(#6157),#6175,.F.);
#6157 = FACE_BOUND('',#6158,.T.);
#6158 = EDGE_LOOP('',(#6159,#6160,#6161,#6169));
#6159 = ORIENTED_EDGE('',*,*,#6136,.F.);
#6160 = ORIENTED_EDGE('',*,*,#5594,.T.);
#6161 = ORIENTED_EDGE('',*,*,#6162,.T.);
#6162 = EDGE_CURVE('',#5585,#6163,#6165,.T.);
#6163 = VERTEX_POINT('',#6164);
#6164 = CARTESIAN_POINT('',(0.16,-5.24,8.54));
#6165 = LINE('',#6166,#6167);
#6166 = CARTESIAN_POINT('',(0.16,-5.24,8.54));
#6167 = VECTOR('',#6168,1.);
#6168 = DIRECTION('',(-0.57735026919,0.57735026919,0.57735026919));
#6169 = ORIENTED_EDGE('',*,*,#6170,.F.);
#6170 = EDGE_CURVE('',#6137,#6163,#6171,.T.);
#6171 = LINE('',#6172,#6173);
#6172 = CARTESIAN_POINT('',(-0.32,-5.24,8.54));
#6173 = VECTOR('',#6174,1.);
#6174 = DIRECTION('',(1.,0.,0.));
#6175 = PLANE('',#6176);
#6176 = AXIS2_PLACEMENT_3D('',#6177,#6178,#6179);
#6177 = CARTESIAN_POINT('',(-0.32,-5.32,8.46));
#6178 = DIRECTION('',(-1.735167508357E-18,0.707106781187,-0.707106781187
    ));
#6179 = DIRECTION('',(-1.,-1.226948711654E-18,1.226948711654E-18));
#6180 = ADVANCED_FACE('',(#6181),#6192,.T.);
#6181 = FACE_BOUND('',#6182,.T.);
#6182 = EDGE_LOOP('',(#6183,#6184,#6185,#6186));
#6183 = ORIENTED_EDGE('',*,*,#6162,.F.);
#6184 = ORIENTED_EDGE('',*,*,#5611,.T.);
#6185 = ORIENTED_EDGE('',*,*,#6114,.T.);
#6186 = ORIENTED_EDGE('',*,*,#6187,.F.);
#6187 = EDGE_CURVE('',#6163,#6115,#6188,.T.);
#6188 = LINE('',#6189,#6190);
#6189 = CARTESIAN_POINT('',(0.16,-5.4,8.54));
#6190 = VECTOR('',#6191,1.);
#6191 = DIRECTION('',(0.,1.,0.));
#6192 = PLANE('',#6193);
#6193 = AXIS2_PLACEMENT_3D('',#6194,#6195,#6196);
#6194 = CARTESIAN_POINT('',(0.24,-5.4,8.46));
#6195 = DIRECTION('',(0.707106781187,-1.735167508357E-18,0.707106781187)
  );
#6196 = DIRECTION('',(1.226948711654E-18,1.,1.226948711654E-18));
#6197 = ADVANCED_FACE('',(#6198),#6204,.F.);
#6198 = FACE_BOUND('',#6199,.F.);
#6199 = EDGE_LOOP('',(#6200,#6201,#6202,#6203));
#6200 = ORIENTED_EDGE('',*,*,#5666,.F.);
#6201 = ORIENTED_EDGE('',*,*,#5690,.F.);
#6202 = ORIENTED_EDGE('',*,*,#5707,.T.);
#6203 = ORIENTED_EDGE('',*,*,#5642,.T.);
#6204 = PLANE('',#6205);
#6205 = AXIS2_PLACEMENT_3D('',#6206,#6207,#6208);
#6206 = CARTESIAN_POINT('',(-0.32,-0.32,-3.));
#6207 = DIRECTION('',(0.,0.,1.));
#6208 = DIRECTION('',(1.,0.,-0.));
#6209 = ADVANCED_FACE('',(#6210),#6216,.F.);
#6210 = FACE_BOUND('',#6211,.F.);
#6211 = EDGE_LOOP('',(#6212,#6213,#6214,#6215));
#6212 = ORIENTED_EDGE('',*,*,#5786,.F.);
#6213 = ORIENTED_EDGE('',*,*,#5803,.F.);
#6214 = ORIENTED_EDGE('',*,*,#5738,.T.);
#6215 = ORIENTED_EDGE('',*,*,#5762,.T.);
#6216 = PLANE('',#6217);
#6217 = AXIS2_PLACEMENT_3D('',#6218,#6219,#6220);
#6218 = CARTESIAN_POINT('',(-0.32,-2.86,-3.));
#6219 = DIRECTION('',(0.,0.,1.));
#6220 = DIRECTION('',(1.,0.,-0.));
#6221 = ADVANCED_FACE('',(#6222),#6228,.F.);
#6222 = FACE_BOUND('',#6223,.F.);
#6223 = EDGE_LOOP('',(#6224,#6225,#6226,#6227));
#6224 = ORIENTED_EDGE('',*,*,#5834,.F.);
#6225 = ORIENTED_EDGE('',*,*,#5858,.F.);
#6226 = ORIENTED_EDGE('',*,*,#5882,.T.);
#6227 = ORIENTED_EDGE('',*,*,#5899,.T.);
#6228 = PLANE('',#6229);
#6229 = AXIS2_PLACEMENT_3D('',#6230,#6231,#6232);
#6230 = CARTESIAN_POINT('',(-0.32,-5.4,-3.));
#6231 = DIRECTION('',(0.,0.,1.));
#6232 = DIRECTION('',(1.,0.,-0.));
#6233 = ADVANCED_FACE('',(#6234),#6240,.T.);
#6234 = FACE_BOUND('',#6235,.T.);
#6235 = EDGE_LOOP('',(#6236,#6237,#6238,#6239));
#6236 = ORIENTED_EDGE('',*,*,#5995,.T.);
#6237 = ORIENTED_EDGE('',*,*,#5930,.T.);
#6238 = ORIENTED_EDGE('',*,*,#5954,.F.);
#6239 = ORIENTED_EDGE('',*,*,#5978,.F.);
#6240 = PLANE('',#6241);
#6241 = AXIS2_PLACEMENT_3D('',#6242,#6243,#6244);
#6242 = CARTESIAN_POINT('',(-0.32,-0.32,8.54));
#6243 = DIRECTION('',(0.,0.,1.));
#6244 = DIRECTION('',(1.,0.,-0.));
#6245 = ADVANCED_FACE('',(#6246),#6252,.T.);
#6246 = FACE_BOUND('',#6247,.T.);
#6247 = EDGE_LOOP('',(#6248,#6249,#6250,#6251));
#6248 = ORIENTED_EDGE('',*,*,#6026,.T.);
#6249 = ORIENTED_EDGE('',*,*,#6050,.T.);
#6250 = ORIENTED_EDGE('',*,*,#6074,.F.);
#6251 = ORIENTED_EDGE('',*,*,#6091,.F.);
#6252 = PLANE('',#6253);
#6253 = AXIS2_PLACEMENT_3D('',#6254,#6255,#6256);
#6254 = CARTESIAN_POINT('',(-0.32,-2.86,8.54));
#6255 = DIRECTION('',(0.,0.,1.));
#6256 = DIRECTION('',(1.,0.,-0.));
#6257 = ADVANCED_FACE('',(#6258),#6264,.T.);
#6258 = FACE_BOUND('',#6259,.T.);
#6259 = EDGE_LOOP('',(#6260,#6261,#6262,#6263));
#6260 = ORIENTED_EDGE('',*,*,#6170,.T.);
#6261 = ORIENTED_EDGE('',*,*,#6187,.T.);
#6262 = ORIENTED_EDGE('',*,*,#6122,.F.);
#6263 = ORIENTED_EDGE('',*,*,#6146,.F.);
#6264 = PLANE('',#6265);
#6265 = AXIS2_PLACEMENT_3D('',#6266,#6267,#6268);
#6266 = CARTESIAN_POINT('',(-0.32,-5.4,8.54));
#6267 = DIRECTION('',(0.,0.,1.));
#6268 = DIRECTION('',(1.,0.,-0.));
#6269 = ( GEOMETRIC_REPRESENTATION_CONTEXT(3) 
GLOBAL_UNCERTAINTY_ASSIGNED_CONTEXT((#6273)) 
GLOBAL_UNIT_ASSIGNED_CONTEXT((#6270,#6271,#6272)) REPRESENTATION_CONTEXT
('Context #1','3D Context with UNIT and UNCERTAINTY') );
#6270 = ( LENGTH_UNIT() NAMED_UNIT(*) SI_UNIT(.MILLI.,.METRE.) );
#6271 = ( NAMED_UNIT(*) PLANE_ANGLE_UNIT() SI_UNIT($,.RADIAN.) );
#6272 = ( NAMED_UNIT(*) SI_UNIT($,.STERADIAN.) SOLID_ANGLE_UNIT() );
#6273 = UNCERTAINTY_MEASURE_WITH_UNIT(LENGTH_MEASURE(1.E-07),#6270,
  'distance_accuracy_value','confusion accuracy');
#6274 = CONTEXT_DEPENDENT_SHAPE_REPRESENTATION(#6275,#6277);
#6275 = ( REPRESENTATION_RELATIONSHIP('','',#4162,#4139) 
REPRESENTATION_RELATIONSHIP_WITH_TRANSFORMATION(#6276) 
SHAPE_REPRESENTATION_RELATIONSHIP() );
#6276 = ITEM_DEFINED_TRANSFORMATION('','',#11,#4140);
#6277 = PRODUCT_DEFINITION_SHAPE('Placement','Placement of an item',
  #6278);
#6278 = NEXT_ASSEMBLY_USAGE_OCCURRENCE('9','=>[0:1:1:9]','',#4134,#4157,
  $);
#6279 = PRODUCT_RELATED_PRODUCT_CATEGORY('part',$,(#4159));
#6280 = CONTEXT_DEPENDENT_SHAPE_REPRESENTATION(#6281,#6283);
#6281 = ( REPRESENTATION_RELATIONSHIP('','',#1955,#10) 
REPRESENTATION_RELATIONSHIP_WITH_TRANSFORMATION(#6282) 
SHAPE_REPRESENTATION_RELATIONSHIP() );
#6282 = ITEM_DEFINED_TRANSFORMATION('','',#11,#39);
#6283 = PRODUCT_DEFINITION_SHAPE('Placement','Placement of an item',
  #6284);
#6284 = NEXT_ASSEMBLY_USAGE_OCCURRENCE('11','SW1','',#5,#1950,$);
#6285 = CONTEXT_DEPENDENT_SHAPE_REPRESENTATION(#6286,#6288);
#6286 = ( REPRESENTATION_RELATIONSHIP('','',#1955,#10) 
REPRESENTATION_RELATIONSHIP_WITH_TRANSFORMATION(#6287) 
SHAPE_REPRESENTATION_RELATIONSHIP() );
#6287 = ITEM_DEFINED_TRANSFORMATION('','',#11,#43);
#6288 = PRODUCT_DEFINITION_SHAPE('Placement','Placement of an item',
  #6289);
#6289 = NEXT_ASSEMBLY_USAGE_OCCURRENCE('12','J2','',#5,#1950,$);
#6290 = CONTEXT_DEPENDENT_SHAPE_REPRESENTATION(#6291,#6293);
#6291 = ( REPRESENTATION_RELATIONSHIP('','',#3429,#10) 
REPRESENTATION_RELATIONSHIP_WITH_TRANSFORMATION(#6292) 
SHAPE_REPRESENTATION_RELATIONSHIP() );
#6292 = ITEM_DEFINED_TRANSFORMATION('','',#11,#47);
#6293 = PRODUCT_DEFINITION_SHAPE('Placement','Placement of an item',
  #6294);
#6294 = NEXT_ASSEMBLY_USAGE_OCCURRENCE('13','R1','',#5,#3424,$);
#6295 = CONTEXT_DEPENDENT_SHAPE_REPRESENTATION(#6296,#6298);
#6296 = ( REPRESENTATION_RELATIONSHIP('','',#4139,#10) 
REPRESENTATION_RELATIONSHIP_WITH_TRANSFORMATION(#6297) 
SHAPE_REPRESENTATION_RELATIONSHIP() );
#6297 = ITEM_DEFINED_TRANSFORMATION('','',#11,#51);
#6298 = PRODUCT_DEFINITION_SHAPE('Placement','Placement of an item',
  #6299);
#6299 = NEXT_ASSEMBLY_USAGE_OCCURRENCE('14','RV2','',#5,#4134,$);
#6300 = CONTEXT_DEPENDENT_SHAPE_REPRESENTATION(#6301,#6303);
#6301 = ( REPRESENTATION_RELATIONSHIP('','',#84,#10) 
REPRESENTATION_RELATIONSHIP_WITH_TRANSFORMATION(#6302) 
SHAPE_REPRESENTATION_RELATIONSHIP() );
#6302 = ITEM_DEFINED_TRANSFORMATION('','',#11,#55);
#6303 = PRODUCT_DEFINITION_SHAPE('Placement','Placement of an item',
  #6304);
#6304 = NEXT_ASSEMBLY_USAGE_OCCURRENCE('15','C3','',#5,#79,$);
#6305 = SHAPE_DEFINITION_REPRESENTATION(#6306,#6312);
#6306 = PRODUCT_DEFINITION_SHAPE('','',#6307);
#6307 = PRODUCT_DEFINITION('design','',#6308,#6311);
#6308 = PRODUCT_DEFINITION_FORMATION('','',#6309);
#6309 = PRODUCT('DIP-8_W7.62mm','DIP-8_W7.62mm','',(#6310));
#6310 = PRODUCT_CONTEXT('',#2,'mechanical');
#6311 = PRODUCT_DEFINITION_CONTEXT('part definition',#2,'design');
#6312 = SHAPE_REPRESENTATION('',(#11,#6313),#6317);
#6313 = AXIS2_PLACEMENT_3D('',#6314,#6315,#6316);
#6314 = CARTESIAN_POINT('',(0.,0.,0.));
#6315 = DIRECTION('',(0.,0.,1.));
#6316 = DIRECTION('',(1.,0.,-0.));
#6317 = ( GEOMETRIC_REPRESENTATION_CONTEXT(3) 
GLOBAL_UNCERTAINTY_ASSIGNED_CONTEXT((#6321)) 
GLOBAL_UNIT_ASSIGNED_CONTEXT((#6318,#6319,#6320)) REPRESENTATION_CONTEXT
('Context #1','3D Context with UNIT and UNCERTAINTY') );
#6318 = ( LENGTH_UNIT() NAMED_UNIT(*) SI_UNIT(.MILLI.,.METRE.) );
#6319 = ( NAMED_UNIT(*) PLANE_ANGLE_UNIT() SI_UNIT($,.RADIAN.) );
#6320 = ( NAMED_UNIT(*) SI_UNIT($,.STERADIAN.) SOLID_ANGLE_UNIT() );
#6321 = UNCERTAINTY_MEASURE_WITH_UNIT(LENGTH_MEASURE(1.E-06),#6318,
  'distance_accuracy_value','confusion accuracy');
#6322 = CONTEXT_DEPENDENT_SHAPE_REPRESENTATION(#6323,#6325);
#6323 = ( REPRESENTATION_RELATIONSHIP('','',#6312,#10) 
REPRESENTATION_RELATIONSHIP_WITH_TRANSFORMATION(#6324) 
SHAPE_REPRESENTATION_RELATIONSHIP() );
#6324 = ITEM_DEFINED_TRANSFORMATION('','',#11,#59);
#6325 = PRODUCT_DEFINITION_SHAPE('Placement','Placement of an item',
  #6326);
#6326 = NEXT_ASSEMBLY_USAGE_OCCURRENCE('17','U3','',#5,#6307,$);
#6327 = PRODUCT_RELATED_PRODUCT_CATEGORY('part',$,(#6309));
#6328 = SHAPE_DEFINITION_REPRESENTATION(#6329,#6335);
#6329 = PRODUCT_DEFINITION_SHAPE('','',#6330);
#6330 = PRODUCT_DEFINITION('design','',#6331,#6334);
#6331 = PRODUCT_DEFINITION_FORMATION('','',#6332);
#6332 = PRODUCT('DIP-8_W7.62mm','DIP-8_W7.62mm','',(#6333));
#6333 = PRODUCT_CONTEXT('',#2,'mechanical');
#6334 = PRODUCT_DEFINITION_CONTEXT('part definition',#2,'design');
#6335 = ADVANCED_BREP_SHAPE_REPRESENTATION('',(#11,#6336),#11108);
#6336 = MANIFOLD_SOLID_BREP('',#6337);
#6337 = CLOSED_SHELL('',(#6338,#6378,#6471,#6494,#6581,#6598,#6628,#6658
    ,#6689,#6720,#6751,#6782,#6813,#6844,#6875,#6898,#6922,#6952,#6983,
    #7014,#7045,#7076,#7107,#7138,#7169,#7186,#7216,#7274,#7332,#7362,
    #7420,#7437,#7462,#7512,#7543,#7601,#7659,#7690,#7748,#7765,#7790,
    #7840,#7871,#7894,#7918,#7976,#8034,#8064,#8122,#8139,#8197,#8214,
    #8245,#8303,#8361,#8392,#8450,#8467,#8525,#8542,#8573,#8590,#8647,
    #8666,#8715,#8739,#8786,#8798,#8817,#8834,#8883,#8907,#8949,#8966,
    #8983,#9002,#9067,#9091,#9154,#9166,#9231,#9255,#9318,#9335,#9349,
    #9366,#9383,#9732,#9783,#9802,#9851,#9875,#9922,#9934,#9988,#10012,
    #10054,#10073,#10085,#10102,#10119,#10138,#10155,#10220,#10244,
    #10302,#10324,#10389,#10413,#10471,#10485,#10502,#10519,#10536,
    #10565,#10582,#10599,#10611,#10628,#10645,#10657,#10674,#10691,
    #10708,#10725,#10737,#10754,#10771,#10788,#10805,#10817,#10845,
    #10856,#10873,#10890,#10902,#10919,#10936,#10948,#10965,#10982,
    #10999,#11016,#11028,#11045,#11062,#11079,#11096));
#6338 = ADVANCED_FACE('',(#6339),#6373,.T.);
#6339 = FACE_BOUND('',#6340,.F.);
#6340 = EDGE_LOOP('',(#6341,#6351,#6359,#6367));
#6341 = ORIENTED_EDGE('',*,*,#6342,.T.);
#6342 = EDGE_CURVE('',#6343,#6345,#6347,.T.);
#6343 = VERTEX_POINT('',#6344);
#6344 = CARTESIAN_POINT('',(6.661276356577,-8.121276356577,0.38));
#6345 = VERTEX_POINT('',#6346);
#6346 = CARTESIAN_POINT('',(6.661276356577,0.501276356577,0.38));
#6347 = LINE('',#6348,#6349);
#6348 = CARTESIAN_POINT('',(6.661276356577,-8.121276356577,0.38));
#6349 = VECTOR('',#6350,1.);
#6350 = DIRECTION('',(-4.440892098501E-16,1.,0.));
#6351 = ORIENTED_EDGE('',*,*,#6352,.T.);
#6352 = EDGE_CURVE('',#6345,#6353,#6355,.T.);
#6353 = VERTEX_POINT('',#6354);
#6354 = CARTESIAN_POINT('',(0.958723643423,0.501276356577,0.38));
#6355 = LINE('',#6356,#6357);
#6356 = CARTESIAN_POINT('',(6.661276356577,0.501276356577,0.38));
#6357 = VECTOR('',#6358,1.);
#6358 = DIRECTION('',(-1.,-4.440892098501E-16,0.));
#6359 = ORIENTED_EDGE('',*,*,#6360,.T.);
#6360 = EDGE_CURVE('',#6353,#6361,#6363,.T.);
#6361 = VERTEX_POINT('',#6362);
#6362 = CARTESIAN_POINT('',(0.958723643423,-8.121276356577,0.38));
#6363 = LINE('',#6364,#6365);
#6364 = CARTESIAN_POINT('',(0.958723643423,0.501276356577,0.38));
#6365 = VECTOR('',#6366,1.);
#6366 = DIRECTION('',(4.440892098501E-16,-1.,0.));
#6367 = ORIENTED_EDGE('',*,*,#6368,.T.);
#6368 = EDGE_CURVE('',#6361,#6343,#6369,.T.);
#6369 = LINE('',#6370,#6371);
#6370 = CARTESIAN_POINT('',(0.958723643423,-8.121276356577,0.38));
#6371 = VECTOR('',#6372,1.);
#6372 = DIRECTION('',(1.,4.440892098501E-16,0.));
#6373 = PLANE('',#6374);
#6374 = AXIS2_PLACEMENT_3D('',#6375,#6376,#6377);
#6375 = CARTESIAN_POINT('',(6.661276356577,-8.121276356577,0.38));
#6376 = DIRECTION('',(-0.,0.,-1.));
#6377 = DIRECTION('',(-0.551628171486,0.834090139268,0.));
#6378 = ADVANCED_FACE('',(#6379),#6466,.T.);
#6379 = FACE_BOUND('',#6380,.T.);
#6380 = EDGE_LOOP('',(#6381,#6382,#6389,#6397,#6405,#6413,#6421,#6429,
    #6437,#6445,#6453,#6461));
#6381 = ORIENTED_EDGE('',*,*,#6342,.T.);
#6382 = ORIENTED_EDGE('',*,*,#6383,.T.);
#6383 = EDGE_CURVE('',#6345,#6384,#6386,.T.);
#6384 = VERTEX_POINT('',#6385);
#6385 = CARTESIAN_POINT('',(6.985,0.825,1.903));
#6386 = B_SPLINE_CURVE_WITH_KNOTS('',1,(#6387,#6388),.UNSPECIFIED.,.F.,
  .F.,(2,2),(0.,1.),.PIECEWISE_BEZIER_KNOTS.);
#6387 = CARTESIAN_POINT('',(6.661276356577,0.501276356577,0.38));
#6388 = CARTESIAN_POINT('',(6.985,0.825,1.903));
#6389 = ORIENTED_EDGE('',*,*,#6390,.F.);
#6390 = EDGE_CURVE('',#6391,#6384,#6393,.T.);
#6391 = VERTEX_POINT('',#6392);
#6392 = CARTESIAN_POINT('',(6.985,0.2285,1.903));
#6393 = LINE('',#6394,#6395);
#6394 = CARTESIAN_POINT('',(6.985,-8.445,1.903));
#6395 = VECTOR('',#6396,1.);
#6396 = DIRECTION('',(-4.440892098501E-16,1.,0.));
#6397 = ORIENTED_EDGE('',*,*,#6398,.F.);
#6398 = EDGE_CURVE('',#6399,#6391,#6401,.T.);
#6399 = VERTEX_POINT('',#6400);
#6400 = CARTESIAN_POINT('',(6.985,-0.762,1.903));
#6401 = LINE('',#6402,#6403);
#6402 = CARTESIAN_POINT('',(6.985,-8.445,1.903));
#6403 = VECTOR('',#6404,1.);
#6404 = DIRECTION('',(-4.440892098501E-16,1.,0.));
#6405 = ORIENTED_EDGE('',*,*,#6406,.F.);
#6406 = EDGE_CURVE('',#6407,#6399,#6409,.T.);
#6407 = VERTEX_POINT('',#6408);
#6408 = CARTESIAN_POINT('',(6.985,-1.778,1.903));
#6409 = LINE('',#6410,#6411);
#6410 = CARTESIAN_POINT('',(6.985,-8.445,1.903));
#6411 = VECTOR('',#6412,1.);
#6412 = DIRECTION('',(-4.440892098501E-16,1.,0.));
#6413 = ORIENTED_EDGE('',*,*,#6414,.F.);
#6414 = EDGE_CURVE('',#6415,#6407,#6417,.T.);
#6415 = VERTEX_POINT('',#6416);
#6416 = CARTESIAN_POINT('',(6.985,-3.302,1.903));
#6417 = LINE('',#6418,#6419);
#6418 = CARTESIAN_POINT('',(6.985,-8.445,1.903));
#6419 = VECTOR('',#6420,1.);
#6420 = DIRECTION('',(-4.440892098501E-16,1.,0.));
#6421 = ORIENTED_EDGE('',*,*,#6422,.F.);
#6422 = EDGE_CURVE('',#6423,#6415,#6425,.T.);
#6423 = VERTEX_POINT('',#6424);
#6424 = CARTESIAN_POINT('',(6.985,-4.318,1.903));
#6425 = LINE('',#6426,#6427);
#6426 = CARTESIAN_POINT('',(6.985,-8.445,1.903));
#6427 = VECTOR('',#6428,1.);
#6428 = DIRECTION('',(-4.440892098501E-16,1.,0.));
#6429 = ORIENTED_EDGE('',*,*,#6430,.F.);
#6430 = EDGE_CURVE('',#6431,#6423,#6433,.T.);
#6431 = VERTEX_POINT('',#6432);
#6432 = CARTESIAN_POINT('',(6.985,-5.842,1.903));
#6433 = LINE('',#6434,#6435);
#6434 = CARTESIAN_POINT('',(6.985,-8.445,1.903));
#6435 = VECTOR('',#6436,1.);
#6436 = DIRECTION('',(-4.440892098501E-16,1.,0.));
#6437 = ORIENTED_EDGE('',*,*,#6438,.F.);
#6438 = EDGE_CURVE('',#6439,#6431,#6441,.T.);
#6439 = VERTEX_POINT('',#6440);
#6440 = CARTESIAN_POINT('',(6.985,-6.858,1.903));
#6441 = LINE('',#6442,#6443);
#6442 = CARTESIAN_POINT('',(6.985,-8.445,1.903));
#6443 = VECTOR('',#6444,1.);
#6444 = DIRECTION('',(-4.440892098501E-16,1.,0.));
#6445 = ORIENTED_EDGE('',*,*,#6446,.F.);
#6446 = EDGE_CURVE('',#6447,#6439,#6449,.T.);
#6447 = VERTEX_POINT('',#6448);
#6448 = CARTESIAN_POINT('',(6.985,-7.8485,1.903));
#6449 = LINE('',#6450,#6451);
#6450 = CARTESIAN_POINT('',(6.985,-8.445,1.903));
#6451 = VECTOR('',#6452,1.);
#6452 = DIRECTION('',(-4.440892098501E-16,1.,0.));
#6453 = ORIENTED_EDGE('',*,*,#6454,.F.);
#6454 = EDGE_CURVE('',#6455,#6447,#6457,.T.);
#6455 = VERTEX_POINT('',#6456);
#6456 = CARTESIAN_POINT('',(6.985,-8.445,1.903));
#6457 = LINE('',#6458,#6459);
#6458 = CARTESIAN_POINT('',(6.985,-8.445,1.903));
#6459 = VECTOR('',#6460,1.);
#6460 = DIRECTION('',(-4.440892098501E-16,1.,0.));
#6461 = ORIENTED_EDGE('',*,*,#6462,.F.);
#6462 = EDGE_CURVE('',#6343,#6455,#6463,.T.);
#6463 = B_SPLINE_CURVE_WITH_KNOTS('',1,(#6464,#6465),.UNSPECIFIED.,.F.,
  .F.,(2,2),(0.,1.),.PIECEWISE_BEZIER_KNOTS.);
#6464 = CARTESIAN_POINT('',(6.661276356577,-8.121276356577,0.38));
#6465 = CARTESIAN_POINT('',(6.985,-8.445,1.903));
#6466 = B_SPLINE_SURFACE_WITH_KNOTS('',1,1,(
    (#6467,#6468)
    ,(#6469,#6470
    )),.UNSPECIFIED.,.F.,.F.,.F.,(2,2),(2,2),(0.,9.27),(0.,1.),
  .PIECEWISE_BEZIER_KNOTS.);
#6467 = CARTESIAN_POINT('',(6.661276356577,-8.121276356577,0.38));
#6468 = CARTESIAN_POINT('',(6.985,-8.445,1.903));
#6469 = CARTESIAN_POINT('',(6.661276356577,0.501276356577,0.38));
#6470 = CARTESIAN_POINT('',(6.985,0.825,1.903));
#6471 = ADVANCED_FACE('',(#6472),#6489,.T.);
#6472 = FACE_BOUND('',#6473,.T.);
#6473 = EDGE_LOOP('',(#6474,#6475,#6482,#6488));
#6474 = ORIENTED_EDGE('',*,*,#6352,.T.);
#6475 = ORIENTED_EDGE('',*,*,#6476,.T.);
#6476 = EDGE_CURVE('',#6353,#6477,#6479,.T.);
#6477 = VERTEX_POINT('',#6478);
#6478 = CARTESIAN_POINT('',(0.635,0.825,1.903));
#6479 = B_SPLINE_CURVE_WITH_KNOTS('',1,(#6480,#6481),.UNSPECIFIED.,.F.,
  .F.,(2,2),(0.,1.),.PIECEWISE_BEZIER_KNOTS.);
#6480 = CARTESIAN_POINT('',(0.958723643423,0.501276356577,0.38));
#6481 = CARTESIAN_POINT('',(0.635,0.825,1.903));
#6482 = ORIENTED_EDGE('',*,*,#6483,.F.);
#6483 = EDGE_CURVE('',#6384,#6477,#6484,.T.);
#6484 = LINE('',#6485,#6486);
#6485 = CARTESIAN_POINT('',(6.985,0.825,1.903));
#6486 = VECTOR('',#6487,1.);
#6487 = DIRECTION('',(-1.,-4.440892098501E-16,0.));
#6488 = ORIENTED_EDGE('',*,*,#6383,.F.);
#6489 = B_SPLINE_SURFACE_WITH_KNOTS('',1,1,(
    (#6490,#6491)
    ,(#6492,#6493
    )),.UNSPECIFIED.,.F.,.F.,.F.,(2,2),(2,2),(0.,6.35),(0.,1.),
  .PIECEWISE_BEZIER_KNOTS.);
#6490 = CARTESIAN_POINT('',(6.661276356577,0.501276356577,0.38));
#6491 = CARTESIAN_POINT('',(6.985,0.825,1.903));
#6492 = CARTESIAN_POINT('',(0.958723643423,0.501276356577,0.38));
#6493 = CARTESIAN_POINT('',(0.635,0.825,1.903));
#6494 = ADVANCED_FACE('',(#6495),#6576,.T.);
#6495 = FACE_BOUND('',#6496,.T.);
#6496 = EDGE_LOOP('',(#6497,#6498,#6505,#6513,#6521,#6529,#6537,#6545,
    #6553,#6561,#6569,#6575));
#6497 = ORIENTED_EDGE('',*,*,#6360,.T.);
#6498 = ORIENTED_EDGE('',*,*,#6499,.T.);
#6499 = EDGE_CURVE('',#6361,#6500,#6502,.T.);
#6500 = VERTEX_POINT('',#6501);
#6501 = CARTESIAN_POINT('',(0.635,-8.445,1.903));
#6502 = B_SPLINE_CURVE_WITH_KNOTS('',1,(#6503,#6504),.UNSPECIFIED.,.F.,
  .F.,(2,2),(0.,1.),.PIECEWISE_BEZIER_KNOTS.);
#6503 = CARTESIAN_POINT('',(0.958723643423,-8.121276356577,0.38));
#6504 = CARTESIAN_POINT('',(0.635,-8.445,1.903));
#6505 = ORIENTED_EDGE('',*,*,#6506,.F.);
#6506 = EDGE_CURVE('',#6507,#6500,#6509,.T.);
#6507 = VERTEX_POINT('',#6508);
#6508 = CARTESIAN_POINT('',(0.635,-7.8485,1.903));
#6509 = LINE('',#6510,#6511);
#6510 = CARTESIAN_POINT('',(0.635,0.825,1.903));
#6511 = VECTOR('',#6512,1.);
#6512 = DIRECTION('',(4.440892098501E-16,-1.,0.));
#6513 = ORIENTED_EDGE('',*,*,#6514,.F.);
#6514 = EDGE_CURVE('',#6515,#6507,#6517,.T.);
#6515 = VERTEX_POINT('',#6516);
#6516 = CARTESIAN_POINT('',(0.635,-6.858,1.903));
#6517 = LINE('',#6518,#6519);
#6518 = CARTESIAN_POINT('',(0.635,0.825,1.903));
#6519 = VECTOR('',#6520,1.);
#6520 = DIRECTION('',(4.440892098501E-16,-1.,0.));
#6521 = ORIENTED_EDGE('',*,*,#6522,.F.);
#6522 = EDGE_CURVE('',#6523,#6515,#6525,.T.);
#6523 = VERTEX_POINT('',#6524);
#6524 = CARTESIAN_POINT('',(0.635,-5.842,1.903));
#6525 = LINE('',#6526,#6527);
#6526 = CARTESIAN_POINT('',(0.635,0.825,1.903));
#6527 = VECTOR('',#6528,1.);
#6528 = DIRECTION('',(4.440892098501E-16,-1.,0.));
#6529 = ORIENTED_EDGE('',*,*,#6530,.F.);
#6530 = EDGE_CURVE('',#6531,#6523,#6533,.T.);
#6531 = VERTEX_POINT('',#6532);
#6532 = CARTESIAN_POINT('',(0.635,-4.318,1.903));
#6533 = LINE('',#6534,#6535);
#6534 = CARTESIAN_POINT('',(0.635,0.825,1.903));
#6535 = VECTOR('',#6536,1.);
#6536 = DIRECTION('',(4.440892098501E-16,-1.,0.));
#6537 = ORIENTED_EDGE('',*,*,#6538,.F.);
#6538 = EDGE_CURVE('',#6539,#6531,#6541,.T.);
#6539 = VERTEX_POINT('',#6540);
#6540 = CARTESIAN_POINT('',(0.635,-3.302,1.903));
#6541 = LINE('',#6542,#6543);
#6542 = CARTESIAN_POINT('',(0.635,0.825,1.903));
#6543 = VECTOR('',#6544,1.);
#6544 = DIRECTION('',(4.440892098501E-16,-1.,0.));
#6545 = ORIENTED_EDGE('',*,*,#6546,.F.);
#6546 = EDGE_CURVE('',#6547,#6539,#6549,.T.);
#6547 = VERTEX_POINT('',#6548);
#6548 = CARTESIAN_POINT('',(0.635,-1.778,1.903));
#6549 = LINE('',#6550,#6551);
#6550 = CARTESIAN_POINT('',(0.635,0.825,1.903));
#6551 = VECTOR('',#6552,1.);
#6552 = DIRECTION('',(4.440892098501E-16,-1.,0.));
#6553 = ORIENTED_EDGE('',*,*,#6554,.F.);
#6554 = EDGE_CURVE('',#6555,#6547,#6557,.T.);
#6555 = VERTEX_POINT('',#6556);
#6556 = CARTESIAN_POINT('',(0.635,-0.762,1.903));
#6557 = LINE('',#6558,#6559);
#6558 = CARTESIAN_POINT('',(0.635,0.825,1.903));
#6559 = VECTOR('',#6560,1.);
#6560 = DIRECTION('',(4.440892098501E-16,-1.,0.));
#6561 = ORIENTED_EDGE('',*,*,#6562,.F.);
#6562 = EDGE_CURVE('',#6563,#6555,#6565,.T.);
#6563 = VERTEX_POINT('',#6564);
#6564 = CARTESIAN_POINT('',(0.635,0.2285,1.903));
#6565 = LINE('',#6566,#6567);
#6566 = CARTESIAN_POINT('',(0.635,0.825,1.903));
#6567 = VECTOR('',#6568,1.);
#6568 = DIRECTION('',(4.440892098501E-16,-1.,0.));
#6569 = ORIENTED_EDGE('',*,*,#6570,.F.);
#6570 = EDGE_CURVE('',#6477,#6563,#6571,.T.);
#6571 = LINE('',#6572,#6573);
#6572 = CARTESIAN_POINT('',(0.635,0.825,1.903));
#6573 = VECTOR('',#6574,1.);
#6574 = DIRECTION('',(4.440892098501E-16,-1.,0.));
#6575 = ORIENTED_EDGE('',*,*,#6476,.F.);
#6576 = B_SPLINE_SURFACE_WITH_KNOTS('',1,1,(
    (#6577,#6578)
    ,(#6579,#6580
    )),.UNSPECIFIED.,.F.,.F.,.F.,(2,2),(2,2),(0.,9.27),(0.,1.),
  .PIECEWISE_BEZIER_KNOTS.);
#6577 = CARTESIAN_POINT('',(0.958723643423,0.501276356577,0.38));
#6578 = CARTESIAN_POINT('',(0.635,0.825,1.903));
#6579 = CARTESIAN_POINT('',(0.958723643423,-8.121276356577,0.38));
#6580 = CARTESIAN_POINT('',(0.635,-8.445,1.903));
#6581 = ADVANCED_FACE('',(#6582),#6593,.T.);
#6582 = FACE_BOUND('',#6583,.T.);
#6583 = EDGE_LOOP('',(#6584,#6585,#6586,#6592));
#6584 = ORIENTED_EDGE('',*,*,#6368,.T.);
#6585 = ORIENTED_EDGE('',*,*,#6462,.T.);
#6586 = ORIENTED_EDGE('',*,*,#6587,.F.);
#6587 = EDGE_CURVE('',#6500,#6455,#6588,.T.);
#6588 = LINE('',#6589,#6590);
#6589 = CARTESIAN_POINT('',(0.635,-8.445,1.903));
#6590 = VECTOR('',#6591,1.);
#6591 = DIRECTION('',(1.,4.440892098501E-16,0.));
#6592 = ORIENTED_EDGE('',*,*,#6499,.F.);
#6593 = B_SPLINE_SURFACE_WITH_KNOTS('',1,1,(
    (#6594,#6595)
    ,(#6596,#6597
    )),.UNSPECIFIED.,.F.,.F.,.F.,(2,2),(2,2),(0.,6.35),(0.,1.),
  .PIECEWISE_BEZIER_KNOTS.);
#6594 = CARTESIAN_POINT('',(0.958723643423,-8.121276356577,0.38));
#6595 = CARTESIAN_POINT('',(0.635,-8.445,1.903));
#6596 = CARTESIAN_POINT('',(6.661276356577,-8.121276356577,0.38));
#6597 = CARTESIAN_POINT('',(6.985,-8.445,1.903));
#6598 = ADVANCED_FACE('',(#6599),#6623,.T.);
#6599 = FACE_BOUND('',#6600,.T.);
#6600 = EDGE_LOOP('',(#6601,#6608,#6609,#6617));
#6601 = ORIENTED_EDGE('',*,*,#6602,.F.);
#6602 = EDGE_CURVE('',#6455,#6603,#6605,.T.);
#6603 = VERTEX_POINT('',#6604);
#6604 = CARTESIAN_POINT('',(6.985,-8.445,2.157));
#6605 = B_SPLINE_CURVE_WITH_KNOTS('',1,(#6606,#6607),.UNSPECIFIED.,.F.,
  .F.,(2,2),(0.,1.),.PIECEWISE_BEZIER_KNOTS.);
#6606 = CARTESIAN_POINT('',(6.985,-8.445,1.903));
#6607 = CARTESIAN_POINT('',(6.985,-8.445,2.157));
#6608 = ORIENTED_EDGE('',*,*,#6454,.T.);
#6609 = ORIENTED_EDGE('',*,*,#6610,.T.);
#6610 = EDGE_CURVE('',#6447,#6611,#6613,.T.);
#6611 = VERTEX_POINT('',#6612);
#6612 = CARTESIAN_POINT('',(6.985,-7.8485,2.157));
#6613 = LINE('',#6614,#6615);
#6614 = CARTESIAN_POINT('',(6.985,-7.8485,1.9665));
#6615 = VECTOR('',#6616,1.);
#6616 = DIRECTION('',(0.,0.,1.));
#6617 = ORIENTED_EDGE('',*,*,#6618,.F.);
#6618 = EDGE_CURVE('',#6603,#6611,#6619,.T.);
#6619 = LINE('',#6620,#6621);
#6620 = CARTESIAN_POINT('',(6.985,-8.445,2.157));
#6621 = VECTOR('',#6622,1.);
#6622 = DIRECTION('',(-4.440892098501E-16,1.,0.));
#6623 = PLANE('',#6624);
#6624 = AXIS2_PLACEMENT_3D('',#6625,#6626,#6627);
#6625 = CARTESIAN_POINT('',(6.985,-8.445,2.157));
#6626 = DIRECTION('',(1.,4.440892098501E-16,0.));
#6627 = DIRECTION('',(-4.440892098501E-16,1.,0.));
#6628 = ADVANCED_FACE('',(#6629),#6653,.T.);
#6629 = FACE_BOUND('',#6630,.T.);
#6630 = EDGE_LOOP('',(#6631,#6639,#6640,#6647));
#6631 = ORIENTED_EDGE('',*,*,#6632,.T.);
#6632 = EDGE_CURVE('',#6633,#6391,#6635,.T.);
#6633 = VERTEX_POINT('',#6634);
#6634 = CARTESIAN_POINT('',(6.985,0.2285,2.157));
#6635 = LINE('',#6636,#6637);
#6636 = CARTESIAN_POINT('',(6.985,0.2285,2.157));
#6637 = VECTOR('',#6638,1.);
#6638 = DIRECTION('',(1.035250531786E-30,-2.331176954594E-15,-1.));
#6639 = ORIENTED_EDGE('',*,*,#6390,.T.);
#6640 = ORIENTED_EDGE('',*,*,#6641,.T.);
#6641 = EDGE_CURVE('',#6384,#6642,#6644,.T.);
#6642 = VERTEX_POINT('',#6643);
#6643 = CARTESIAN_POINT('',(6.985,0.825,2.157));
#6644 = B_SPLINE_CURVE_WITH_KNOTS('',1,(#6645,#6646),.UNSPECIFIED.,.F.,
  .F.,(2,2),(0.,1.),.PIECEWISE_BEZIER_KNOTS.);
#6645 = CARTESIAN_POINT('',(6.985,0.825,1.903));
#6646 = CARTESIAN_POINT('',(6.985,0.825,2.157));
#6647 = ORIENTED_EDGE('',*,*,#6648,.F.);
#6648 = EDGE_CURVE('',#6633,#6642,#6649,.T.);
#6649 = LINE('',#6650,#6651);
#6650 = CARTESIAN_POINT('',(6.985,-8.445,2.157));
#6651 = VECTOR('',#6652,1.);
#6652 = DIRECTION('',(-4.440892098501E-16,1.,0.));
#6653 = PLANE('',#6654);
#6654 = AXIS2_PLACEMENT_3D('',#6655,#6656,#6657);
#6655 = CARTESIAN_POINT('',(6.985,-8.445,2.157));
#6656 = DIRECTION('',(1.,4.440892098501E-16,0.));
#6657 = DIRECTION('',(-4.440892098501E-16,1.,0.));
#6658 = ADVANCED_FACE('',(#6659),#6684,.F.);
#6659 = FACE_BOUND('',#6660,.F.);
#6660 = EDGE_LOOP('',(#6661,#6669,#6670,#6678));
#6661 = ORIENTED_EDGE('',*,*,#6662,.F.);
#6662 = EDGE_CURVE('',#6439,#6663,#6665,.T.);
#6663 = VERTEX_POINT('',#6664);
#6664 = CARTESIAN_POINT('',(7.366,-6.858,1.903));
#6665 = LINE('',#6666,#6667);
#6666 = CARTESIAN_POINT('',(3.81,-6.858,1.903));
#6667 = VECTOR('',#6668,1.);
#6668 = DIRECTION('',(1.,3.216245299353E-16,0.));
#6669 = ORIENTED_EDGE('',*,*,#6446,.F.);
#6670 = ORIENTED_EDGE('',*,*,#6671,.F.);
#6671 = EDGE_CURVE('',#6672,#6447,#6674,.T.);
#6672 = VERTEX_POINT('',#6673);
#6673 = CARTESIAN_POINT('',(7.366,-7.8485,1.903));
#6674 = LINE('',#6675,#6676);
#6675 = CARTESIAN_POINT('',(7.747,-7.8485,1.903));
#6676 = VECTOR('',#6677,1.);
#6677 = DIRECTION('',(-1.,-3.216245299353E-16,0.));
#6678 = ORIENTED_EDGE('',*,*,#6679,.T.);
#6679 = EDGE_CURVE('',#6672,#6663,#6680,.T.);
#6680 = LINE('',#6681,#6682);
#6681 = CARTESIAN_POINT('',(7.366,-7.8485,1.903));
#6682 = VECTOR('',#6683,1.);
#6683 = DIRECTION('',(-3.216245299353E-16,1.,0.));
#6684 = PLANE('',#6685);
#6685 = AXIS2_PLACEMENT_3D('',#6686,#6687,#6688);
#6686 = CARTESIAN_POINT('',(0.254,-6.858,1.903));
#6687 = DIRECTION('',(0.,0.,1.));
#6688 = DIRECTION('',(-4.440892098501E-16,1.,0.));
#6689 = ADVANCED_FACE('',(#6690),#6715,.F.);
#6690 = FACE_BOUND('',#6691,.F.);
#6691 = EDGE_LOOP('',(#6692,#6700,#6701,#6709));
#6692 = ORIENTED_EDGE('',*,*,#6693,.F.);
#6693 = EDGE_CURVE('',#6391,#6694,#6696,.T.);
#6694 = VERTEX_POINT('',#6695);
#6695 = CARTESIAN_POINT('',(7.366,0.2285,1.903));
#6696 = LINE('',#6697,#6698);
#6697 = CARTESIAN_POINT('',(3.81,0.2285,1.903));
#6698 = VECTOR('',#6699,1.);
#6699 = DIRECTION('',(1.,3.216245299353E-16,0.));
#6700 = ORIENTED_EDGE('',*,*,#6398,.F.);
#6701 = ORIENTED_EDGE('',*,*,#6702,.F.);
#6702 = EDGE_CURVE('',#6703,#6399,#6705,.T.);
#6703 = VERTEX_POINT('',#6704);
#6704 = CARTESIAN_POINT('',(7.366,-0.762,1.903));
#6705 = LINE('',#6706,#6707);
#6706 = CARTESIAN_POINT('',(7.747,-0.762,1.903));
#6707 = VECTOR('',#6708,1.);
#6708 = DIRECTION('',(-1.,-3.216245299353E-16,0.));
#6709 = ORIENTED_EDGE('',*,*,#6710,.F.);
#6710 = EDGE_CURVE('',#6694,#6703,#6711,.T.);
#6711 = LINE('',#6712,#6713);
#6712 = CARTESIAN_POINT('',(7.366,0.2285,1.903));
#6713 = VECTOR('',#6714,1.);
#6714 = DIRECTION('',(3.216245299353E-16,-1.,0.));
#6715 = PLANE('',#6716);
#6716 = AXIS2_PLACEMENT_3D('',#6717,#6718,#6719);
#6717 = CARTESIAN_POINT('',(0.254,0.2285,1.903));
#6718 = DIRECTION('',(0.,0.,1.));
#6719 = DIRECTION('',(-4.440892098501E-16,1.,0.));
#6720 = ADVANCED_FACE('',(#6721),#6746,.T.);
#6721 = FACE_BOUND('',#6722,.T.);
#6722 = EDGE_LOOP('',(#6723,#6731,#6732,#6740));
#6723 = ORIENTED_EDGE('',*,*,#6724,.T.);
#6724 = EDGE_CURVE('',#6725,#6439,#6727,.T.);
#6725 = VERTEX_POINT('',#6726);
#6726 = CARTESIAN_POINT('',(6.985,-6.858,2.157));
#6727 = LINE('',#6728,#6729);
#6728 = CARTESIAN_POINT('',(6.985,-6.858,2.157));
#6729 = VECTOR('',#6730,1.);
#6730 = DIRECTION('',(0.,0.,-1.));
#6731 = ORIENTED_EDGE('',*,*,#6438,.T.);
#6732 = ORIENTED_EDGE('',*,*,#6733,.T.);
#6733 = EDGE_CURVE('',#6431,#6734,#6736,.T.);
#6734 = VERTEX_POINT('',#6735);
#6735 = CARTESIAN_POINT('',(6.985,-5.842,2.157));
#6736 = LINE('',#6737,#6738);
#6737 = CARTESIAN_POINT('',(6.985,-5.842,2.157));
#6738 = VECTOR('',#6739,1.);
#6739 = DIRECTION('',(0.,0.,1.));
#6740 = ORIENTED_EDGE('',*,*,#6741,.F.);
#6741 = EDGE_CURVE('',#6725,#6734,#6742,.T.);
#6742 = LINE('',#6743,#6744);
#6743 = CARTESIAN_POINT('',(6.985,-8.445,2.157));
#6744 = VECTOR('',#6745,1.);
#6745 = DIRECTION('',(-4.440892098501E-16,1.,0.));
#6746 = PLANE('',#6747);
#6747 = AXIS2_PLACEMENT_3D('',#6748,#6749,#6750);
#6748 = CARTESIAN_POINT('',(6.985,-8.445,2.157));
#6749 = DIRECTION('',(1.,4.440892098501E-16,0.));
#6750 = DIRECTION('',(-4.440892098501E-16,1.,0.));
#6751 = ADVANCED_FACE('',(#6752),#6777,.T.);
#6752 = FACE_BOUND('',#6753,.T.);
#6753 = EDGE_LOOP('',(#6754,#6762,#6763,#6771));
#6754 = ORIENTED_EDGE('',*,*,#6755,.F.);
#6755 = EDGE_CURVE('',#6407,#6756,#6758,.T.);
#6756 = VERTEX_POINT('',#6757);
#6757 = CARTESIAN_POINT('',(6.985,-1.778,2.157));
#6758 = LINE('',#6759,#6760);
#6759 = CARTESIAN_POINT('',(6.985,-1.778,2.157));
#6760 = VECTOR('',#6761,1.);
#6761 = DIRECTION('',(0.,0.,1.));
#6762 = ORIENTED_EDGE('',*,*,#6406,.T.);
#6763 = ORIENTED_EDGE('',*,*,#6764,.F.);
#6764 = EDGE_CURVE('',#6765,#6399,#6767,.T.);
#6765 = VERTEX_POINT('',#6766);
#6766 = CARTESIAN_POINT('',(6.985,-0.762,2.157));
#6767 = LINE('',#6768,#6769);
#6768 = CARTESIAN_POINT('',(6.985,-0.762,1.0785));
#6769 = VECTOR('',#6770,1.);
#6770 = DIRECTION('',(0.,0.,-1.));
#6771 = ORIENTED_EDGE('',*,*,#6772,.F.);
#6772 = EDGE_CURVE('',#6756,#6765,#6773,.T.);
#6773 = LINE('',#6774,#6775);
#6774 = CARTESIAN_POINT('',(6.985,-8.445,2.157));
#6775 = VECTOR('',#6776,1.);
#6776 = DIRECTION('',(-4.440892098501E-16,1.,0.));
#6777 = PLANE('',#6778);
#6778 = AXIS2_PLACEMENT_3D('',#6779,#6780,#6781);
#6779 = CARTESIAN_POINT('',(6.985,-8.445,2.157));
#6780 = DIRECTION('',(1.,4.440892098501E-16,0.));
#6781 = DIRECTION('',(-4.440892098501E-16,1.,0.));
#6782 = ADVANCED_FACE('',(#6783),#6808,.F.);
#6783 = FACE_BOUND('',#6784,.F.);
#6784 = EDGE_LOOP('',(#6785,#6793,#6794,#6802));
#6785 = ORIENTED_EDGE('',*,*,#6786,.F.);
#6786 = EDGE_CURVE('',#6423,#6787,#6789,.T.);
#6787 = VERTEX_POINT('',#6788);
#6788 = CARTESIAN_POINT('',(7.366,-4.318,1.903));
#6789 = LINE('',#6790,#6791);
#6790 = CARTESIAN_POINT('',(3.683,-4.318,1.903));
#6791 = VECTOR('',#6792,1.);
#6792 = DIRECTION('',(1.,3.216245299353E-16,0.));
#6793 = ORIENTED_EDGE('',*,*,#6430,.F.);
#6794 = ORIENTED_EDGE('',*,*,#6795,.F.);
#6795 = EDGE_CURVE('',#6796,#6431,#6798,.T.);
#6796 = VERTEX_POINT('',#6797);
#6797 = CARTESIAN_POINT('',(7.366,-5.842,1.903));
#6798 = LINE('',#6799,#6800);
#6799 = CARTESIAN_POINT('',(7.62,-5.842,1.903));
#6800 = VECTOR('',#6801,1.);
#6801 = DIRECTION('',(-1.,-3.216245299353E-16,0.));
#6802 = ORIENTED_EDGE('',*,*,#6803,.T.);
#6803 = EDGE_CURVE('',#6796,#6787,#6804,.T.);
#6804 = LINE('',#6805,#6806);
#6805 = CARTESIAN_POINT('',(7.366,-5.842,1.903));
#6806 = VECTOR('',#6807,1.);
#6807 = DIRECTION('',(-3.216245299353E-16,1.,0.));
#6808 = PLANE('',#6809);
#6809 = AXIS2_PLACEMENT_3D('',#6810,#6811,#6812);
#6810 = CARTESIAN_POINT('',(0.254,-4.318,1.903));
#6811 = DIRECTION('',(0.,0.,1.));
#6812 = DIRECTION('',(-4.440892098501E-16,1.,0.));
#6813 = ADVANCED_FACE('',(#6814),#6839,.F.);
#6814 = FACE_BOUND('',#6815,.F.);
#6815 = EDGE_LOOP('',(#6816,#6824,#6825,#6833));
#6816 = ORIENTED_EDGE('',*,*,#6817,.F.);
#6817 = EDGE_CURVE('',#6407,#6818,#6820,.T.);
#6818 = VERTEX_POINT('',#6819);
#6819 = CARTESIAN_POINT('',(7.366,-1.778,1.903));
#6820 = LINE('',#6821,#6822);
#6821 = CARTESIAN_POINT('',(3.683,-1.778,1.903));
#6822 = VECTOR('',#6823,1.);
#6823 = DIRECTION('',(1.,3.216245299353E-16,0.));
#6824 = ORIENTED_EDGE('',*,*,#6414,.F.);
#6825 = ORIENTED_EDGE('',*,*,#6826,.F.);
#6826 = EDGE_CURVE('',#6827,#6415,#6829,.T.);
#6827 = VERTEX_POINT('',#6828);
#6828 = CARTESIAN_POINT('',(7.366,-3.302,1.903));
#6829 = LINE('',#6830,#6831);
#6830 = CARTESIAN_POINT('',(7.62,-3.302,1.903));
#6831 = VECTOR('',#6832,1.);
#6832 = DIRECTION('',(-1.,-3.216245299353E-16,0.));
#6833 = ORIENTED_EDGE('',*,*,#6834,.T.);
#6834 = EDGE_CURVE('',#6827,#6818,#6835,.T.);
#6835 = LINE('',#6836,#6837);
#6836 = CARTESIAN_POINT('',(7.366,-3.302,1.903));
#6837 = VECTOR('',#6838,1.);
#6838 = DIRECTION('',(-3.216245299353E-16,1.,0.));
#6839 = PLANE('',#6840);
#6840 = AXIS2_PLACEMENT_3D('',#6841,#6842,#6843);
#6841 = CARTESIAN_POINT('',(0.254,-1.778,1.903));
#6842 = DIRECTION('',(0.,0.,1.));
#6843 = DIRECTION('',(-4.440892098501E-16,1.,0.));
#6844 = ADVANCED_FACE('',(#6845),#6870,.T.);
#6845 = FACE_BOUND('',#6846,.T.);
#6846 = EDGE_LOOP('',(#6847,#6855,#6856,#6864));
#6847 = ORIENTED_EDGE('',*,*,#6848,.F.);
#6848 = EDGE_CURVE('',#6423,#6849,#6851,.T.);
#6849 = VERTEX_POINT('',#6850);
#6850 = CARTESIAN_POINT('',(6.985,-4.318,2.157));
#6851 = LINE('',#6852,#6853);
#6852 = CARTESIAN_POINT('',(6.985,-4.318,2.157));
#6853 = VECTOR('',#6854,1.);
#6854 = DIRECTION('',(0.,0.,1.));
#6855 = ORIENTED_EDGE('',*,*,#6422,.T.);
#6856 = ORIENTED_EDGE('',*,*,#6857,.T.);
#6857 = EDGE_CURVE('',#6415,#6858,#6860,.T.);
#6858 = VERTEX_POINT('',#6859);
#6859 = CARTESIAN_POINT('',(6.985,-3.302,2.157));
#6860 = LINE('',#6861,#6862);
#6861 = CARTESIAN_POINT('',(6.985,-3.302,2.157));
#6862 = VECTOR('',#6863,1.);
#6863 = DIRECTION('',(0.,0.,1.));
#6864 = ORIENTED_EDGE('',*,*,#6865,.F.);
#6865 = EDGE_CURVE('',#6849,#6858,#6866,.T.);
#6866 = LINE('',#6867,#6868);
#6867 = CARTESIAN_POINT('',(6.985,-8.445,2.157));
#6868 = VECTOR('',#6869,1.);
#6869 = DIRECTION('',(-4.440892098501E-16,1.,0.));
#6870 = PLANE('',#6871);
#6871 = AXIS2_PLACEMENT_3D('',#6872,#6873,#6874);
#6872 = CARTESIAN_POINT('',(6.985,-8.445,2.157));
#6873 = DIRECTION('',(1.,4.440892098501E-16,0.));
#6874 = DIRECTION('',(-4.440892098501E-16,1.,0.));
#6875 = ADVANCED_FACE('',(#6876),#6893,.T.);
#6876 = FACE_BOUND('',#6877,.T.);
#6877 = EDGE_LOOP('',(#6878,#6879,#6886,#6892));
#6878 = ORIENTED_EDGE('',*,*,#6483,.T.);
#6879 = ORIENTED_EDGE('',*,*,#6880,.T.);
#6880 = EDGE_CURVE('',#6477,#6881,#6883,.T.);
#6881 = VERTEX_POINT('',#6882);
#6882 = CARTESIAN_POINT('',(0.635,0.825,2.157));
#6883 = B_SPLINE_CURVE_WITH_KNOTS('',1,(#6884,#6885),.UNSPECIFIED.,.F.,
  .F.,(2,2),(0.,1.),.PIECEWISE_BEZIER_KNOTS.);
#6884 = CARTESIAN_POINT('',(0.635,0.825,1.903));
#6885 = CARTESIAN_POINT('',(0.635,0.825,2.157));
#6886 = ORIENTED_EDGE('',*,*,#6887,.F.);
#6887 = EDGE_CURVE('',#6642,#6881,#6888,.T.);
#6888 = LINE('',#6889,#6890);
#6889 = CARTESIAN_POINT('',(6.985,0.825,2.157));
#6890 = VECTOR('',#6891,1.);
#6891 = DIRECTION('',(-1.,-4.440892098501E-16,0.));
#6892 = ORIENTED_EDGE('',*,*,#6641,.F.);
#6893 = PLANE('',#6894);
#6894 = AXIS2_PLACEMENT_3D('',#6895,#6896,#6897);
#6895 = CARTESIAN_POINT('',(6.985,0.825,2.157));
#6896 = DIRECTION('',(-4.440892098501E-16,1.,0.));
#6897 = DIRECTION('',(-1.,-4.440892098501E-16,0.));
#6898 = ADVANCED_FACE('',(#6899),#6917,.T.);
#6899 = FACE_BOUND('',#6900,.T.);
#6900 = EDGE_LOOP('',(#6901,#6902,#6903,#6911));
#6901 = ORIENTED_EDGE('',*,*,#6880,.F.);
#6902 = ORIENTED_EDGE('',*,*,#6570,.T.);
#6903 = ORIENTED_EDGE('',*,*,#6904,.T.);
#6904 = EDGE_CURVE('',#6563,#6905,#6907,.T.);
#6905 = VERTEX_POINT('',#6906);
#6906 = CARTESIAN_POINT('',(0.635,0.2285,2.157));
#6907 = LINE('',#6908,#6909);
#6908 = CARTESIAN_POINT('',(0.635,0.2285,2.157));
#6909 = VECTOR('',#6910,1.);
#6910 = DIRECTION('',(-1.035250531786E-30,2.331176954594E-15,1.));
#6911 = ORIENTED_EDGE('',*,*,#6912,.F.);
#6912 = EDGE_CURVE('',#6881,#6905,#6913,.T.);
#6913 = LINE('',#6914,#6915);
#6914 = CARTESIAN_POINT('',(0.635,0.825,2.157));
#6915 = VECTOR('',#6916,1.);
#6916 = DIRECTION('',(4.440892098501E-16,-1.,0.));
#6917 = PLANE('',#6918);
#6918 = AXIS2_PLACEMENT_3D('',#6919,#6920,#6921);
#6919 = CARTESIAN_POINT('',(0.635,0.825,2.157));
#6920 = DIRECTION('',(-1.,-4.440892098501E-16,0.));
#6921 = DIRECTION('',(4.440892098501E-16,-1.,0.));
#6922 = ADVANCED_FACE('',(#6923),#6947,.T.);
#6923 = FACE_BOUND('',#6924,.T.);
#6924 = EDGE_LOOP('',(#6925,#6933,#6934,#6941));
#6925 = ORIENTED_EDGE('',*,*,#6926,.T.);
#6926 = EDGE_CURVE('',#6927,#6507,#6929,.T.);
#6927 = VERTEX_POINT('',#6928);
#6928 = CARTESIAN_POINT('',(0.635,-7.8485,2.157));
#6929 = LINE('',#6930,#6931);
#6930 = CARTESIAN_POINT('',(0.635,-7.8485,1.9665));
#6931 = VECTOR('',#6932,1.);
#6932 = DIRECTION('',(0.,0.,-1.));
#6933 = ORIENTED_EDGE('',*,*,#6506,.T.);
#6934 = ORIENTED_EDGE('',*,*,#6935,.T.);
#6935 = EDGE_CURVE('',#6500,#6936,#6938,.T.);
#6936 = VERTEX_POINT('',#6937);
#6937 = CARTESIAN_POINT('',(0.635,-8.445,2.157));
#6938 = B_SPLINE_CURVE_WITH_KNOTS('',1,(#6939,#6940),.UNSPECIFIED.,.F.,
  .F.,(2,2),(0.,1.),.PIECEWISE_BEZIER_KNOTS.);
#6939 = CARTESIAN_POINT('',(0.635,-8.445,1.903));
#6940 = CARTESIAN_POINT('',(0.635,-8.445,2.157));
#6941 = ORIENTED_EDGE('',*,*,#6942,.F.);
#6942 = EDGE_CURVE('',#6927,#6936,#6943,.T.);
#6943 = LINE('',#6944,#6945);
#6944 = CARTESIAN_POINT('',(0.635,0.825,2.157));
#6945 = VECTOR('',#6946,1.);
#6946 = DIRECTION('',(4.440892098501E-16,-1.,0.));
#6947 = PLANE('',#6948);
#6948 = AXIS2_PLACEMENT_3D('',#6949,#6950,#6951);
#6949 = CARTESIAN_POINT('',(0.635,0.825,2.157));
#6950 = DIRECTION('',(-1.,-4.440892098501E-16,0.));
#6951 = DIRECTION('',(4.440892098501E-16,-1.,0.));
#6952 = ADVANCED_FACE('',(#6953),#6978,.F.);
#6953 = FACE_BOUND('',#6954,.F.);
#6954 = EDGE_LOOP('',(#6955,#6963,#6971,#6977));
#6955 = ORIENTED_EDGE('',*,*,#6956,.F.);
#6956 = EDGE_CURVE('',#6957,#6563,#6959,.T.);
#6957 = VERTEX_POINT('',#6958);
#6958 = CARTESIAN_POINT('',(0.254,0.2285,1.903));
#6959 = LINE('',#6960,#6961);
#6960 = CARTESIAN_POINT('',(-0.127,0.2285,1.903));
#6961 = VECTOR('',#6962,1.);
#6962 = DIRECTION('',(1.,4.440892098501E-16,0.));
#6963 = ORIENTED_EDGE('',*,*,#6964,.T.);
#6964 = EDGE_CURVE('',#6957,#6965,#6967,.T.);
#6965 = VERTEX_POINT('',#6966);
#6966 = CARTESIAN_POINT('',(0.254,-0.762,1.903));
#6967 = LINE('',#6968,#6969);
#6968 = CARTESIAN_POINT('',(0.254,0.2285,1.903));
#6969 = VECTOR('',#6970,1.);
#6970 = DIRECTION('',(4.440892098501E-16,-1.,0.));
#6971 = ORIENTED_EDGE('',*,*,#6972,.F.);
#6972 = EDGE_CURVE('',#6555,#6965,#6973,.T.);
#6973 = LINE('',#6974,#6975);
#6974 = CARTESIAN_POINT('',(3.81,-0.762,1.903));
#6975 = VECTOR('',#6976,1.);
#6976 = DIRECTION('',(-1.,-4.440892098501E-16,0.));
#6977 = ORIENTED_EDGE('',*,*,#6562,.F.);
#6978 = PLANE('',#6979);
#6979 = AXIS2_PLACEMENT_3D('',#6980,#6981,#6982);
#6980 = CARTESIAN_POINT('',(0.254,0.2285,1.903));
#6981 = DIRECTION('',(0.,0.,1.));
#6982 = DIRECTION('',(-4.440892098501E-16,1.,0.));
#6983 = ADVANCED_FACE('',(#6984),#7009,.F.);
#6984 = FACE_BOUND('',#6985,.F.);
#6985 = EDGE_LOOP('',(#6986,#6994,#7002,#7008));
#6986 = ORIENTED_EDGE('',*,*,#6987,.F.);
#6987 = EDGE_CURVE('',#6988,#6515,#6990,.T.);
#6988 = VERTEX_POINT('',#6989);
#6989 = CARTESIAN_POINT('',(0.254,-6.858,1.903));
#6990 = LINE('',#6991,#6992);
#6991 = CARTESIAN_POINT('',(-0.127,-6.858,1.903));
#6992 = VECTOR('',#6993,1.);
#6993 = DIRECTION('',(1.,4.440892098501E-16,0.));
#6994 = ORIENTED_EDGE('',*,*,#6995,.F.);
#6995 = EDGE_CURVE('',#6996,#6988,#6998,.T.);
#6996 = VERTEX_POINT('',#6997);
#6997 = CARTESIAN_POINT('',(0.254,-7.8485,1.903));
#6998 = LINE('',#6999,#7000);
#6999 = CARTESIAN_POINT('',(0.254,-7.8485,1.903));
#7000 = VECTOR('',#7001,1.);
#7001 = DIRECTION('',(-4.440892098501E-16,1.,0.));
#7002 = ORIENTED_EDGE('',*,*,#7003,.F.);
#7003 = EDGE_CURVE('',#6507,#6996,#7004,.T.);
#7004 = LINE('',#7005,#7006);
#7005 = CARTESIAN_POINT('',(3.81,-7.8485,1.903));
#7006 = VECTOR('',#7007,1.);
#7007 = DIRECTION('',(-1.,-4.440892098501E-16,0.));
#7008 = ORIENTED_EDGE('',*,*,#6514,.F.);
#7009 = PLANE('',#7010);
#7010 = AXIS2_PLACEMENT_3D('',#7011,#7012,#7013);
#7011 = CARTESIAN_POINT('',(0.254,-6.858,1.903));
#7012 = DIRECTION('',(0.,0.,1.));
#7013 = DIRECTION('',(-4.440892098501E-16,1.,0.));
#7014 = ADVANCED_FACE('',(#7015),#7040,.T.);
#7015 = FACE_BOUND('',#7016,.T.);
#7016 = EDGE_LOOP('',(#7017,#7025,#7026,#7034));
#7017 = ORIENTED_EDGE('',*,*,#7018,.F.);
#7018 = EDGE_CURVE('',#6555,#7019,#7021,.T.);
#7019 = VERTEX_POINT('',#7020);
#7020 = CARTESIAN_POINT('',(0.635,-0.762,2.157));
#7021 = LINE('',#7022,#7023);
#7022 = CARTESIAN_POINT('',(0.635,-0.762,1.0785));
#7023 = VECTOR('',#7024,1.);
#7024 = DIRECTION('',(0.,0.,1.));
#7025 = ORIENTED_EDGE('',*,*,#6554,.T.);
#7026 = ORIENTED_EDGE('',*,*,#7027,.F.);
#7027 = EDGE_CURVE('',#7028,#6547,#7030,.T.);
#7028 = VERTEX_POINT('',#7029);
#7029 = CARTESIAN_POINT('',(0.635,-1.778,2.157));
#7030 = LINE('',#7031,#7032);
#7031 = CARTESIAN_POINT('',(0.635,-1.778,2.157));
#7032 = VECTOR('',#7033,1.);
#7033 = DIRECTION('',(0.,0.,-1.));
#7034 = ORIENTED_EDGE('',*,*,#7035,.F.);
#7035 = EDGE_CURVE('',#7019,#7028,#7036,.T.);
#7036 = LINE('',#7037,#7038);
#7037 = CARTESIAN_POINT('',(0.635,0.825,2.157));
#7038 = VECTOR('',#7039,1.);
#7039 = DIRECTION('',(4.440892098501E-16,-1.,0.));
#7040 = PLANE('',#7041);
#7041 = AXIS2_PLACEMENT_3D('',#7042,#7043,#7044);
#7042 = CARTESIAN_POINT('',(0.635,0.825,2.157));
#7043 = DIRECTION('',(-1.,-4.440892098501E-16,0.));
#7044 = DIRECTION('',(4.440892098501E-16,-1.,0.));
#7045 = ADVANCED_FACE('',(#7046),#7071,.T.);
#7046 = FACE_BOUND('',#7047,.T.);
#7047 = EDGE_LOOP('',(#7048,#7056,#7057,#7065));
#7048 = ORIENTED_EDGE('',*,*,#7049,.T.);
#7049 = EDGE_CURVE('',#7050,#6523,#7052,.T.);
#7050 = VERTEX_POINT('',#7051);
#7051 = CARTESIAN_POINT('',(0.635,-5.842,2.157));
#7052 = LINE('',#7053,#7054);
#7053 = CARTESIAN_POINT('',(0.635,-5.842,2.157));
#7054 = VECTOR('',#7055,1.);
#7055 = DIRECTION('',(0.,0.,-1.));
#7056 = ORIENTED_EDGE('',*,*,#6522,.T.);
#7057 = ORIENTED_EDGE('',*,*,#7058,.T.);
#7058 = EDGE_CURVE('',#6515,#7059,#7061,.T.);
#7059 = VERTEX_POINT('',#7060);
#7060 = CARTESIAN_POINT('',(0.635,-6.858,2.157));
#7061 = LINE('',#7062,#7063);
#7062 = CARTESIAN_POINT('',(0.635,-6.858,2.157));
#7063 = VECTOR('',#7064,1.);
#7064 = DIRECTION('',(0.,0.,1.));
#7065 = ORIENTED_EDGE('',*,*,#7066,.F.);
#7066 = EDGE_CURVE('',#7050,#7059,#7067,.T.);
#7067 = LINE('',#7068,#7069);
#7068 = CARTESIAN_POINT('',(0.635,0.825,2.157));
#7069 = VECTOR('',#7070,1.);
#7070 = DIRECTION('',(4.440892098501E-16,-1.,0.));
#7071 = PLANE('',#7072);
#7072 = AXIS2_PLACEMENT_3D('',#7073,#7074,#7075);
#7073 = CARTESIAN_POINT('',(0.635,0.825,2.157));
#7074 = DIRECTION('',(-1.,-4.440892098501E-16,0.));
#7075 = DIRECTION('',(4.440892098501E-16,-1.,0.));
#7076 = ADVANCED_FACE('',(#7077),#7102,.F.);
#7077 = FACE_BOUND('',#7078,.F.);
#7078 = EDGE_LOOP('',(#7079,#7087,#7095,#7101));
#7079 = ORIENTED_EDGE('',*,*,#7080,.F.);
#7080 = EDGE_CURVE('',#7081,#6547,#7083,.T.);
#7081 = VERTEX_POINT('',#7082);
#7082 = CARTESIAN_POINT('',(0.254,-1.778,1.903));
#7083 = LINE('',#7084,#7085);
#7084 = CARTESIAN_POINT('',(-2.442490654175E-15,-1.778,1.903));
#7085 = VECTOR('',#7086,1.);
#7086 = DIRECTION('',(1.,4.440892098501E-16,0.));
#7087 = ORIENTED_EDGE('',*,*,#7088,.T.);
#7088 = EDGE_CURVE('',#7081,#7089,#7091,.T.);
#7089 = VERTEX_POINT('',#7090);
#7090 = CARTESIAN_POINT('',(0.254,-3.302,1.903));
#7091 = LINE('',#7092,#7093);
#7092 = CARTESIAN_POINT('',(0.254,-1.778,1.903));
#7093 = VECTOR('',#7094,1.);
#7094 = DIRECTION('',(4.440892098501E-16,-1.,0.));
#7095 = ORIENTED_EDGE('',*,*,#7096,.F.);
#7096 = EDGE_CURVE('',#6539,#7089,#7097,.T.);
#7097 = LINE('',#7098,#7099);
#7098 = CARTESIAN_POINT('',(3.937,-3.302,1.903));
#7099 = VECTOR('',#7100,1.);
#7100 = DIRECTION('',(-1.,-4.440892098501E-16,0.));
#7101 = ORIENTED_EDGE('',*,*,#6546,.F.);
#7102 = PLANE('',#7103);
#7103 = AXIS2_PLACEMENT_3D('',#7104,#7105,#7106);
#7104 = CARTESIAN_POINT('',(0.254,-1.778,1.903));
#7105 = DIRECTION('',(0.,0.,1.));
#7106 = DIRECTION('',(-4.440892098501E-16,1.,0.));
#7107 = ADVANCED_FACE('',(#7108),#7133,.F.);
#7108 = FACE_BOUND('',#7109,.F.);
#7109 = EDGE_LOOP('',(#7110,#7118,#7126,#7132));
#7110 = ORIENTED_EDGE('',*,*,#7111,.F.);
#7111 = EDGE_CURVE('',#7112,#6531,#7114,.T.);
#7112 = VERTEX_POINT('',#7113);
#7113 = CARTESIAN_POINT('',(0.254,-4.318,1.903));
#7114 = LINE('',#7115,#7116);
#7115 = CARTESIAN_POINT('',(-1.110223024625E-15,-4.318,1.903));
#7116 = VECTOR('',#7117,1.);
#7117 = DIRECTION('',(1.,4.440892098501E-16,0.));
#7118 = ORIENTED_EDGE('',*,*,#7119,.T.);
#7119 = EDGE_CURVE('',#7112,#7120,#7122,.T.);
#7120 = VERTEX_POINT('',#7121);
#7121 = CARTESIAN_POINT('',(0.254,-5.842,1.903));
#7122 = LINE('',#7123,#7124);
#7123 = CARTESIAN_POINT('',(0.254,-4.318,1.903));
#7124 = VECTOR('',#7125,1.);
#7125 = DIRECTION('',(4.440892098501E-16,-1.,0.));
#7126 = ORIENTED_EDGE('',*,*,#7127,.F.);
#7127 = EDGE_CURVE('',#6523,#7120,#7128,.T.);
#7128 = LINE('',#7129,#7130);
#7129 = CARTESIAN_POINT('',(3.937,-5.842,1.903));
#7130 = VECTOR('',#7131,1.);
#7131 = DIRECTION('',(-1.,-4.440892098501E-16,0.));
#7132 = ORIENTED_EDGE('',*,*,#6530,.F.);
#7133 = PLANE('',#7134);
#7134 = AXIS2_PLACEMENT_3D('',#7135,#7136,#7137);
#7135 = CARTESIAN_POINT('',(0.254,-4.318,1.903));
#7136 = DIRECTION('',(0.,0.,1.));
#7137 = DIRECTION('',(-4.440892098501E-16,1.,0.));
#7138 = ADVANCED_FACE('',(#7139),#7164,.T.);
#7139 = FACE_BOUND('',#7140,.T.);
#7140 = EDGE_LOOP('',(#7141,#7149,#7150,#7158));
#7141 = ORIENTED_EDGE('',*,*,#7142,.T.);
#7142 = EDGE_CURVE('',#7143,#6539,#7145,.T.);
#7143 = VERTEX_POINT('',#7144);
#7144 = CARTESIAN_POINT('',(0.635,-3.302,2.157));
#7145 = LINE('',#7146,#7147);
#7146 = CARTESIAN_POINT('',(0.635,-3.302,2.157));
#7147 = VECTOR('',#7148,1.);
#7148 = DIRECTION('',(0.,0.,-1.));
#7149 = ORIENTED_EDGE('',*,*,#6538,.T.);
#7150 = ORIENTED_EDGE('',*,*,#7151,.F.);
#7151 = EDGE_CURVE('',#7152,#6531,#7154,.T.);
#7152 = VERTEX_POINT('',#7153);
#7153 = CARTESIAN_POINT('',(0.635,-4.318,2.157));
#7154 = LINE('',#7155,#7156);
#7155 = CARTESIAN_POINT('',(0.635,-4.318,2.157));
#7156 = VECTOR('',#7157,1.);
#7157 = DIRECTION('',(0.,0.,-1.));
#7158 = ORIENTED_EDGE('',*,*,#7159,.F.);
#7159 = EDGE_CURVE('',#7143,#7152,#7160,.T.);
#7160 = LINE('',#7161,#7162);
#7161 = CARTESIAN_POINT('',(0.635,0.825,2.157));
#7162 = VECTOR('',#7163,1.);
#7163 = DIRECTION('',(4.440892098501E-16,-1.,0.));
#7164 = PLANE('',#7165);
#7165 = AXIS2_PLACEMENT_3D('',#7166,#7167,#7168);
#7166 = CARTESIAN_POINT('',(0.635,0.825,2.157));
#7167 = DIRECTION('',(-1.,-4.440892098501E-16,0.));
#7168 = DIRECTION('',(4.440892098501E-16,-1.,0.));
#7169 = ADVANCED_FACE('',(#7170),#7181,.T.);
#7170 = FACE_BOUND('',#7171,.T.);
#7171 = EDGE_LOOP('',(#7172,#7173,#7174,#7180));
#7172 = ORIENTED_EDGE('',*,*,#6587,.T.);
#7173 = ORIENTED_EDGE('',*,*,#6602,.T.);
#7174 = ORIENTED_EDGE('',*,*,#7175,.F.);
#7175 = EDGE_CURVE('',#6936,#6603,#7176,.T.);
#7176 = LINE('',#7177,#7178);
#7177 = CARTESIAN_POINT('',(0.635,-8.445,2.157));
#7178 = VECTOR('',#7179,1.);
#7179 = DIRECTION('',(1.,4.440892098501E-16,0.));
#7180 = ORIENTED_EDGE('',*,*,#6935,.F.);
#7181 = PLANE('',#7182);
#7182 = AXIS2_PLACEMENT_3D('',#7183,#7184,#7185);
#7183 = CARTESIAN_POINT('',(0.635,-8.445,2.157));
#7184 = DIRECTION('',(4.440892098501E-16,-1.,0.));
#7185 = DIRECTION('',(1.,4.440892098501E-16,0.));
#7186 = ADVANCED_FACE('',(#7187),#7211,.T.);
#7187 = FACE_BOUND('',#7188,.T.);
#7188 = EDGE_LOOP('',(#7189,#7196,#7197,#7205));
#7189 = ORIENTED_EDGE('',*,*,#7190,.F.);
#7190 = EDGE_CURVE('',#6603,#7191,#7193,.T.);
#7191 = VERTEX_POINT('',#7192);
#7192 = CARTESIAN_POINT('',(6.91,-8.37,2.157));
#7193 = B_SPLINE_CURVE_WITH_KNOTS('',1,(#7194,#7195),.UNSPECIFIED.,.F.,
  .F.,(2,2),(0.,1.),.PIECEWISE_BEZIER_KNOTS.);
#7194 = CARTESIAN_POINT('',(6.985,-8.445,2.157));
#7195 = CARTESIAN_POINT('',(6.91,-8.37,2.157));
#7196 = ORIENTED_EDGE('',*,*,#6618,.T.);
#7197 = ORIENTED_EDGE('',*,*,#7198,.T.);
#7198 = EDGE_CURVE('',#6611,#7199,#7201,.T.);
#7199 = VERTEX_POINT('',#7200);
#7200 = CARTESIAN_POINT('',(6.91,-7.8485,2.157));
#7201 = LINE('',#7202,#7203);
#7202 = CARTESIAN_POINT('',(7.747,-7.8485,2.157));
#7203 = VECTOR('',#7204,1.);
#7204 = DIRECTION('',(-1.,-3.216245299353E-16,0.));
#7205 = ORIENTED_EDGE('',*,*,#7206,.F.);
#7206 = EDGE_CURVE('',#7191,#7199,#7207,.T.);
#7207 = LINE('',#7208,#7209);
#7208 = CARTESIAN_POINT('',(6.91,-8.37,2.157));
#7209 = VECTOR('',#7210,1.);
#7210 = DIRECTION('',(-4.440892098501E-16,1.,0.));
#7211 = B_SPLINE_SURFACE_WITH_KNOTS('',1,1,(
    (#7212,#7213)
    ,(#7214,#7215
    )),.UNSPECIFIED.,.F.,.F.,.F.,(2,2),(2,2),(0.,9.27),(0.,1.),
  .PIECEWISE_BEZIER_KNOTS.);
#7212 = CARTESIAN_POINT('',(6.985,-8.445,2.157));
#7213 = CARTESIAN_POINT('',(6.91,-8.37,2.157));
#7214 = CARTESIAN_POINT('',(6.985,0.825,2.157));
#7215 = CARTESIAN_POINT('',(6.91,0.75,2.157));
#7216 = ADVANCED_FACE('',(#7217),#7269,.F.);
#7217 = FACE_BOUND('',#7218,.F.);
#7218 = EDGE_LOOP('',(#7219,#7220,#7221,#7229,#7238,#7246,#7254,#7262));
#7219 = ORIENTED_EDGE('',*,*,#6671,.T.);
#7220 = ORIENTED_EDGE('',*,*,#6610,.T.);
#7221 = ORIENTED_EDGE('',*,*,#7222,.F.);
#7222 = EDGE_CURVE('',#7223,#6611,#7225,.T.);
#7223 = VERTEX_POINT('',#7224);
#7224 = CARTESIAN_POINT('',(7.366,-7.8485,2.157));
#7225 = LINE('',#7226,#7227);
#7226 = CARTESIAN_POINT('',(7.747,-7.8485,2.157));
#7227 = VECTOR('',#7228,1.);
#7228 = DIRECTION('',(-1.,-3.216245299353E-16,0.));
#7229 = ORIENTED_EDGE('',*,*,#7230,.T.);
#7230 = EDGE_CURVE('',#7223,#7231,#7233,.T.);
#7231 = VERTEX_POINT('',#7232);
#7232 = CARTESIAN_POINT('',(7.747,-7.8485,1.776));
#7233 = CIRCLE('',#7234,0.381);
#7234 = AXIS2_PLACEMENT_3D('',#7235,#7236,#7237);
#7235 = CARTESIAN_POINT('',(7.366,-7.8485,1.776));
#7236 = DIRECTION('',(-3.216245299353E-16,1.,0.));
#7237 = DIRECTION('',(0.,0.,1.));
#7238 = ORIENTED_EDGE('',*,*,#7239,.T.);
#7239 = EDGE_CURVE('',#7231,#7240,#7242,.T.);
#7240 = VERTEX_POINT('',#7241);
#7241 = CARTESIAN_POINT('',(7.747,-7.8485,-2.843));
#7242 = LINE('',#7243,#7244);
#7243 = CARTESIAN_POINT('',(7.747,-7.8485,2.157));
#7244 = VECTOR('',#7245,1.);
#7245 = DIRECTION('',(0.,0.,-1.));
#7246 = ORIENTED_EDGE('',*,*,#7247,.T.);
#7247 = EDGE_CURVE('',#7240,#7248,#7250,.T.);
#7248 = VERTEX_POINT('',#7249);
#7249 = CARTESIAN_POINT('',(7.493,-7.8485,-2.843));
#7250 = LINE('',#7251,#7252);
#7251 = CARTESIAN_POINT('',(7.747,-7.8485,-2.843));
#7252 = VECTOR('',#7253,1.);
#7253 = DIRECTION('',(-1.,-3.216245299353E-16,0.));
#7254 = ORIENTED_EDGE('',*,*,#7255,.F.);
#7255 = EDGE_CURVE('',#7256,#7248,#7258,.T.);
#7256 = VERTEX_POINT('',#7257);
#7257 = CARTESIAN_POINT('',(7.493,-7.8485,1.776));
#7258 = LINE('',#7259,#7260);
#7259 = CARTESIAN_POINT('',(7.493,-7.8485,2.157));
#7260 = VECTOR('',#7261,1.);
#7261 = DIRECTION('',(0.,0.,-1.));
#7262 = ORIENTED_EDGE('',*,*,#7263,.T.);
#7263 = EDGE_CURVE('',#7256,#6672,#7264,.T.);
#7264 = CIRCLE('',#7265,0.127);
#7265 = AXIS2_PLACEMENT_3D('',#7266,#7267,#7268);
#7266 = CARTESIAN_POINT('',(7.366,-7.8485,1.776));
#7267 = DIRECTION('',(3.216245299353E-16,-1.,0.));
#7268 = DIRECTION('',(0.,0.,-1.));
#7269 = PLANE('',#7270);
#7270 = AXIS2_PLACEMENT_3D('',#7271,#7272,#7273);
#7271 = CARTESIAN_POINT('',(-0.127,-7.8485,1.776));
#7272 = DIRECTION('',(-4.440892098501E-16,1.,0.));
#7273 = DIRECTION('',(0.,0.,1.));
#7274 = ADVANCED_FACE('',(#7275),#7327,.F.);
#7275 = FACE_BOUND('',#7276,.F.);
#7276 = EDGE_LOOP('',(#7277,#7278,#7279,#7288,#7296,#7304,#7312,#7321));
#7277 = ORIENTED_EDGE('',*,*,#6632,.T.);
#7278 = ORIENTED_EDGE('',*,*,#6693,.T.);
#7279 = ORIENTED_EDGE('',*,*,#7280,.F.);
#7280 = EDGE_CURVE('',#7281,#6694,#7283,.T.);
#7281 = VERTEX_POINT('',#7282);
#7282 = CARTESIAN_POINT('',(7.493,0.2285,1.776));
#7283 = CIRCLE('',#7284,0.127);
#7284 = AXIS2_PLACEMENT_3D('',#7285,#7286,#7287);
#7285 = CARTESIAN_POINT('',(7.366,0.2285,1.776));
#7286 = DIRECTION('',(3.216245299353E-16,-1.,0.));
#7287 = DIRECTION('',(0.,0.,1.));
#7288 = ORIENTED_EDGE('',*,*,#7289,.T.);
#7289 = EDGE_CURVE('',#7281,#7290,#7292,.T.);
#7290 = VERTEX_POINT('',#7291);
#7291 = CARTESIAN_POINT('',(7.493,0.2285,-2.843));
#7292 = LINE('',#7293,#7294);
#7293 = CARTESIAN_POINT('',(7.493,0.2285,2.157));
#7294 = VECTOR('',#7295,1.);
#7295 = DIRECTION('',(0.,0.,-1.));
#7296 = ORIENTED_EDGE('',*,*,#7297,.F.);
#7297 = EDGE_CURVE('',#7298,#7290,#7300,.T.);
#7298 = VERTEX_POINT('',#7299);
#7299 = CARTESIAN_POINT('',(7.747,0.2285,-2.843));
#7300 = LINE('',#7301,#7302);
#7301 = CARTESIAN_POINT('',(7.747,0.2285,-2.843));
#7302 = VECTOR('',#7303,1.);
#7303 = DIRECTION('',(-1.,-3.216245299353E-16,0.));
#7304 = ORIENTED_EDGE('',*,*,#7305,.F.);
#7305 = EDGE_CURVE('',#7306,#7298,#7308,.T.);
#7306 = VERTEX_POINT('',#7307);
#7307 = CARTESIAN_POINT('',(7.747,0.2285,1.776));
#7308 = LINE('',#7309,#7310);
#7309 = CARTESIAN_POINT('',(7.747,0.2285,2.157));
#7310 = VECTOR('',#7311,1.);
#7311 = DIRECTION('',(0.,0.,-1.));
#7312 = ORIENTED_EDGE('',*,*,#7313,.T.);
#7313 = EDGE_CURVE('',#7306,#7314,#7316,.T.);
#7314 = VERTEX_POINT('',#7315);
#7315 = CARTESIAN_POINT('',(7.366,0.2285,2.157));
#7316 = CIRCLE('',#7317,0.381);
#7317 = AXIS2_PLACEMENT_3D('',#7318,#7319,#7320);
#7318 = CARTESIAN_POINT('',(7.366,0.2285,1.776));
#7319 = DIRECTION('',(3.216245299353E-16,-1.,0.));
#7320 = DIRECTION('',(0.,0.,1.));
#7321 = ORIENTED_EDGE('',*,*,#7322,.F.);
#7322 = EDGE_CURVE('',#6633,#7314,#7323,.T.);
#7323 = LINE('',#7324,#7325);
#7324 = CARTESIAN_POINT('',(3.81,0.2285,2.157));
#7325 = VECTOR('',#7326,1.);
#7326 = DIRECTION('',(1.,3.216245299353E-16,0.));
#7327 = PLANE('',#7328);
#7328 = AXIS2_PLACEMENT_3D('',#7329,#7330,#7331);
#7329 = CARTESIAN_POINT('',(0.254,0.2285,2.157));
#7330 = DIRECTION('',(4.440892098501E-16,-1.,2.331176954594E-15));
#7331 = DIRECTION('',(1.035250531786E-30,-2.331176954594E-15,-1.));
#7332 = ADVANCED_FACE('',(#7333),#7357,.T.);
#7333 = FACE_BOUND('',#7334,.T.);
#7334 = EDGE_LOOP('',(#7335,#7343,#7344,#7351));
#7335 = ORIENTED_EDGE('',*,*,#7336,.T.);
#7336 = EDGE_CURVE('',#7337,#6633,#7339,.T.);
#7337 = VERTEX_POINT('',#7338);
#7338 = CARTESIAN_POINT('',(6.91,0.2285,2.157));
#7339 = LINE('',#7340,#7341);
#7340 = CARTESIAN_POINT('',(3.81,0.2285,2.157));
#7341 = VECTOR('',#7342,1.);
#7342 = DIRECTION('',(1.,3.216245299353E-16,0.));
#7343 = ORIENTED_EDGE('',*,*,#6648,.T.);
#7344 = ORIENTED_EDGE('',*,*,#7345,.T.);
#7345 = EDGE_CURVE('',#6642,#7346,#7348,.T.);
#7346 = VERTEX_POINT('',#7347);
#7347 = CARTESIAN_POINT('',(6.91,0.75,2.157));
#7348 = B_SPLINE_CURVE_WITH_KNOTS('',1,(#7349,#7350),.UNSPECIFIED.,.F.,
  .F.,(2,2),(0.,1.),.PIECEWISE_BEZIER_KNOTS.);
#7349 = CARTESIAN_POINT('',(6.985,0.825,2.157));
#7350 = CARTESIAN_POINT('',(6.91,0.75,2.157));
#7351 = ORIENTED_EDGE('',*,*,#7352,.F.);
#7352 = EDGE_CURVE('',#7337,#7346,#7353,.T.);
#7353 = LINE('',#7354,#7355);
#7354 = CARTESIAN_POINT('',(6.91,-8.37,2.157));
#7355 = VECTOR('',#7356,1.);
#7356 = DIRECTION('',(-4.440892098501E-16,1.,0.));
#7357 = B_SPLINE_SURFACE_WITH_KNOTS('',1,1,(
    (#7358,#7359)
    ,(#7360,#7361
    )),.UNSPECIFIED.,.F.,.F.,.F.,(2,2),(2,2),(0.,9.27),(0.,1.),
  .PIECEWISE_BEZIER_KNOTS.);
#7358 = CARTESIAN_POINT('',(6.985,-8.445,2.157));
#7359 = CARTESIAN_POINT('',(6.91,-8.37,2.157));
#7360 = CARTESIAN_POINT('',(6.985,0.825,2.157));
#7361 = CARTESIAN_POINT('',(6.91,0.75,2.157));
#7362 = ADVANCED_FACE('',(#7363),#7415,.F.);
#7363 = FACE_BOUND('',#7364,.F.);
#7364 = EDGE_LOOP('',(#7365,#7366,#7367,#7376,#7384,#7392,#7400,#7409));
#7365 = ORIENTED_EDGE('',*,*,#6724,.T.);
#7366 = ORIENTED_EDGE('',*,*,#6662,.T.);
#7367 = ORIENTED_EDGE('',*,*,#7368,.F.);
#7368 = EDGE_CURVE('',#7369,#6663,#7371,.T.);
#7369 = VERTEX_POINT('',#7370);
#7370 = CARTESIAN_POINT('',(7.493,-6.858,1.776));
#7371 = CIRCLE('',#7372,0.127);
#7372 = AXIS2_PLACEMENT_3D('',#7373,#7374,#7375);
#7373 = CARTESIAN_POINT('',(7.366,-6.858,1.776));
#7374 = DIRECTION('',(3.216245299353E-16,-1.,0.));
#7375 = DIRECTION('',(0.,0.,-1.));
#7376 = ORIENTED_EDGE('',*,*,#7377,.F.);
#7377 = EDGE_CURVE('',#7378,#7369,#7380,.T.);
#7378 = VERTEX_POINT('',#7379);
#7379 = CARTESIAN_POINT('',(7.493,-6.858,0.));
#7380 = LINE('',#7381,#7382);
#7381 = CARTESIAN_POINT('',(7.493,-6.858,0.));
#7382 = VECTOR('',#7383,1.);
#7383 = DIRECTION('',(0.,0.,1.));
#7384 = ORIENTED_EDGE('',*,*,#7385,.F.);
#7385 = EDGE_CURVE('',#7386,#7378,#7388,.T.);
#7386 = VERTEX_POINT('',#7387);
#7387 = CARTESIAN_POINT('',(7.747,-6.858,0.));
#7388 = LINE('',#7389,#7390);
#7389 = CARTESIAN_POINT('',(7.747,-6.858,0.));
#7390 = VECTOR('',#7391,1.);
#7391 = DIRECTION('',(-1.,-3.216245299353E-16,0.));
#7392 = ORIENTED_EDGE('',*,*,#7393,.T.);
#7393 = EDGE_CURVE('',#7386,#7394,#7396,.T.);
#7394 = VERTEX_POINT('',#7395);
#7395 = CARTESIAN_POINT('',(7.747,-6.858,1.776));
#7396 = LINE('',#7397,#7398);
#7397 = CARTESIAN_POINT('',(7.747,-6.858,0.));
#7398 = VECTOR('',#7399,1.);
#7399 = DIRECTION('',(0.,0.,1.));
#7400 = ORIENTED_EDGE('',*,*,#7401,.F.);
#7401 = EDGE_CURVE('',#7402,#7394,#7404,.T.);
#7402 = VERTEX_POINT('',#7403);
#7403 = CARTESIAN_POINT('',(7.366,-6.858,2.157));
#7404 = CIRCLE('',#7405,0.381);
#7405 = AXIS2_PLACEMENT_3D('',#7406,#7407,#7408);
#7406 = CARTESIAN_POINT('',(7.366,-6.858,1.776));
#7407 = DIRECTION('',(-3.216245299353E-16,1.,0.));
#7408 = DIRECTION('',(0.,0.,1.));
#7409 = ORIENTED_EDGE('',*,*,#7410,.F.);
#7410 = EDGE_CURVE('',#6725,#7402,#7411,.T.);
#7411 = LINE('',#7412,#7413);
#7412 = CARTESIAN_POINT('',(3.81,-6.858,2.157));
#7413 = VECTOR('',#7414,1.);
#7414 = DIRECTION('',(1.,3.216245299353E-16,0.));
#7415 = PLANE('',#7416);
#7416 = AXIS2_PLACEMENT_3D('',#7417,#7418,#7419);
#7417 = CARTESIAN_POINT('',(0.254,-6.858,2.157));
#7418 = DIRECTION('',(4.440892098501E-16,-1.,0.));
#7419 = DIRECTION('',(0.,-0.,-1.));
#7420 = ADVANCED_FACE('',(#7421),#7432,.F.);
#7421 = FACE_BOUND('',#7422,.F.);
#7422 = EDGE_LOOP('',(#7423,#7429,#7430,#7431));
#7423 = ORIENTED_EDGE('',*,*,#7424,.T.);
#7424 = EDGE_CURVE('',#7256,#7369,#7425,.T.);
#7425 = LINE('',#7426,#7427);
#7426 = CARTESIAN_POINT('',(7.493,-7.8485,1.776));
#7427 = VECTOR('',#7428,1.);
#7428 = DIRECTION('',(-3.216245299353E-16,1.,0.));
#7429 = ORIENTED_EDGE('',*,*,#7368,.T.);
#7430 = ORIENTED_EDGE('',*,*,#6679,.F.);
#7431 = ORIENTED_EDGE('',*,*,#7263,.F.);
#7432 = CYLINDRICAL_SURFACE('',#7433,0.127);
#7433 = AXIS2_PLACEMENT_3D('',#7434,#7435,#7436);
#7434 = CARTESIAN_POINT('',(7.366,-7.8485,1.776));
#7435 = DIRECTION('',(-3.216245299353E-16,1.,0.));
#7436 = DIRECTION('',(1.,3.216245299353E-16,0.));
#7437 = ADVANCED_FACE('',(#7438),#7457,.F.);
#7438 = FACE_BOUND('',#7439,.F.);
#7439 = EDGE_LOOP('',(#7440,#7441,#7442,#7451));
#7440 = ORIENTED_EDGE('',*,*,#7280,.T.);
#7441 = ORIENTED_EDGE('',*,*,#6710,.T.);
#7442 = ORIENTED_EDGE('',*,*,#7443,.F.);
#7443 = EDGE_CURVE('',#7444,#6703,#7446,.T.);
#7444 = VERTEX_POINT('',#7445);
#7445 = CARTESIAN_POINT('',(7.493,-0.762,1.776));
#7446 = CIRCLE('',#7447,0.127);
#7447 = AXIS2_PLACEMENT_3D('',#7448,#7449,#7450);
#7448 = CARTESIAN_POINT('',(7.366,-0.762,1.776));
#7449 = DIRECTION('',(3.216245299353E-16,-1.,0.));
#7450 = DIRECTION('',(0.,0.,1.));
#7451 = ORIENTED_EDGE('',*,*,#7452,.F.);
#7452 = EDGE_CURVE('',#7281,#7444,#7453,.T.);
#7453 = LINE('',#7454,#7455);
#7454 = CARTESIAN_POINT('',(7.493,0.2285,1.776));
#7455 = VECTOR('',#7456,1.);
#7456 = DIRECTION('',(3.216245299353E-16,-1.,0.));
#7457 = CYLINDRICAL_SURFACE('',#7458,0.127);
#7458 = AXIS2_PLACEMENT_3D('',#7459,#7460,#7461);
#7459 = CARTESIAN_POINT('',(7.366,0.2285,1.776));
#7460 = DIRECTION('',(3.216245299353E-16,-1.,0.));
#7461 = DIRECTION('',(1.,3.216245299353E-16,0.));
#7462 = ADVANCED_FACE('',(#7463),#7507,.T.);
#7463 = FACE_BOUND('',#7464,.T.);
#7464 = EDGE_LOOP('',(#7465,#7466,#7467,#7468,#7476,#7484,#7492,#7501));
#7465 = ORIENTED_EDGE('',*,*,#6764,.T.);
#7466 = ORIENTED_EDGE('',*,*,#6702,.F.);
#7467 = ORIENTED_EDGE('',*,*,#7443,.F.);
#7468 = ORIENTED_EDGE('',*,*,#7469,.F.);
#7469 = EDGE_CURVE('',#7470,#7444,#7472,.T.);
#7470 = VERTEX_POINT('',#7471);
#7471 = CARTESIAN_POINT('',(7.493,-0.762,0.));
#7472 = LINE('',#7473,#7474);
#7473 = CARTESIAN_POINT('',(7.493,-0.762,0.));
#7474 = VECTOR('',#7475,1.);
#7475 = DIRECTION('',(0.,0.,1.));
#7476 = ORIENTED_EDGE('',*,*,#7477,.F.);
#7477 = EDGE_CURVE('',#7478,#7470,#7480,.T.);
#7478 = VERTEX_POINT('',#7479);
#7479 = CARTESIAN_POINT('',(7.747,-0.762,0.));
#7480 = LINE('',#7481,#7482);
#7481 = CARTESIAN_POINT('',(7.747,-0.762,0.));
#7482 = VECTOR('',#7483,1.);
#7483 = DIRECTION('',(-1.,-3.216245299353E-16,0.));
#7484 = ORIENTED_EDGE('',*,*,#7485,.T.);
#7485 = EDGE_CURVE('',#7478,#7486,#7488,.T.);
#7486 = VERTEX_POINT('',#7487);
#7487 = CARTESIAN_POINT('',(7.747,-0.762,1.776));
#7488 = LINE('',#7489,#7490);
#7489 = CARTESIAN_POINT('',(7.747,-0.762,0.));
#7490 = VECTOR('',#7491,1.);
#7491 = DIRECTION('',(0.,0.,1.));
#7492 = ORIENTED_EDGE('',*,*,#7493,.T.);
#7493 = EDGE_CURVE('',#7486,#7494,#7496,.T.);
#7494 = VERTEX_POINT('',#7495);
#7495 = CARTESIAN_POINT('',(7.366,-0.762,2.157));
#7496 = CIRCLE('',#7497,0.381);
#7497 = AXIS2_PLACEMENT_3D('',#7498,#7499,#7500);
#7498 = CARTESIAN_POINT('',(7.366,-0.762,1.776));
#7499 = DIRECTION('',(3.216245299353E-16,-1.,0.));
#7500 = DIRECTION('',(0.,0.,1.));
#7501 = ORIENTED_EDGE('',*,*,#7502,.T.);
#7502 = EDGE_CURVE('',#7494,#6765,#7503,.T.);
#7503 = LINE('',#7504,#7505);
#7504 = CARTESIAN_POINT('',(7.747,-0.762,2.157));
#7505 = VECTOR('',#7506,1.);
#7506 = DIRECTION('',(-1.,-3.216245299353E-16,0.));
#7507 = PLANE('',#7508);
#7508 = AXIS2_PLACEMENT_3D('',#7509,#7510,#7511);
#7509 = CARTESIAN_POINT('',(-0.127,-0.762,0.));
#7510 = DIRECTION('',(4.440892098501E-16,-1.,0.));
#7511 = DIRECTION('',(0.,-0.,-1.));
#7512 = ADVANCED_FACE('',(#7513),#7538,.T.);
#7513 = FACE_BOUND('',#7514,.T.);
#7514 = EDGE_LOOP('',(#7515,#7523,#7524,#7532));
#7515 = ORIENTED_EDGE('',*,*,#7516,.T.);
#7516 = EDGE_CURVE('',#7517,#6725,#7519,.T.);
#7517 = VERTEX_POINT('',#7518);
#7518 = CARTESIAN_POINT('',(6.91,-6.858,2.157));
#7519 = LINE('',#7520,#7521);
#7520 = CARTESIAN_POINT('',(3.81,-6.858,2.157));
#7521 = VECTOR('',#7522,1.);
#7522 = DIRECTION('',(1.,3.216245299353E-16,0.));
#7523 = ORIENTED_EDGE('',*,*,#6741,.T.);
#7524 = ORIENTED_EDGE('',*,*,#7525,.T.);
#7525 = EDGE_CURVE('',#6734,#7526,#7528,.T.);
#7526 = VERTEX_POINT('',#7527);
#7527 = CARTESIAN_POINT('',(6.91,-5.842,2.157));
#7528 = LINE('',#7529,#7530);
#7529 = CARTESIAN_POINT('',(7.62,-5.842,2.157));
#7530 = VECTOR('',#7531,1.);
#7531 = DIRECTION('',(-1.,-3.216245299353E-16,0.));
#7532 = ORIENTED_EDGE('',*,*,#7533,.F.);
#7533 = EDGE_CURVE('',#7517,#7526,#7534,.T.);
#7534 = LINE('',#7535,#7536);
#7535 = CARTESIAN_POINT('',(6.91,-8.37,2.157));
#7536 = VECTOR('',#7537,1.);
#7537 = DIRECTION('',(-4.440892098501E-16,1.,0.));
#7538 = B_SPLINE_SURFACE_WITH_KNOTS('',1,1,(
    (#7539,#7540)
    ,(#7541,#7542
    )),.UNSPECIFIED.,.F.,.F.,.F.,(2,2),(2,2),(0.,9.27),(0.,1.),
  .PIECEWISE_BEZIER_KNOTS.);
#7539 = CARTESIAN_POINT('',(6.985,-8.445,2.157));
#7540 = CARTESIAN_POINT('',(6.91,-8.37,2.157));
#7541 = CARTESIAN_POINT('',(6.985,0.825,2.157));
#7542 = CARTESIAN_POINT('',(6.91,0.75,2.157));
#7543 = ADVANCED_FACE('',(#7544),#7596,.F.);
#7544 = FACE_BOUND('',#7545,.F.);
#7545 = EDGE_LOOP('',(#7546,#7547,#7548,#7556,#7565,#7573,#7581,#7589));
#7546 = ORIENTED_EDGE('',*,*,#6795,.T.);
#7547 = ORIENTED_EDGE('',*,*,#6733,.T.);
#7548 = ORIENTED_EDGE('',*,*,#7549,.F.);
#7549 = EDGE_CURVE('',#7550,#6734,#7552,.T.);
#7550 = VERTEX_POINT('',#7551);
#7551 = CARTESIAN_POINT('',(7.366,-5.842,2.157));
#7552 = LINE('',#7553,#7554);
#7553 = CARTESIAN_POINT('',(7.62,-5.842,2.157));
#7554 = VECTOR('',#7555,1.);
#7555 = DIRECTION('',(-1.,-3.216245299353E-16,0.));
#7556 = ORIENTED_EDGE('',*,*,#7557,.T.);
#7557 = EDGE_CURVE('',#7550,#7558,#7560,.T.);
#7558 = VERTEX_POINT('',#7559);
#7559 = CARTESIAN_POINT('',(7.747,-5.842,1.776));
#7560 = CIRCLE('',#7561,0.381);
#7561 = AXIS2_PLACEMENT_3D('',#7562,#7563,#7564);
#7562 = CARTESIAN_POINT('',(7.366,-5.842,1.776));
#7563 = DIRECTION('',(-3.216245299353E-16,1.,0.));
#7564 = DIRECTION('',(0.,0.,1.));
#7565 = ORIENTED_EDGE('',*,*,#7566,.T.);
#7566 = EDGE_CURVE('',#7558,#7567,#7569,.T.);
#7567 = VERTEX_POINT('',#7568);
#7568 = CARTESIAN_POINT('',(7.747,-5.842,0.));
#7569 = LINE('',#7570,#7571);
#7570 = CARTESIAN_POINT('',(7.747,-5.842,2.157));
#7571 = VECTOR('',#7572,1.);
#7572 = DIRECTION('',(0.,0.,-1.));
#7573 = ORIENTED_EDGE('',*,*,#7574,.T.);
#7574 = EDGE_CURVE('',#7567,#7575,#7577,.T.);
#7575 = VERTEX_POINT('',#7576);
#7576 = CARTESIAN_POINT('',(7.493,-5.842,0.));
#7577 = LINE('',#7578,#7579);
#7578 = CARTESIAN_POINT('',(7.747,-5.842,0.));
#7579 = VECTOR('',#7580,1.);
#7580 = DIRECTION('',(-1.,-3.216245299353E-16,0.));
#7581 = ORIENTED_EDGE('',*,*,#7582,.F.);
#7582 = EDGE_CURVE('',#7583,#7575,#7585,.T.);
#7583 = VERTEX_POINT('',#7584);
#7584 = CARTESIAN_POINT('',(7.493,-5.842,1.776));
#7585 = LINE('',#7586,#7587);
#7586 = CARTESIAN_POINT('',(7.493,-5.842,2.157));
#7587 = VECTOR('',#7588,1.);
#7588 = DIRECTION('',(0.,0.,-1.));
#7589 = ORIENTED_EDGE('',*,*,#7590,.T.);
#7590 = EDGE_CURVE('',#7583,#6796,#7591,.T.);
#7591 = CIRCLE('',#7592,0.127);
#7592 = AXIS2_PLACEMENT_3D('',#7593,#7594,#7595);
#7593 = CARTESIAN_POINT('',(7.366,-5.842,1.776));
#7594 = DIRECTION('',(3.216245299353E-16,-1.,0.));
#7595 = DIRECTION('',(0.,0.,-1.));
#7596 = PLANE('',#7597);
#7597 = AXIS2_PLACEMENT_3D('',#7598,#7599,#7600);
#7598 = CARTESIAN_POINT('',(0.254,-5.842,2.157));
#7599 = DIRECTION('',(-4.440892098501E-16,1.,0.));
#7600 = DIRECTION('',(0.,0.,1.));
#7601 = ADVANCED_FACE('',(#7602),#7654,.T.);
#7602 = FACE_BOUND('',#7603,.T.);
#7603 = EDGE_LOOP('',(#7604,#7605,#7606,#7614,#7623,#7631,#7639,#7647));
#7604 = ORIENTED_EDGE('',*,*,#6817,.F.);
#7605 = ORIENTED_EDGE('',*,*,#6755,.T.);
#7606 = ORIENTED_EDGE('',*,*,#7607,.T.);
#7607 = EDGE_CURVE('',#6756,#7608,#7610,.T.);
#7608 = VERTEX_POINT('',#7609);
#7609 = CARTESIAN_POINT('',(7.366,-1.778,2.157));
#7610 = LINE('',#7611,#7612);
#7611 = CARTESIAN_POINT('',(3.683,-1.778,2.157));
#7612 = VECTOR('',#7613,1.);
#7613 = DIRECTION('',(1.,3.216245299353E-16,0.));
#7614 = ORIENTED_EDGE('',*,*,#7615,.T.);
#7615 = EDGE_CURVE('',#7608,#7616,#7618,.T.);
#7616 = VERTEX_POINT('',#7617);
#7617 = CARTESIAN_POINT('',(7.747,-1.778,1.776));
#7618 = CIRCLE('',#7619,0.381);
#7619 = AXIS2_PLACEMENT_3D('',#7620,#7621,#7622);
#7620 = CARTESIAN_POINT('',(7.366,-1.778,1.776));
#7621 = DIRECTION('',(-3.216245299353E-16,1.,0.));
#7622 = DIRECTION('',(0.,0.,1.));
#7623 = ORIENTED_EDGE('',*,*,#7624,.F.);
#7624 = EDGE_CURVE('',#7625,#7616,#7627,.T.);
#7625 = VERTEX_POINT('',#7626);
#7626 = CARTESIAN_POINT('',(7.747,-1.778,0.));
#7627 = LINE('',#7628,#7629);
#7628 = CARTESIAN_POINT('',(7.747,-1.778,0.));
#7629 = VECTOR('',#7630,1.);
#7630 = DIRECTION('',(0.,0.,1.));
#7631 = ORIENTED_EDGE('',*,*,#7632,.T.);
#7632 = EDGE_CURVE('',#7625,#7633,#7635,.T.);
#7633 = VERTEX_POINT('',#7634);
#7634 = CARTESIAN_POINT('',(7.493,-1.778,0.));
#7635 = LINE('',#7636,#7637);
#7636 = CARTESIAN_POINT('',(7.747,-1.778,0.));
#7637 = VECTOR('',#7638,1.);
#7638 = DIRECTION('',(-1.,-3.216245299353E-16,0.));
#7639 = ORIENTED_EDGE('',*,*,#7640,.T.);
#7640 = EDGE_CURVE('',#7633,#7641,#7643,.T.);
#7641 = VERTEX_POINT('',#7642);
#7642 = CARTESIAN_POINT('',(7.493,-1.778,1.776));
#7643 = LINE('',#7644,#7645);
#7644 = CARTESIAN_POINT('',(7.493,-1.778,0.));
#7645 = VECTOR('',#7646,1.);
#7646 = DIRECTION('',(0.,0.,1.));
#7647 = ORIENTED_EDGE('',*,*,#7648,.T.);
#7648 = EDGE_CURVE('',#7641,#6818,#7649,.T.);
#7649 = CIRCLE('',#7650,0.127);
#7650 = AXIS2_PLACEMENT_3D('',#7651,#7652,#7653);
#7651 = CARTESIAN_POINT('',(7.366,-1.778,1.776));
#7652 = DIRECTION('',(3.216245299353E-16,-1.,0.));
#7653 = DIRECTION('',(0.,0.,-1.));
#7654 = PLANE('',#7655);
#7655 = AXIS2_PLACEMENT_3D('',#7656,#7657,#7658);
#7656 = CARTESIAN_POINT('',(0.254,-1.778,2.157));
#7657 = DIRECTION('',(-4.440892098501E-16,1.,0.));
#7658 = DIRECTION('',(0.,0.,1.));
#7659 = ADVANCED_FACE('',(#7660),#7685,.T.);
#7660 = FACE_BOUND('',#7661,.T.);
#7661 = EDGE_LOOP('',(#7662,#7670,#7671,#7679));
#7662 = ORIENTED_EDGE('',*,*,#7663,.T.);
#7663 = EDGE_CURVE('',#7664,#6756,#7666,.T.);
#7664 = VERTEX_POINT('',#7665);
#7665 = CARTESIAN_POINT('',(6.91,-1.778,2.157));
#7666 = LINE('',#7667,#7668);
#7667 = CARTESIAN_POINT('',(3.683,-1.778,2.157));
#7668 = VECTOR('',#7669,1.);
#7669 = DIRECTION('',(1.,3.216245299353E-16,0.));
#7670 = ORIENTED_EDGE('',*,*,#6772,.T.);
#7671 = ORIENTED_EDGE('',*,*,#7672,.T.);
#7672 = EDGE_CURVE('',#6765,#7673,#7675,.T.);
#7673 = VERTEX_POINT('',#7674);
#7674 = CARTESIAN_POINT('',(6.91,-0.762,2.157));
#7675 = LINE('',#7676,#7677);
#7676 = CARTESIAN_POINT('',(7.747,-0.762,2.157));
#7677 = VECTOR('',#7678,1.);
#7678 = DIRECTION('',(-1.,-3.216245299353E-16,0.));
#7679 = ORIENTED_EDGE('',*,*,#7680,.F.);
#7680 = EDGE_CURVE('',#7664,#7673,#7681,.T.);
#7681 = LINE('',#7682,#7683);
#7682 = CARTESIAN_POINT('',(6.91,-8.37,2.157));
#7683 = VECTOR('',#7684,1.);
#7684 = DIRECTION('',(-4.440892098501E-16,1.,0.));
#7685 = B_SPLINE_SURFACE_WITH_KNOTS('',1,1,(
    (#7686,#7687)
    ,(#7688,#7689
    )),.UNSPECIFIED.,.F.,.F.,.F.,(2,2),(2,2),(0.,9.27),(0.,1.),
  .PIECEWISE_BEZIER_KNOTS.);
#7686 = CARTESIAN_POINT('',(6.985,-8.445,2.157));
#7687 = CARTESIAN_POINT('',(6.91,-8.37,2.157));
#7688 = CARTESIAN_POINT('',(6.985,0.825,2.157));
#7689 = CARTESIAN_POINT('',(6.91,0.75,2.157));
#7690 = ADVANCED_FACE('',(#7691),#7743,.T.);
#7691 = FACE_BOUND('',#7692,.T.);
#7692 = EDGE_LOOP('',(#7693,#7694,#7695,#7703,#7712,#7720,#7728,#7736));
#7693 = ORIENTED_EDGE('',*,*,#6786,.F.);
#7694 = ORIENTED_EDGE('',*,*,#6848,.T.);
#7695 = ORIENTED_EDGE('',*,*,#7696,.T.);
#7696 = EDGE_CURVE('',#6849,#7697,#7699,.T.);
#7697 = VERTEX_POINT('',#7698);
#7698 = CARTESIAN_POINT('',(7.366,-4.318,2.157));
#7699 = LINE('',#7700,#7701);
#7700 = CARTESIAN_POINT('',(3.683,-4.318,2.157));
#7701 = VECTOR('',#7702,1.);
#7702 = DIRECTION('',(1.,3.216245299353E-16,0.));
#7703 = ORIENTED_EDGE('',*,*,#7704,.T.);
#7704 = EDGE_CURVE('',#7697,#7705,#7707,.T.);
#7705 = VERTEX_POINT('',#7706);
#7706 = CARTESIAN_POINT('',(7.747,-4.318,1.776));
#7707 = CIRCLE('',#7708,0.381);
#7708 = AXIS2_PLACEMENT_3D('',#7709,#7710,#7711);
#7709 = CARTESIAN_POINT('',(7.366,-4.318,1.776));
#7710 = DIRECTION('',(-3.216245299353E-16,1.,0.));
#7711 = DIRECTION('',(0.,0.,1.));
#7712 = ORIENTED_EDGE('',*,*,#7713,.F.);
#7713 = EDGE_CURVE('',#7714,#7705,#7716,.T.);
#7714 = VERTEX_POINT('',#7715);
#7715 = CARTESIAN_POINT('',(7.747,-4.318,0.));
#7716 = LINE('',#7717,#7718);
#7717 = CARTESIAN_POINT('',(7.747,-4.318,0.));
#7718 = VECTOR('',#7719,1.);
#7719 = DIRECTION('',(0.,0.,1.));
#7720 = ORIENTED_EDGE('',*,*,#7721,.T.);
#7721 = EDGE_CURVE('',#7714,#7722,#7724,.T.);
#7722 = VERTEX_POINT('',#7723);
#7723 = CARTESIAN_POINT('',(7.493,-4.318,0.));
#7724 = LINE('',#7725,#7726);
#7725 = CARTESIAN_POINT('',(7.747,-4.318,0.));
#7726 = VECTOR('',#7727,1.);
#7727 = DIRECTION('',(-1.,-3.216245299353E-16,0.));
#7728 = ORIENTED_EDGE('',*,*,#7729,.T.);
#7729 = EDGE_CURVE('',#7722,#7730,#7732,.T.);
#7730 = VERTEX_POINT('',#7731);
#7731 = CARTESIAN_POINT('',(7.493,-4.318,1.776));
#7732 = LINE('',#7733,#7734);
#7733 = CARTESIAN_POINT('',(7.493,-4.318,0.));
#7734 = VECTOR('',#7735,1.);
#7735 = DIRECTION('',(0.,0.,1.));
#7736 = ORIENTED_EDGE('',*,*,#7737,.T.);
#7737 = EDGE_CURVE('',#7730,#6787,#7738,.T.);
#7738 = CIRCLE('',#7739,0.127);
#7739 = AXIS2_PLACEMENT_3D('',#7740,#7741,#7742);
#7740 = CARTESIAN_POINT('',(7.366,-4.318,1.776));
#7741 = DIRECTION('',(3.216245299353E-16,-1.,0.));
#7742 = DIRECTION('',(0.,0.,-1.));
#7743 = PLANE('',#7744);
#7744 = AXIS2_PLACEMENT_3D('',#7745,#7746,#7747);
#7745 = CARTESIAN_POINT('',(0.254,-4.318,2.157));
#7746 = DIRECTION('',(-4.440892098501E-16,1.,0.));
#7747 = DIRECTION('',(0.,0.,1.));
#7748 = ADVANCED_FACE('',(#7749),#7760,.F.);
#7749 = FACE_BOUND('',#7750,.F.);
#7750 = EDGE_LOOP('',(#7751,#7757,#7758,#7759));
#7751 = ORIENTED_EDGE('',*,*,#7752,.T.);
#7752 = EDGE_CURVE('',#7583,#7730,#7753,.T.);
#7753 = LINE('',#7754,#7755);
#7754 = CARTESIAN_POINT('',(7.493,-5.842,1.776));
#7755 = VECTOR('',#7756,1.);
#7756 = DIRECTION('',(-3.216245299353E-16,1.,0.));
#7757 = ORIENTED_EDGE('',*,*,#7737,.T.);
#7758 = ORIENTED_EDGE('',*,*,#6803,.F.);
#7759 = ORIENTED_EDGE('',*,*,#7590,.F.);
#7760 = CYLINDRICAL_SURFACE('',#7761,0.127);
#7761 = AXIS2_PLACEMENT_3D('',#7762,#7763,#7764);
#7762 = CARTESIAN_POINT('',(7.366,-5.842,1.776));
#7763 = DIRECTION('',(-3.216245299353E-16,1.,0.));
#7764 = DIRECTION('',(1.,3.216245299353E-16,0.));
#7765 = ADVANCED_FACE('',(#7766),#7785,.F.);
#7766 = FACE_BOUND('',#7767,.F.);
#7767 = EDGE_LOOP('',(#7768,#7776,#7777,#7778));
#7768 = ORIENTED_EDGE('',*,*,#7769,.T.);
#7769 = EDGE_CURVE('',#7770,#7641,#7772,.T.);
#7770 = VERTEX_POINT('',#7771);
#7771 = CARTESIAN_POINT('',(7.493,-3.302,1.776));
#7772 = LINE('',#7773,#7774);
#7773 = CARTESIAN_POINT('',(7.493,-3.302,1.776));
#7774 = VECTOR('',#7775,1.);
#7775 = DIRECTION('',(-3.216245299353E-16,1.,0.));
#7776 = ORIENTED_EDGE('',*,*,#7648,.T.);
#7777 = ORIENTED_EDGE('',*,*,#6834,.F.);
#7778 = ORIENTED_EDGE('',*,*,#7779,.F.);
#7779 = EDGE_CURVE('',#7770,#6827,#7780,.T.);
#7780 = CIRCLE('',#7781,0.127);
#7781 = AXIS2_PLACEMENT_3D('',#7782,#7783,#7784);
#7782 = CARTESIAN_POINT('',(7.366,-3.302,1.776));
#7783 = DIRECTION('',(3.216245299353E-16,-1.,0.));
#7784 = DIRECTION('',(0.,0.,-1.));
#7785 = CYLINDRICAL_SURFACE('',#7786,0.127);
#7786 = AXIS2_PLACEMENT_3D('',#7787,#7788,#7789);
#7787 = CARTESIAN_POINT('',(7.366,-3.302,1.776));
#7788 = DIRECTION('',(-3.216245299353E-16,1.,0.));
#7789 = DIRECTION('',(1.,3.216245299353E-16,0.));
#7790 = ADVANCED_FACE('',(#7791),#7835,.F.);
#7791 = FACE_BOUND('',#7792,.F.);
#7792 = EDGE_LOOP('',(#7793,#7794,#7795,#7803,#7812,#7820,#7828,#7834));
#7793 = ORIENTED_EDGE('',*,*,#6826,.T.);
#7794 = ORIENTED_EDGE('',*,*,#6857,.T.);
#7795 = ORIENTED_EDGE('',*,*,#7796,.F.);
#7796 = EDGE_CURVE('',#7797,#6858,#7799,.T.);
#7797 = VERTEX_POINT('',#7798);
#7798 = CARTESIAN_POINT('',(7.366,-3.302,2.157));
#7799 = LINE('',#7800,#7801);
#7800 = CARTESIAN_POINT('',(7.62,-3.302,2.157));
#7801 = VECTOR('',#7802,1.);
#7802 = DIRECTION('',(-1.,-3.216245299353E-16,0.));
#7803 = ORIENTED_EDGE('',*,*,#7804,.T.);
#7804 = EDGE_CURVE('',#7797,#7805,#7807,.T.);
#7805 = VERTEX_POINT('',#7806);
#7806 = CARTESIAN_POINT('',(7.747,-3.302,1.776));
#7807 = CIRCLE('',#7808,0.381);
#7808 = AXIS2_PLACEMENT_3D('',#7809,#7810,#7811);
#7809 = CARTESIAN_POINT('',(7.366,-3.302,1.776));
#7810 = DIRECTION('',(-3.216245299353E-16,1.,0.));
#7811 = DIRECTION('',(0.,0.,1.));
#7812 = ORIENTED_EDGE('',*,*,#7813,.T.);
#7813 = EDGE_CURVE('',#7805,#7814,#7816,.T.);
#7814 = VERTEX_POINT('',#7815);
#7815 = CARTESIAN_POINT('',(7.747,-3.302,0.));
#7816 = LINE('',#7817,#7818);
#7817 = CARTESIAN_POINT('',(7.747,-3.302,2.157));
#7818 = VECTOR('',#7819,1.);
#7819 = DIRECTION('',(0.,0.,-1.));
#7820 = ORIENTED_EDGE('',*,*,#7821,.T.);
#7821 = EDGE_CURVE('',#7814,#7822,#7824,.T.);
#7822 = VERTEX_POINT('',#7823);
#7823 = CARTESIAN_POINT('',(7.493,-3.302,0.));
#7824 = LINE('',#7825,#7826);
#7825 = CARTESIAN_POINT('',(7.747,-3.302,0.));
#7826 = VECTOR('',#7827,1.);
#7827 = DIRECTION('',(-1.,-3.216245299353E-16,0.));
#7828 = ORIENTED_EDGE('',*,*,#7829,.F.);
#7829 = EDGE_CURVE('',#7770,#7822,#7830,.T.);
#7830 = LINE('',#7831,#7832);
#7831 = CARTESIAN_POINT('',(7.493,-3.302,2.157));
#7832 = VECTOR('',#7833,1.);
#7833 = DIRECTION('',(0.,0.,-1.));
#7834 = ORIENTED_EDGE('',*,*,#7779,.T.);
#7835 = PLANE('',#7836);
#7836 = AXIS2_PLACEMENT_3D('',#7837,#7838,#7839);
#7837 = CARTESIAN_POINT('',(0.254,-3.302,2.157));
#7838 = DIRECTION('',(-4.440892098501E-16,1.,0.));
#7839 = DIRECTION('',(0.,0.,1.));
#7840 = ADVANCED_FACE('',(#7841),#7866,.T.);
#7841 = FACE_BOUND('',#7842,.T.);
#7842 = EDGE_LOOP('',(#7843,#7851,#7852,#7860));
#7843 = ORIENTED_EDGE('',*,*,#7844,.T.);
#7844 = EDGE_CURVE('',#7845,#6849,#7847,.T.);
#7845 = VERTEX_POINT('',#7846);
#7846 = CARTESIAN_POINT('',(6.91,-4.318,2.157));
#7847 = LINE('',#7848,#7849);
#7848 = CARTESIAN_POINT('',(3.683,-4.318,2.157));
#7849 = VECTOR('',#7850,1.);
#7850 = DIRECTION('',(1.,3.216245299353E-16,0.));
#7851 = ORIENTED_EDGE('',*,*,#6865,.T.);
#7852 = ORIENTED_EDGE('',*,*,#7853,.T.);
#7853 = EDGE_CURVE('',#6858,#7854,#7856,.T.);
#7854 = VERTEX_POINT('',#7855);
#7855 = CARTESIAN_POINT('',(6.91,-3.302,2.157));
#7856 = LINE('',#7857,#7858);
#7857 = CARTESIAN_POINT('',(7.62,-3.302,2.157));
#7858 = VECTOR('',#7859,1.);
#7859 = DIRECTION('',(-1.,-3.216245299353E-16,0.));
#7860 = ORIENTED_EDGE('',*,*,#7861,.F.);
#7861 = EDGE_CURVE('',#7845,#7854,#7862,.T.);
#7862 = LINE('',#7863,#7864);
#7863 = CARTESIAN_POINT('',(6.91,-8.37,2.157));
#7864 = VECTOR('',#7865,1.);
#7865 = DIRECTION('',(-4.440892098501E-16,1.,0.));
#7866 = B_SPLINE_SURFACE_WITH_KNOTS('',1,1,(
    (#7867,#7868)
    ,(#7869,#7870
    )),.UNSPECIFIED.,.F.,.F.,.F.,(2,2),(2,2),(0.,9.27),(0.,1.),
  .PIECEWISE_BEZIER_KNOTS.);
#7867 = CARTESIAN_POINT('',(6.985,-8.445,2.157));
#7868 = CARTESIAN_POINT('',(6.91,-8.37,2.157));
#7869 = CARTESIAN_POINT('',(6.985,0.825,2.157));
#7870 = CARTESIAN_POINT('',(6.91,0.75,2.157));
#7871 = ADVANCED_FACE('',(#7872),#7889,.T.);
#7872 = FACE_BOUND('',#7873,.T.);
#7873 = EDGE_LOOP('',(#7874,#7875,#7882,#7888));
#7874 = ORIENTED_EDGE('',*,*,#6887,.T.);
#7875 = ORIENTED_EDGE('',*,*,#7876,.T.);
#7876 = EDGE_CURVE('',#6881,#7877,#7879,.T.);
#7877 = VERTEX_POINT('',#7878);
#7878 = CARTESIAN_POINT('',(0.71,0.75,2.157));
#7879 = B_SPLINE_CURVE_WITH_KNOTS('',1,(#7880,#7881),.UNSPECIFIED.,.F.,
  .F.,(2,2),(0.,1.),.PIECEWISE_BEZIER_KNOTS.);
#7880 = CARTESIAN_POINT('',(0.635,0.825,2.157));
#7881 = CARTESIAN_POINT('',(0.71,0.75,2.157));
#7882 = ORIENTED_EDGE('',*,*,#7883,.F.);
#7883 = EDGE_CURVE('',#7346,#7877,#7884,.T.);
#7884 = LINE('',#7885,#7886);
#7885 = CARTESIAN_POINT('',(6.91,0.75,2.157));
#7886 = VECTOR('',#7887,1.);
#7887 = DIRECTION('',(-1.,-4.440892098501E-16,0.));
#7888 = ORIENTED_EDGE('',*,*,#7345,.F.);
#7889 = B_SPLINE_SURFACE_WITH_KNOTS('',1,1,(
    (#7890,#7891)
    ,(#7892,#7893
    )),.UNSPECIFIED.,.F.,.F.,.F.,(2,2),(2,2),(0.,6.35),(0.,1.),
  .PIECEWISE_BEZIER_KNOTS.);
#7890 = CARTESIAN_POINT('',(6.985,0.825,2.157));
#7891 = CARTESIAN_POINT('',(6.91,0.75,2.157));
#7892 = CARTESIAN_POINT('',(0.635,0.825,2.157));
#7893 = CARTESIAN_POINT('',(0.71,0.75,2.157));
#7894 = ADVANCED_FACE('',(#7895),#7913,.T.);
#7895 = FACE_BOUND('',#7896,.T.);
#7896 = EDGE_LOOP('',(#7897,#7898,#7899,#7907));
#7897 = ORIENTED_EDGE('',*,*,#7876,.F.);
#7898 = ORIENTED_EDGE('',*,*,#6912,.T.);
#7899 = ORIENTED_EDGE('',*,*,#7900,.T.);
#7900 = EDGE_CURVE('',#6905,#7901,#7903,.T.);
#7901 = VERTEX_POINT('',#7902);
#7902 = CARTESIAN_POINT('',(0.71,0.2285,2.157));
#7903 = LINE('',#7904,#7905);
#7904 = CARTESIAN_POINT('',(-0.127,0.2285,2.157));
#7905 = VECTOR('',#7906,1.);
#7906 = DIRECTION('',(1.,4.440892098501E-16,0.));
#7907 = ORIENTED_EDGE('',*,*,#7908,.F.);
#7908 = EDGE_CURVE('',#7877,#7901,#7909,.T.);
#7909 = LINE('',#7910,#7911);
#7910 = CARTESIAN_POINT('',(0.71,0.75,2.157));
#7911 = VECTOR('',#7912,1.);
#7912 = DIRECTION('',(4.440892098501E-16,-1.,0.));
#7913 = B_SPLINE_SURFACE_WITH_KNOTS('',1,1,(
    (#7914,#7915)
    ,(#7916,#7917
    )),.UNSPECIFIED.,.F.,.F.,.F.,(2,2),(2,2),(0.,9.27),(0.,1.),
  .PIECEWISE_BEZIER_KNOTS.);
#7914 = CARTESIAN_POINT('',(0.635,0.825,2.157));
#7915 = CARTESIAN_POINT('',(0.71,0.75,2.157));
#7916 = CARTESIAN_POINT('',(0.635,-8.445,2.157));
#7917 = CARTESIAN_POINT('',(0.71,-8.37,2.157));
#7918 = ADVANCED_FACE('',(#7919),#7971,.F.);
#7919 = FACE_BOUND('',#7920,.F.);
#7920 = EDGE_LOOP('',(#7921,#7929,#7938,#7946,#7954,#7962,#7969,#7970));
#7921 = ORIENTED_EDGE('',*,*,#7922,.F.);
#7922 = EDGE_CURVE('',#7923,#6905,#7925,.T.);
#7923 = VERTEX_POINT('',#7924);
#7924 = CARTESIAN_POINT('',(0.254,0.2285,2.157));
#7925 = LINE('',#7926,#7927);
#7926 = CARTESIAN_POINT('',(-0.127,0.2285,2.157));
#7927 = VECTOR('',#7928,1.);
#7928 = DIRECTION('',(1.,4.440892098501E-16,0.));
#7929 = ORIENTED_EDGE('',*,*,#7930,.T.);
#7930 = EDGE_CURVE('',#7923,#7931,#7933,.T.);
#7931 = VERTEX_POINT('',#7932);
#7932 = CARTESIAN_POINT('',(-0.127,0.2285,1.776));
#7933 = CIRCLE('',#7934,0.381);
#7934 = AXIS2_PLACEMENT_3D('',#7935,#7936,#7937);
#7935 = CARTESIAN_POINT('',(0.254,0.2285,1.776));
#7936 = DIRECTION('',(4.440892098501E-16,-1.,0.));
#7937 = DIRECTION('',(0.,0.,1.));
#7938 = ORIENTED_EDGE('',*,*,#7939,.T.);
#7939 = EDGE_CURVE('',#7931,#7940,#7942,.T.);
#7940 = VERTEX_POINT('',#7941);
#7941 = CARTESIAN_POINT('',(-0.127,0.2285,-2.843));
#7942 = LINE('',#7943,#7944);
#7943 = CARTESIAN_POINT('',(-0.127,0.2285,2.157));
#7944 = VECTOR('',#7945,1.);
#7945 = DIRECTION('',(-0.,0.,-1.));
#7946 = ORIENTED_EDGE('',*,*,#7947,.T.);
#7947 = EDGE_CURVE('',#7940,#7948,#7950,.T.);
#7948 = VERTEX_POINT('',#7949);
#7949 = CARTESIAN_POINT('',(0.127,0.2285,-2.843));
#7950 = LINE('',#7951,#7952);
#7951 = CARTESIAN_POINT('',(-0.127,0.2285,-2.843));
#7952 = VECTOR('',#7953,1.);
#7953 = DIRECTION('',(1.,4.440892098501E-16,0.));
#7954 = ORIENTED_EDGE('',*,*,#7955,.F.);
#7955 = EDGE_CURVE('',#7956,#7948,#7958,.T.);
#7956 = VERTEX_POINT('',#7957);
#7957 = CARTESIAN_POINT('',(0.127,0.2285,1.776));
#7958 = LINE('',#7959,#7960);
#7959 = CARTESIAN_POINT('',(0.127,0.2285,2.157));
#7960 = VECTOR('',#7961,1.);
#7961 = DIRECTION('',(-0.,0.,-1.));
#7962 = ORIENTED_EDGE('',*,*,#7963,.T.);
#7963 = EDGE_CURVE('',#7956,#6957,#7964,.T.);
#7964 = CIRCLE('',#7965,0.127);
#7965 = AXIS2_PLACEMENT_3D('',#7966,#7967,#7968);
#7966 = CARTESIAN_POINT('',(0.254,0.2285,1.776));
#7967 = DIRECTION('',(-4.440892098501E-16,1.,0.));
#7968 = DIRECTION('',(0.,0.,-1.));
#7969 = ORIENTED_EDGE('',*,*,#6956,.T.);
#7970 = ORIENTED_EDGE('',*,*,#6904,.T.);
#7971 = PLANE('',#7972);
#7972 = AXIS2_PLACEMENT_3D('',#7973,#7974,#7975);
#7973 = CARTESIAN_POINT('',(0.254,0.2285,2.157));
#7974 = DIRECTION('',(4.440892098501E-16,-1.,2.331176954594E-15));
#7975 = DIRECTION('',(1.035250531786E-30,-2.331176954594E-15,-1.));
#7976 = ADVANCED_FACE('',(#7977),#8029,.F.);
#7977 = FACE_BOUND('',#7978,.F.);
#7978 = EDGE_LOOP('',(#7979,#7989,#7998,#8004,#8005,#8006,#8015,#8023));
#7979 = ORIENTED_EDGE('',*,*,#7980,.F.);
#7980 = EDGE_CURVE('',#7981,#7983,#7985,.T.);
#7981 = VERTEX_POINT('',#7982);
#7982 = CARTESIAN_POINT('',(-0.127,-7.8485,1.776));
#7983 = VERTEX_POINT('',#7984);
#7984 = CARTESIAN_POINT('',(-0.127,-7.8485,-2.843));
#7985 = LINE('',#7986,#7987);
#7986 = CARTESIAN_POINT('',(-0.127,-7.8485,2.157));
#7987 = VECTOR('',#7988,1.);
#7988 = DIRECTION('',(-0.,0.,-1.));
#7989 = ORIENTED_EDGE('',*,*,#7990,.T.);
#7990 = EDGE_CURVE('',#7981,#7991,#7993,.T.);
#7991 = VERTEX_POINT('',#7992);
#7992 = CARTESIAN_POINT('',(0.254,-7.8485,2.157));
#7993 = CIRCLE('',#7994,0.381);
#7994 = AXIS2_PLACEMENT_3D('',#7995,#7996,#7997);
#7995 = CARTESIAN_POINT('',(0.254,-7.8485,1.776));
#7996 = DIRECTION('',(-4.440892098501E-16,1.,0.));
#7997 = DIRECTION('',(0.,0.,1.));
#7998 = ORIENTED_EDGE('',*,*,#7999,.F.);
#7999 = EDGE_CURVE('',#6927,#7991,#8000,.T.);
#8000 = LINE('',#8001,#8002);
#8001 = CARTESIAN_POINT('',(3.81,-7.8485,2.157));
#8002 = VECTOR('',#8003,1.);
#8003 = DIRECTION('',(-1.,-4.440892098501E-16,0.));
#8004 = ORIENTED_EDGE('',*,*,#6926,.T.);
#8005 = ORIENTED_EDGE('',*,*,#7003,.T.);
#8006 = ORIENTED_EDGE('',*,*,#8007,.F.);
#8007 = EDGE_CURVE('',#8008,#6996,#8010,.T.);
#8008 = VERTEX_POINT('',#8009);
#8009 = CARTESIAN_POINT('',(0.127,-7.8485,1.776));
#8010 = CIRCLE('',#8011,0.127);
#8011 = AXIS2_PLACEMENT_3D('',#8012,#8013,#8014);
#8012 = CARTESIAN_POINT('',(0.254,-7.8485,1.776));
#8013 = DIRECTION('',(-4.440892098501E-16,1.,0.));
#8014 = DIRECTION('',(0.,0.,1.));
#8015 = ORIENTED_EDGE('',*,*,#8016,.T.);
#8016 = EDGE_CURVE('',#8008,#8017,#8019,.T.);
#8017 = VERTEX_POINT('',#8018);
#8018 = CARTESIAN_POINT('',(0.127,-7.8485,-2.843));
#8019 = LINE('',#8020,#8021);
#8020 = CARTESIAN_POINT('',(0.127,-7.8485,2.157));
#8021 = VECTOR('',#8022,1.);
#8022 = DIRECTION('',(-0.,0.,-1.));
#8023 = ORIENTED_EDGE('',*,*,#8024,.F.);
#8024 = EDGE_CURVE('',#7983,#8017,#8025,.T.);
#8025 = LINE('',#8026,#8027);
#8026 = CARTESIAN_POINT('',(-0.127,-7.8485,-2.843));
#8027 = VECTOR('',#8028,1.);
#8028 = DIRECTION('',(1.,4.440892098501E-16,0.));
#8029 = PLANE('',#8030);
#8030 = AXIS2_PLACEMENT_3D('',#8031,#8032,#8033);
#8031 = CARTESIAN_POINT('',(-0.127,-7.8485,1.776));
#8032 = DIRECTION('',(-4.440892098501E-16,1.,0.));
#8033 = DIRECTION('',(0.,0.,1.));
#8034 = ADVANCED_FACE('',(#8035),#8059,.T.);
#8035 = FACE_BOUND('',#8036,.T.);
#8036 = EDGE_LOOP('',(#8037,#8045,#8046,#8053));
#8037 = ORIENTED_EDGE('',*,*,#8038,.T.);
#8038 = EDGE_CURVE('',#8039,#6927,#8041,.T.);
#8039 = VERTEX_POINT('',#8040);
#8040 = CARTESIAN_POINT('',(0.71,-7.8485,2.157));
#8041 = LINE('',#8042,#8043);
#8042 = CARTESIAN_POINT('',(3.81,-7.8485,2.157));
#8043 = VECTOR('',#8044,1.);
#8044 = DIRECTION('',(-1.,-4.440892098501E-16,0.));
#8045 = ORIENTED_EDGE('',*,*,#6942,.T.);
#8046 = ORIENTED_EDGE('',*,*,#8047,.T.);
#8047 = EDGE_CURVE('',#6936,#8048,#8050,.T.);
#8048 = VERTEX_POINT('',#8049);
#8049 = CARTESIAN_POINT('',(0.71,-8.37,2.157));
#8050 = B_SPLINE_CURVE_WITH_KNOTS('',1,(#8051,#8052),.UNSPECIFIED.,.F.,
  .F.,(2,2),(0.,1.),.PIECEWISE_BEZIER_KNOTS.);
#8051 = CARTESIAN_POINT('',(0.635,-8.445,2.157));
#8052 = CARTESIAN_POINT('',(0.71,-8.37,2.157));
#8053 = ORIENTED_EDGE('',*,*,#8054,.F.);
#8054 = EDGE_CURVE('',#8039,#8048,#8055,.T.);
#8055 = LINE('',#8056,#8057);
#8056 = CARTESIAN_POINT('',(0.71,0.75,2.157));
#8057 = VECTOR('',#8058,1.);
#8058 = DIRECTION('',(4.440892098501E-16,-1.,0.));
#8059 = B_SPLINE_SURFACE_WITH_KNOTS('',1,1,(
    (#8060,#8061)
    ,(#8062,#8063
    )),.UNSPECIFIED.,.F.,.F.,.F.,(2,2),(2,2),(0.,9.27),(0.,1.),
  .PIECEWISE_BEZIER_KNOTS.);
#8060 = CARTESIAN_POINT('',(0.635,0.825,2.157));
#8061 = CARTESIAN_POINT('',(0.71,0.75,2.157));
#8062 = CARTESIAN_POINT('',(0.635,-8.445,2.157));
#8063 = CARTESIAN_POINT('',(0.71,-8.37,2.157));
#8064 = ADVANCED_FACE('',(#8065),#8117,.T.);
#8065 = FACE_BOUND('',#8066,.T.);
#8066 = EDGE_LOOP('',(#8067,#8078,#8086,#8094,#8102,#8109,#8110,#8111));
#8067 = ORIENTED_EDGE('',*,*,#8068,.T.);
#8068 = EDGE_CURVE('',#8069,#8071,#8073,.T.);
#8069 = VERTEX_POINT('',#8070);
#8070 = CARTESIAN_POINT('',(0.254,-0.762,2.157));
#8071 = VERTEX_POINT('',#8072);
#8072 = CARTESIAN_POINT('',(-0.127,-0.762,1.776));
#8073 = CIRCLE('',#8074,0.381);
#8074 = AXIS2_PLACEMENT_3D('',#8075,#8076,#8077);
#8075 = CARTESIAN_POINT('',(0.254,-0.762,1.776));
#8076 = DIRECTION('',(4.440892098501E-16,-1.,0.));
#8077 = DIRECTION('',(0.,0.,1.));
#8078 = ORIENTED_EDGE('',*,*,#8079,.F.);
#8079 = EDGE_CURVE('',#8080,#8071,#8082,.T.);
#8080 = VERTEX_POINT('',#8081);
#8081 = CARTESIAN_POINT('',(-0.127,-0.762,0.));
#8082 = LINE('',#8083,#8084);
#8083 = CARTESIAN_POINT('',(-0.127,-0.762,0.));
#8084 = VECTOR('',#8085,1.);
#8085 = DIRECTION('',(0.,0.,1.));
#8086 = ORIENTED_EDGE('',*,*,#8087,.T.);
#8087 = EDGE_CURVE('',#8080,#8088,#8090,.T.);
#8088 = VERTEX_POINT('',#8089);
#8089 = CARTESIAN_POINT('',(0.127,-0.762,0.));
#8090 = LINE('',#8091,#8092);
#8091 = CARTESIAN_POINT('',(-0.127,-0.762,0.));
#8092 = VECTOR('',#8093,1.);
#8093 = DIRECTION('',(1.,4.440892098501E-16,0.));
#8094 = ORIENTED_EDGE('',*,*,#8095,.T.);
#8095 = EDGE_CURVE('',#8088,#8096,#8098,.T.);
#8096 = VERTEX_POINT('',#8097);
#8097 = CARTESIAN_POINT('',(0.127,-0.762,1.776));
#8098 = LINE('',#8099,#8100);
#8099 = CARTESIAN_POINT('',(0.127,-0.762,0.));
#8100 = VECTOR('',#8101,1.);
#8101 = DIRECTION('',(0.,0.,1.));
#8102 = ORIENTED_EDGE('',*,*,#8103,.T.);
#8103 = EDGE_CURVE('',#8096,#6965,#8104,.T.);
#8104 = CIRCLE('',#8105,0.127);
#8105 = AXIS2_PLACEMENT_3D('',#8106,#8107,#8108);
#8106 = CARTESIAN_POINT('',(0.254,-0.762,1.776));
#8107 = DIRECTION('',(-4.440892098501E-16,1.,0.));
#8108 = DIRECTION('',(0.,0.,-1.));
#8109 = ORIENTED_EDGE('',*,*,#6972,.F.);
#8110 = ORIENTED_EDGE('',*,*,#7018,.T.);
#8111 = ORIENTED_EDGE('',*,*,#8112,.T.);
#8112 = EDGE_CURVE('',#7019,#8069,#8113,.T.);
#8113 = LINE('',#8114,#8115);
#8114 = CARTESIAN_POINT('',(3.81,-0.762,2.157));
#8115 = VECTOR('',#8116,1.);
#8116 = DIRECTION('',(-1.,-4.440892098501E-16,0.));
#8117 = PLANE('',#8118);
#8118 = AXIS2_PLACEMENT_3D('',#8119,#8120,#8121);
#8119 = CARTESIAN_POINT('',(-0.127,-0.762,0.));
#8120 = DIRECTION('',(4.440892098501E-16,-1.,0.));
#8121 = DIRECTION('',(0.,-0.,-1.));
#8122 = ADVANCED_FACE('',(#8123),#8134,.F.);
#8123 = FACE_BOUND('',#8124,.F.);
#8124 = EDGE_LOOP('',(#8125,#8131,#8132,#8133));
#8125 = ORIENTED_EDGE('',*,*,#8126,.T.);
#8126 = EDGE_CURVE('',#7956,#8096,#8127,.T.);
#8127 = LINE('',#8128,#8129);
#8128 = CARTESIAN_POINT('',(0.127,0.2285,1.776));
#8129 = VECTOR('',#8130,1.);
#8130 = DIRECTION('',(4.440892098501E-16,-1.,0.));
#8131 = ORIENTED_EDGE('',*,*,#8103,.T.);
#8132 = ORIENTED_EDGE('',*,*,#6964,.F.);
#8133 = ORIENTED_EDGE('',*,*,#7963,.F.);
#8134 = CYLINDRICAL_SURFACE('',#8135,0.127);
#8135 = AXIS2_PLACEMENT_3D('',#8136,#8137,#8138);
#8136 = CARTESIAN_POINT('',(0.254,0.2285,1.776));
#8137 = DIRECTION('',(4.440892098501E-16,-1.,0.));
#8138 = DIRECTION('',(-1.,-4.440892098501E-16,0.));
#8139 = ADVANCED_FACE('',(#8140),#8192,.F.);
#8140 = FACE_BOUND('',#8141,.F.);
#8141 = EDGE_LOOP('',(#8142,#8150,#8159,#8167,#8175,#8183,#8190,#8191));
#8142 = ORIENTED_EDGE('',*,*,#8143,.F.);
#8143 = EDGE_CURVE('',#8144,#7059,#8146,.T.);
#8144 = VERTEX_POINT('',#8145);
#8145 = CARTESIAN_POINT('',(0.254,-6.858,2.157));
#8146 = LINE('',#8147,#8148);
#8147 = CARTESIAN_POINT('',(-0.127,-6.858,2.157));
#8148 = VECTOR('',#8149,1.);
#8149 = DIRECTION('',(1.,4.440892098501E-16,0.));
#8150 = ORIENTED_EDGE('',*,*,#8151,.F.);
#8151 = EDGE_CURVE('',#8152,#8144,#8154,.T.);
#8152 = VERTEX_POINT('',#8153);
#8153 = CARTESIAN_POINT('',(-0.127,-6.858,1.776));
#8154 = CIRCLE('',#8155,0.381);
#8155 = AXIS2_PLACEMENT_3D('',#8156,#8157,#8158);
#8156 = CARTESIAN_POINT('',(0.254,-6.858,1.776));
#8157 = DIRECTION('',(-4.440892098501E-16,1.,0.));
#8158 = DIRECTION('',(0.,0.,1.));
#8159 = ORIENTED_EDGE('',*,*,#8160,.F.);
#8160 = EDGE_CURVE('',#8161,#8152,#8163,.T.);
#8161 = VERTEX_POINT('',#8162);
#8162 = CARTESIAN_POINT('',(-0.127,-6.858,0.));
#8163 = LINE('',#8164,#8165);
#8164 = CARTESIAN_POINT('',(-0.127,-6.858,0.));
#8165 = VECTOR('',#8166,1.);
#8166 = DIRECTION('',(0.,0.,1.));
#8167 = ORIENTED_EDGE('',*,*,#8168,.T.);
#8168 = EDGE_CURVE('',#8161,#8169,#8171,.T.);
#8169 = VERTEX_POINT('',#8170);
#8170 = CARTESIAN_POINT('',(0.127,-6.858,0.));
#8171 = LINE('',#8172,#8173);
#8172 = CARTESIAN_POINT('',(-0.127,-6.858,0.));
#8173 = VECTOR('',#8174,1.);
#8174 = DIRECTION('',(1.,4.440892098501E-16,0.));
#8175 = ORIENTED_EDGE('',*,*,#8176,.T.);
#8176 = EDGE_CURVE('',#8169,#8177,#8179,.T.);
#8177 = VERTEX_POINT('',#8178);
#8178 = CARTESIAN_POINT('',(0.127,-6.858,1.776));
#8179 = LINE('',#8180,#8181);
#8180 = CARTESIAN_POINT('',(0.127,-6.858,0.));
#8181 = VECTOR('',#8182,1.);
#8182 = DIRECTION('',(0.,0.,1.));
#8183 = ORIENTED_EDGE('',*,*,#8184,.T.);
#8184 = EDGE_CURVE('',#8177,#6988,#8185,.T.);
#8185 = CIRCLE('',#8186,0.127);
#8186 = AXIS2_PLACEMENT_3D('',#8187,#8188,#8189);
#8187 = CARTESIAN_POINT('',(0.254,-6.858,1.776));
#8188 = DIRECTION('',(-4.440892098501E-16,1.,0.));
#8189 = DIRECTION('',(0.,0.,1.));
#8190 = ORIENTED_EDGE('',*,*,#6987,.T.);
#8191 = ORIENTED_EDGE('',*,*,#7058,.T.);
#8192 = PLANE('',#8193);
#8193 = AXIS2_PLACEMENT_3D('',#8194,#8195,#8196);
#8194 = CARTESIAN_POINT('',(0.254,-6.858,2.157));
#8195 = DIRECTION('',(4.440892098501E-16,-1.,0.));
#8196 = DIRECTION('',(0.,-0.,-1.));
#8197 = ADVANCED_FACE('',(#8198),#8209,.F.);
#8198 = FACE_BOUND('',#8199,.F.);
#8199 = EDGE_LOOP('',(#8200,#8201,#8202,#8203));
#8200 = ORIENTED_EDGE('',*,*,#8007,.T.);
#8201 = ORIENTED_EDGE('',*,*,#6995,.T.);
#8202 = ORIENTED_EDGE('',*,*,#8184,.F.);
#8203 = ORIENTED_EDGE('',*,*,#8204,.F.);
#8204 = EDGE_CURVE('',#8008,#8177,#8205,.T.);
#8205 = LINE('',#8206,#8207);
#8206 = CARTESIAN_POINT('',(0.127,-7.8485,1.776));
#8207 = VECTOR('',#8208,1.);
#8208 = DIRECTION('',(-4.440892098501E-16,1.,0.));
#8209 = CYLINDRICAL_SURFACE('',#8210,0.127);
#8210 = AXIS2_PLACEMENT_3D('',#8211,#8212,#8213);
#8211 = CARTESIAN_POINT('',(0.254,-7.8485,1.776));
#8212 = DIRECTION('',(-4.440892098501E-16,1.,0.));
#8213 = DIRECTION('',(-1.,-4.440892098501E-16,0.));
#8214 = ADVANCED_FACE('',(#8215),#8240,.T.);
#8215 = FACE_BOUND('',#8216,.T.);
#8216 = EDGE_LOOP('',(#8217,#8225,#8226,#8234));
#8217 = ORIENTED_EDGE('',*,*,#8218,.T.);
#8218 = EDGE_CURVE('',#8219,#7019,#8221,.T.);
#8219 = VERTEX_POINT('',#8220);
#8220 = CARTESIAN_POINT('',(0.71,-0.762,2.157));
#8221 = LINE('',#8222,#8223);
#8222 = CARTESIAN_POINT('',(3.81,-0.762,2.157));
#8223 = VECTOR('',#8224,1.);
#8224 = DIRECTION('',(-1.,-4.440892098501E-16,0.));
#8225 = ORIENTED_EDGE('',*,*,#7035,.T.);
#8226 = ORIENTED_EDGE('',*,*,#8227,.T.);
#8227 = EDGE_CURVE('',#7028,#8228,#8230,.T.);
#8228 = VERTEX_POINT('',#8229);
#8229 = CARTESIAN_POINT('',(0.71,-1.778,2.157));
#8230 = LINE('',#8231,#8232);
#8231 = CARTESIAN_POINT('',(-2.442490654175E-15,-1.778,2.157));
#8232 = VECTOR('',#8233,1.);
#8233 = DIRECTION('',(1.,4.440892098501E-16,0.));
#8234 = ORIENTED_EDGE('',*,*,#8235,.F.);
#8235 = EDGE_CURVE('',#8219,#8228,#8236,.T.);
#8236 = LINE('',#8237,#8238);
#8237 = CARTESIAN_POINT('',(0.71,0.75,2.157));
#8238 = VECTOR('',#8239,1.);
#8239 = DIRECTION('',(4.440892098501E-16,-1.,0.));
#8240 = B_SPLINE_SURFACE_WITH_KNOTS('',1,1,(
    (#8241,#8242)
    ,(#8243,#8244
    )),.UNSPECIFIED.,.F.,.F.,.F.,(2,2),(2,2),(0.,9.27),(0.,1.),
  .PIECEWISE_BEZIER_KNOTS.);
#8241 = CARTESIAN_POINT('',(0.635,0.825,2.157));
#8242 = CARTESIAN_POINT('',(0.71,0.75,2.157));
#8243 = CARTESIAN_POINT('',(0.635,-8.445,2.157));
#8244 = CARTESIAN_POINT('',(0.71,-8.37,2.157));
#8245 = ADVANCED_FACE('',(#8246),#8298,.T.);
#8246 = FACE_BOUND('',#8247,.T.);
#8247 = EDGE_LOOP('',(#8248,#8259,#8265,#8266,#8267,#8276,#8284,#8292));
#8248 = ORIENTED_EDGE('',*,*,#8249,.F.);
#8249 = EDGE_CURVE('',#8250,#8252,#8254,.T.);
#8250 = VERTEX_POINT('',#8251);
#8251 = CARTESIAN_POINT('',(0.254,-1.778,2.157));
#8252 = VERTEX_POINT('',#8253);
#8253 = CARTESIAN_POINT('',(-0.127,-1.778,1.776));
#8254 = CIRCLE('',#8255,0.381);
#8255 = AXIS2_PLACEMENT_3D('',#8256,#8257,#8258);
#8256 = CARTESIAN_POINT('',(0.254,-1.778,1.776));
#8257 = DIRECTION('',(4.440892098501E-16,-1.,0.));
#8258 = DIRECTION('',(0.,0.,1.));
#8259 = ORIENTED_EDGE('',*,*,#8260,.T.);
#8260 = EDGE_CURVE('',#8250,#7028,#8261,.T.);
#8261 = LINE('',#8262,#8263);
#8262 = CARTESIAN_POINT('',(-2.442490654175E-15,-1.778,2.157));
#8263 = VECTOR('',#8264,1.);
#8264 = DIRECTION('',(1.,4.440892098501E-16,0.));
#8265 = ORIENTED_EDGE('',*,*,#7027,.T.);
#8266 = ORIENTED_EDGE('',*,*,#7080,.F.);
#8267 = ORIENTED_EDGE('',*,*,#8268,.F.);
#8268 = EDGE_CURVE('',#8269,#7081,#8271,.T.);
#8269 = VERTEX_POINT('',#8270);
#8270 = CARTESIAN_POINT('',(0.127,-1.778,1.776));
#8271 = CIRCLE('',#8272,0.127);
#8272 = AXIS2_PLACEMENT_3D('',#8273,#8274,#8275);
#8273 = CARTESIAN_POINT('',(0.254,-1.778,1.776));
#8274 = DIRECTION('',(-4.440892098501E-16,1.,0.));
#8275 = DIRECTION('',(0.,0.,-1.));
#8276 = ORIENTED_EDGE('',*,*,#8277,.T.);
#8277 = EDGE_CURVE('',#8269,#8278,#8280,.T.);
#8278 = VERTEX_POINT('',#8279);
#8279 = CARTESIAN_POINT('',(0.127,-1.778,0.));
#8280 = LINE('',#8281,#8282);
#8281 = CARTESIAN_POINT('',(0.127,-1.778,2.157));
#8282 = VECTOR('',#8283,1.);
#8283 = DIRECTION('',(-0.,0.,-1.));
#8284 = ORIENTED_EDGE('',*,*,#8285,.F.);
#8285 = EDGE_CURVE('',#8286,#8278,#8288,.T.);
#8286 = VERTEX_POINT('',#8287);
#8287 = CARTESIAN_POINT('',(-0.127,-1.778,0.));
#8288 = LINE('',#8289,#8290);
#8289 = CARTESIAN_POINT('',(-0.127,-1.778,0.));
#8290 = VECTOR('',#8291,1.);
#8291 = DIRECTION('',(1.,4.440892098501E-16,0.));
#8292 = ORIENTED_EDGE('',*,*,#8293,.F.);
#8293 = EDGE_CURVE('',#8252,#8286,#8294,.T.);
#8294 = LINE('',#8295,#8296);
#8295 = CARTESIAN_POINT('',(-0.127,-1.778,2.157));
#8296 = VECTOR('',#8297,1.);
#8297 = DIRECTION('',(-0.,0.,-1.));
#8298 = PLANE('',#8299);
#8299 = AXIS2_PLACEMENT_3D('',#8300,#8301,#8302);
#8300 = CARTESIAN_POINT('',(0.254,-1.778,2.157));
#8301 = DIRECTION('',(-4.440892098501E-16,1.,0.));
#8302 = DIRECTION('',(0.,0.,1.));
#8303 = ADVANCED_FACE('',(#8304),#8356,.F.);
#8304 = FACE_BOUND('',#8305,.F.);
#8305 = EDGE_LOOP('',(#8306,#8317,#8323,#8324,#8325,#8334,#8342,#8350));
#8306 = ORIENTED_EDGE('',*,*,#8307,.F.);
#8307 = EDGE_CURVE('',#8308,#8310,#8312,.T.);
#8308 = VERTEX_POINT('',#8309);
#8309 = CARTESIAN_POINT('',(0.254,-5.842,2.157));
#8310 = VERTEX_POINT('',#8311);
#8311 = CARTESIAN_POINT('',(-0.127,-5.842,1.776));
#8312 = CIRCLE('',#8313,0.381);
#8313 = AXIS2_PLACEMENT_3D('',#8314,#8315,#8316);
#8314 = CARTESIAN_POINT('',(0.254,-5.842,1.776));
#8315 = DIRECTION('',(4.440892098501E-16,-1.,0.));
#8316 = DIRECTION('',(0.,0.,1.));
#8317 = ORIENTED_EDGE('',*,*,#8318,.F.);
#8318 = EDGE_CURVE('',#7050,#8308,#8319,.T.);
#8319 = LINE('',#8320,#8321);
#8320 = CARTESIAN_POINT('',(3.937,-5.842,2.157));
#8321 = VECTOR('',#8322,1.);
#8322 = DIRECTION('',(-1.,-4.440892098501E-16,0.));
#8323 = ORIENTED_EDGE('',*,*,#7049,.T.);
#8324 = ORIENTED_EDGE('',*,*,#7127,.T.);
#8325 = ORIENTED_EDGE('',*,*,#8326,.F.);
#8326 = EDGE_CURVE('',#8327,#7120,#8329,.T.);
#8327 = VERTEX_POINT('',#8328);
#8328 = CARTESIAN_POINT('',(0.127,-5.842,1.776));
#8329 = CIRCLE('',#8330,0.127);
#8330 = AXIS2_PLACEMENT_3D('',#8331,#8332,#8333);
#8331 = CARTESIAN_POINT('',(0.254,-5.842,1.776));
#8332 = DIRECTION('',(-4.440892098501E-16,1.,0.));
#8333 = DIRECTION('',(0.,0.,-1.));
#8334 = ORIENTED_EDGE('',*,*,#8335,.F.);
#8335 = EDGE_CURVE('',#8336,#8327,#8338,.T.);
#8336 = VERTEX_POINT('',#8337);
#8337 = CARTESIAN_POINT('',(0.127,-5.842,0.));
#8338 = LINE('',#8339,#8340);
#8339 = CARTESIAN_POINT('',(0.127,-5.842,0.));
#8340 = VECTOR('',#8341,1.);
#8341 = DIRECTION('',(0.,0.,1.));
#8342 = ORIENTED_EDGE('',*,*,#8343,.F.);
#8343 = EDGE_CURVE('',#8344,#8336,#8346,.T.);
#8344 = VERTEX_POINT('',#8345);
#8345 = CARTESIAN_POINT('',(-0.127,-5.842,0.));
#8346 = LINE('',#8347,#8348);
#8347 = CARTESIAN_POINT('',(-0.127,-5.842,0.));
#8348 = VECTOR('',#8349,1.);
#8349 = DIRECTION('',(1.,4.440892098501E-16,0.));
#8350 = ORIENTED_EDGE('',*,*,#8351,.T.);
#8351 = EDGE_CURVE('',#8344,#8310,#8352,.T.);
#8352 = LINE('',#8353,#8354);
#8353 = CARTESIAN_POINT('',(-0.127,-5.842,0.));
#8354 = VECTOR('',#8355,1.);
#8355 = DIRECTION('',(0.,0.,1.));
#8356 = PLANE('',#8357);
#8357 = AXIS2_PLACEMENT_3D('',#8358,#8359,#8360);
#8358 = CARTESIAN_POINT('',(0.254,-5.842,2.157));
#8359 = DIRECTION('',(-4.440892098501E-16,1.,0.));
#8360 = DIRECTION('',(0.,0.,1.));
#8361 = ADVANCED_FACE('',(#8362),#8387,.T.);
#8362 = FACE_BOUND('',#8363,.T.);
#8363 = EDGE_LOOP('',(#8364,#8372,#8373,#8381));
#8364 = ORIENTED_EDGE('',*,*,#8365,.T.);
#8365 = EDGE_CURVE('',#8366,#7050,#8368,.T.);
#8366 = VERTEX_POINT('',#8367);
#8367 = CARTESIAN_POINT('',(0.71,-5.842,2.157));
#8368 = LINE('',#8369,#8370);
#8369 = CARTESIAN_POINT('',(3.937,-5.842,2.157));
#8370 = VECTOR('',#8371,1.);
#8371 = DIRECTION('',(-1.,-4.440892098501E-16,0.));
#8372 = ORIENTED_EDGE('',*,*,#7066,.T.);
#8373 = ORIENTED_EDGE('',*,*,#8374,.T.);
#8374 = EDGE_CURVE('',#7059,#8375,#8377,.T.);
#8375 = VERTEX_POINT('',#8376);
#8376 = CARTESIAN_POINT('',(0.71,-6.858,2.157));
#8377 = LINE('',#8378,#8379);
#8378 = CARTESIAN_POINT('',(-0.127,-6.858,2.157));
#8379 = VECTOR('',#8380,1.);
#8380 = DIRECTION('',(1.,4.440892098501E-16,0.));
#8381 = ORIENTED_EDGE('',*,*,#8382,.F.);
#8382 = EDGE_CURVE('',#8366,#8375,#8383,.T.);
#8383 = LINE('',#8384,#8385);
#8384 = CARTESIAN_POINT('',(0.71,0.75,2.157));
#8385 = VECTOR('',#8386,1.);
#8386 = DIRECTION('',(4.440892098501E-16,-1.,0.));
#8387 = B_SPLINE_SURFACE_WITH_KNOTS('',1,1,(
    (#8388,#8389)
    ,(#8390,#8391
    )),.UNSPECIFIED.,.F.,.F.,.F.,(2,2),(2,2),(0.,9.27),(0.,1.),
  .PIECEWISE_BEZIER_KNOTS.);
#8388 = CARTESIAN_POINT('',(0.635,0.825,2.157));
#8389 = CARTESIAN_POINT('',(0.71,0.75,2.157));
#8390 = CARTESIAN_POINT('',(0.635,-8.445,2.157));
#8391 = CARTESIAN_POINT('',(0.71,-8.37,2.157));
#8392 = ADVANCED_FACE('',(#8393),#8445,.F.);
#8393 = FACE_BOUND('',#8394,.F.);
#8394 = EDGE_LOOP('',(#8395,#8406,#8412,#8413,#8414,#8423,#8431,#8439));
#8395 = ORIENTED_EDGE('',*,*,#8396,.F.);
#8396 = EDGE_CURVE('',#8397,#8399,#8401,.T.);
#8397 = VERTEX_POINT('',#8398);
#8398 = CARTESIAN_POINT('',(0.254,-3.302,2.157));
#8399 = VERTEX_POINT('',#8400);
#8400 = CARTESIAN_POINT('',(-0.127,-3.302,1.776));
#8401 = CIRCLE('',#8402,0.381);
#8402 = AXIS2_PLACEMENT_3D('',#8403,#8404,#8405);
#8403 = CARTESIAN_POINT('',(0.254,-3.302,1.776));
#8404 = DIRECTION('',(4.440892098501E-16,-1.,0.));
#8405 = DIRECTION('',(0.,0.,1.));
#8406 = ORIENTED_EDGE('',*,*,#8407,.F.);
#8407 = EDGE_CURVE('',#7143,#8397,#8408,.T.);
#8408 = LINE('',#8409,#8410);
#8409 = CARTESIAN_POINT('',(3.937,-3.302,2.157));
#8410 = VECTOR('',#8411,1.);
#8411 = DIRECTION('',(-1.,-4.440892098501E-16,0.));
#8412 = ORIENTED_EDGE('',*,*,#7142,.T.);
#8413 = ORIENTED_EDGE('',*,*,#7096,.T.);
#8414 = ORIENTED_EDGE('',*,*,#8415,.F.);
#8415 = EDGE_CURVE('',#8416,#7089,#8418,.T.);
#8416 = VERTEX_POINT('',#8417);
#8417 = CARTESIAN_POINT('',(0.127,-3.302,1.776));
#8418 = CIRCLE('',#8419,0.127);
#8419 = AXIS2_PLACEMENT_3D('',#8420,#8421,#8422);
#8420 = CARTESIAN_POINT('',(0.254,-3.302,1.776));
#8421 = DIRECTION('',(-4.440892098501E-16,1.,0.));
#8422 = DIRECTION('',(0.,0.,-1.));
#8423 = ORIENTED_EDGE('',*,*,#8424,.F.);
#8424 = EDGE_CURVE('',#8425,#8416,#8427,.T.);
#8425 = VERTEX_POINT('',#8426);
#8426 = CARTESIAN_POINT('',(0.127,-3.302,0.));
#8427 = LINE('',#8428,#8429);
#8428 = CARTESIAN_POINT('',(0.127,-3.302,0.));
#8429 = VECTOR('',#8430,1.);
#8430 = DIRECTION('',(0.,0.,1.));
#8431 = ORIENTED_EDGE('',*,*,#8432,.F.);
#8432 = EDGE_CURVE('',#8433,#8425,#8435,.T.);
#8433 = VERTEX_POINT('',#8434);
#8434 = CARTESIAN_POINT('',(-0.127,-3.302,0.));
#8435 = LINE('',#8436,#8437);
#8436 = CARTESIAN_POINT('',(-0.127,-3.302,0.));
#8437 = VECTOR('',#8438,1.);
#8438 = DIRECTION('',(1.,4.440892098501E-16,0.));
#8439 = ORIENTED_EDGE('',*,*,#8440,.T.);
#8440 = EDGE_CURVE('',#8433,#8399,#8441,.T.);
#8441 = LINE('',#8442,#8443);
#8442 = CARTESIAN_POINT('',(-0.127,-3.302,0.));
#8443 = VECTOR('',#8444,1.);
#8444 = DIRECTION('',(0.,0.,1.));
#8445 = PLANE('',#8446);
#8446 = AXIS2_PLACEMENT_3D('',#8447,#8448,#8449);
#8447 = CARTESIAN_POINT('',(0.254,-3.302,2.157));
#8448 = DIRECTION('',(-4.440892098501E-16,1.,0.));
#8449 = DIRECTION('',(0.,0.,1.));
#8450 = ADVANCED_FACE('',(#8451),#8462,.F.);
#8451 = FACE_BOUND('',#8452,.F.);
#8452 = EDGE_LOOP('',(#8453,#8459,#8460,#8461));
#8453 = ORIENTED_EDGE('',*,*,#8454,.T.);
#8454 = EDGE_CURVE('',#8269,#8416,#8455,.T.);
#8455 = LINE('',#8456,#8457);
#8456 = CARTESIAN_POINT('',(0.127,-1.778,1.776));
#8457 = VECTOR('',#8458,1.);
#8458 = DIRECTION('',(4.440892098501E-16,-1.,0.));
#8459 = ORIENTED_EDGE('',*,*,#8415,.T.);
#8460 = ORIENTED_EDGE('',*,*,#7088,.F.);
#8461 = ORIENTED_EDGE('',*,*,#8268,.F.);
#8462 = CYLINDRICAL_SURFACE('',#8463,0.127);
#8463 = AXIS2_PLACEMENT_3D('',#8464,#8465,#8466);
#8464 = CARTESIAN_POINT('',(0.254,-1.778,1.776));
#8465 = DIRECTION('',(4.440892098501E-16,-1.,0.));
#8466 = DIRECTION('',(-1.,-4.440892098501E-16,0.));
#8467 = ADVANCED_FACE('',(#8468),#8520,.T.);
#8468 = FACE_BOUND('',#8469,.T.);
#8469 = EDGE_LOOP('',(#8470,#8481,#8487,#8488,#8489,#8498,#8506,#8514));
#8470 = ORIENTED_EDGE('',*,*,#8471,.F.);
#8471 = EDGE_CURVE('',#8472,#8474,#8476,.T.);
#8472 = VERTEX_POINT('',#8473);
#8473 = CARTESIAN_POINT('',(0.254,-4.318,2.157));
#8474 = VERTEX_POINT('',#8475);
#8475 = CARTESIAN_POINT('',(-0.127,-4.318,1.776));
#8476 = CIRCLE('',#8477,0.381);
#8477 = AXIS2_PLACEMENT_3D('',#8478,#8479,#8480);
#8478 = CARTESIAN_POINT('',(0.254,-4.318,1.776));
#8479 = DIRECTION('',(4.440892098501E-16,-1.,0.));
#8480 = DIRECTION('',(0.,0.,1.));
#8481 = ORIENTED_EDGE('',*,*,#8482,.T.);
#8482 = EDGE_CURVE('',#8472,#7152,#8483,.T.);
#8483 = LINE('',#8484,#8485);
#8484 = CARTESIAN_POINT('',(-1.110223024625E-15,-4.318,2.157));
#8485 = VECTOR('',#8486,1.);
#8486 = DIRECTION('',(1.,4.440892098501E-16,0.));
#8487 = ORIENTED_EDGE('',*,*,#7151,.T.);
#8488 = ORIENTED_EDGE('',*,*,#7111,.F.);
#8489 = ORIENTED_EDGE('',*,*,#8490,.F.);
#8490 = EDGE_CURVE('',#8491,#7112,#8493,.T.);
#8491 = VERTEX_POINT('',#8492);
#8492 = CARTESIAN_POINT('',(0.127,-4.318,1.776));
#8493 = CIRCLE('',#8494,0.127);
#8494 = AXIS2_PLACEMENT_3D('',#8495,#8496,#8497);
#8495 = CARTESIAN_POINT('',(0.254,-4.318,1.776));
#8496 = DIRECTION('',(-4.440892098501E-16,1.,0.));
#8497 = DIRECTION('',(0.,0.,-1.));
#8498 = ORIENTED_EDGE('',*,*,#8499,.T.);
#8499 = EDGE_CURVE('',#8491,#8500,#8502,.T.);
#8500 = VERTEX_POINT('',#8501);
#8501 = CARTESIAN_POINT('',(0.127,-4.318,0.));
#8502 = LINE('',#8503,#8504);
#8503 = CARTESIAN_POINT('',(0.127,-4.318,2.157));
#8504 = VECTOR('',#8505,1.);
#8505 = DIRECTION('',(-0.,0.,-1.));
#8506 = ORIENTED_EDGE('',*,*,#8507,.F.);
#8507 = EDGE_CURVE('',#8508,#8500,#8510,.T.);
#8508 = VERTEX_POINT('',#8509);
#8509 = CARTESIAN_POINT('',(-0.127,-4.318,0.));
#8510 = LINE('',#8511,#8512);
#8511 = CARTESIAN_POINT('',(-0.127,-4.318,0.));
#8512 = VECTOR('',#8513,1.);
#8513 = DIRECTION('',(1.,4.440892098501E-16,0.));
#8514 = ORIENTED_EDGE('',*,*,#8515,.F.);
#8515 = EDGE_CURVE('',#8474,#8508,#8516,.T.);
#8516 = LINE('',#8517,#8518);
#8517 = CARTESIAN_POINT('',(-0.127,-4.318,2.157));
#8518 = VECTOR('',#8519,1.);
#8519 = DIRECTION('',(-0.,0.,-1.));
#8520 = PLANE('',#8521);
#8521 = AXIS2_PLACEMENT_3D('',#8522,#8523,#8524);
#8522 = CARTESIAN_POINT('',(0.254,-4.318,2.157));
#8523 = DIRECTION('',(-4.440892098501E-16,1.,0.));
#8524 = DIRECTION('',(0.,0.,1.));
#8525 = ADVANCED_FACE('',(#8526),#8537,.F.);
#8526 = FACE_BOUND('',#8527,.F.);
#8527 = EDGE_LOOP('',(#8528,#8534,#8535,#8536));
#8528 = ORIENTED_EDGE('',*,*,#8529,.T.);
#8529 = EDGE_CURVE('',#8491,#8327,#8530,.T.);
#8530 = LINE('',#8531,#8532);
#8531 = CARTESIAN_POINT('',(0.127,-4.318,1.776));
#8532 = VECTOR('',#8533,1.);
#8533 = DIRECTION('',(4.440892098501E-16,-1.,0.));
#8534 = ORIENTED_EDGE('',*,*,#8326,.T.);
#8535 = ORIENTED_EDGE('',*,*,#7119,.F.);
#8536 = ORIENTED_EDGE('',*,*,#8490,.F.);
#8537 = CYLINDRICAL_SURFACE('',#8538,0.127);
#8538 = AXIS2_PLACEMENT_3D('',#8539,#8540,#8541);
#8539 = CARTESIAN_POINT('',(0.254,-4.318,1.776));
#8540 = DIRECTION('',(4.440892098501E-16,-1.,0.));
#8541 = DIRECTION('',(-1.,-4.440892098501E-16,0.));
#8542 = ADVANCED_FACE('',(#8543),#8568,.T.);
#8543 = FACE_BOUND('',#8544,.T.);
#8544 = EDGE_LOOP('',(#8545,#8553,#8554,#8562));
#8545 = ORIENTED_EDGE('',*,*,#8546,.T.);
#8546 = EDGE_CURVE('',#8547,#7143,#8549,.T.);
#8547 = VERTEX_POINT('',#8548);
#8548 = CARTESIAN_POINT('',(0.71,-3.302,2.157));
#8549 = LINE('',#8550,#8551);
#8550 = CARTESIAN_POINT('',(3.937,-3.302,2.157));
#8551 = VECTOR('',#8552,1.);
#8552 = DIRECTION('',(-1.,-4.440892098501E-16,0.));
#8553 = ORIENTED_EDGE('',*,*,#7159,.T.);
#8554 = ORIENTED_EDGE('',*,*,#8555,.T.);
#8555 = EDGE_CURVE('',#7152,#8556,#8558,.T.);
#8556 = VERTEX_POINT('',#8557);
#8557 = CARTESIAN_POINT('',(0.71,-4.318,2.157));
#8558 = LINE('',#8559,#8560);
#8559 = CARTESIAN_POINT('',(-1.110223024625E-15,-4.318,2.157));
#8560 = VECTOR('',#8561,1.);
#8561 = DIRECTION('',(1.,4.440892098501E-16,0.));
#8562 = ORIENTED_EDGE('',*,*,#8563,.F.);
#8563 = EDGE_CURVE('',#8547,#8556,#8564,.T.);
#8564 = LINE('',#8565,#8566);
#8565 = CARTESIAN_POINT('',(0.71,0.75,2.157));
#8566 = VECTOR('',#8567,1.);
#8567 = DIRECTION('',(4.440892098501E-16,-1.,0.));
#8568 = B_SPLINE_SURFACE_WITH_KNOTS('',1,1,(
    (#8569,#8570)
    ,(#8571,#8572
    )),.UNSPECIFIED.,.F.,.F.,.F.,(2,2),(2,2),(0.,9.27),(0.,1.),
  .PIECEWISE_BEZIER_KNOTS.);
#8569 = CARTESIAN_POINT('',(0.635,0.825,2.157));
#8570 = CARTESIAN_POINT('',(0.71,0.75,2.157));
#8571 = CARTESIAN_POINT('',(0.635,-8.445,2.157));
#8572 = CARTESIAN_POINT('',(0.71,-8.37,2.157));
#8573 = ADVANCED_FACE('',(#8574),#8585,.T.);
#8574 = FACE_BOUND('',#8575,.T.);
#8575 = EDGE_LOOP('',(#8576,#8577,#8578,#8584));
#8576 = ORIENTED_EDGE('',*,*,#7175,.T.);
#8577 = ORIENTED_EDGE('',*,*,#7190,.T.);
#8578 = ORIENTED_EDGE('',*,*,#8579,.F.);
#8579 = EDGE_CURVE('',#8048,#7191,#8580,.T.);
#8580 = LINE('',#8581,#8582);
#8581 = CARTESIAN_POINT('',(0.71,-8.37,2.157));
#8582 = VECTOR('',#8583,1.);
#8583 = DIRECTION('',(1.,4.440892098501E-16,0.));
#8584 = ORIENTED_EDGE('',*,*,#8047,.F.);
#8585 = B_SPLINE_SURFACE_WITH_KNOTS('',1,1,(
    (#8586,#8587)
    ,(#8588,#8589
    )),.UNSPECIFIED.,.F.,.F.,.F.,(2,2),(2,2),(0.,6.35),(0.,1.),
  .PIECEWISE_BEZIER_KNOTS.);
#8586 = CARTESIAN_POINT('',(0.635,-8.445,2.157));
#8587 = CARTESIAN_POINT('',(0.71,-8.37,2.157));
#8588 = CARTESIAN_POINT('',(6.985,-8.445,2.157));
#8589 = CARTESIAN_POINT('',(6.91,-8.37,2.157));
#8590 = ADVANCED_FACE('',(#8591),#8642,.T.);
#8591 = FACE_BOUND('',#8592,.T.);
#8592 = EDGE_LOOP('',(#8593,#8594,#8600,#8601,#8607,#8608,#8614,#8615,
    #8621,#8622,#8629,#8637));
#8593 = ORIENTED_EDGE('',*,*,#7206,.T.);
#8594 = ORIENTED_EDGE('',*,*,#8595,.T.);
#8595 = EDGE_CURVE('',#7199,#7517,#8596,.T.);
#8596 = LINE('',#8597,#8598);
#8597 = CARTESIAN_POINT('',(6.91,-8.37,2.157));
#8598 = VECTOR('',#8599,1.);
#8599 = DIRECTION('',(-4.440892098501E-16,1.,0.));
#8600 = ORIENTED_EDGE('',*,*,#7533,.T.);
#8601 = ORIENTED_EDGE('',*,*,#8602,.T.);
#8602 = EDGE_CURVE('',#7526,#7845,#8603,.T.);
#8603 = LINE('',#8604,#8605);
#8604 = CARTESIAN_POINT('',(6.91,-8.37,2.157));
#8605 = VECTOR('',#8606,1.);
#8606 = DIRECTION('',(-4.440892098501E-16,1.,0.));
#8607 = ORIENTED_EDGE('',*,*,#7861,.T.);
#8608 = ORIENTED_EDGE('',*,*,#8609,.T.);
#8609 = EDGE_CURVE('',#7854,#7664,#8610,.T.);
#8610 = LINE('',#8611,#8612);
#8611 = CARTESIAN_POINT('',(6.91,-8.37,2.157));
#8612 = VECTOR('',#8613,1.);
#8613 = DIRECTION('',(-4.440892098501E-16,1.,0.));
#8614 = ORIENTED_EDGE('',*,*,#7680,.T.);
#8615 = ORIENTED_EDGE('',*,*,#8616,.T.);
#8616 = EDGE_CURVE('',#7673,#7337,#8617,.T.);
#8617 = LINE('',#8618,#8619);
#8618 = CARTESIAN_POINT('',(6.91,-8.37,2.157));
#8619 = VECTOR('',#8620,1.);
#8620 = DIRECTION('',(-4.440892098501E-16,1.,0.));
#8621 = ORIENTED_EDGE('',*,*,#7352,.T.);
#8622 = ORIENTED_EDGE('',*,*,#8623,.T.);
#8623 = EDGE_CURVE('',#7346,#8624,#8626,.T.);
#8624 = VERTEX_POINT('',#8625);
#8625 = CARTESIAN_POINT('',(6.586276356577,0.426276356577,3.68));
#8626 = B_SPLINE_CURVE_WITH_KNOTS('',1,(#8627,#8628),.UNSPECIFIED.,.F.,
  .F.,(2,2),(0.,1.),.PIECEWISE_BEZIER_KNOTS.);
#8627 = CARTESIAN_POINT('',(6.91,0.75,2.157));
#8628 = CARTESIAN_POINT('',(6.586276356577,0.426276356577,3.68));
#8629 = ORIENTED_EDGE('',*,*,#8630,.F.);
#8630 = EDGE_CURVE('',#8631,#8624,#8633,.T.);
#8631 = VERTEX_POINT('',#8632);
#8632 = CARTESIAN_POINT('',(6.586276356577,-8.046276356577,3.68));
#8633 = LINE('',#8634,#8635);
#8634 = CARTESIAN_POINT('',(6.586276356577,-8.046276356577,3.68));
#8635 = VECTOR('',#8636,1.);
#8636 = DIRECTION('',(-4.440892098501E-16,1.,0.));
#8637 = ORIENTED_EDGE('',*,*,#8638,.F.);
#8638 = EDGE_CURVE('',#7191,#8631,#8639,.T.);
#8639 = B_SPLINE_CURVE_WITH_KNOTS('',1,(#8640,#8641),.UNSPECIFIED.,.F.,
  .F.,(2,2),(0.,1.),.PIECEWISE_BEZIER_KNOTS.);
#8640 = CARTESIAN_POINT('',(6.91,-8.37,2.157));
#8641 = CARTESIAN_POINT('',(6.586276356577,-8.046276356577,3.68));
#8642 = B_SPLINE_SURFACE_WITH_KNOTS('',1,1,(
    (#8643,#8644)
    ,(#8645,#8646
    )),.UNSPECIFIED.,.F.,.F.,.F.,(2,2),(2,2),(0.,9.12),(0.,1.),
  .PIECEWISE_BEZIER_KNOTS.);
#8643 = CARTESIAN_POINT('',(6.91,-8.37,2.157));
#8644 = CARTESIAN_POINT('',(6.586276356577,-8.046276356577,3.68));
#8645 = CARTESIAN_POINT('',(6.91,0.75,2.157));
#8646 = CARTESIAN_POINT('',(6.586276356577,0.426276356577,3.68));
#8647 = ADVANCED_FACE('',(#8648),#8661,.T.);
#8648 = FACE_BOUND('',#8649,.T.);
#8649 = EDGE_LOOP('',(#8650,#8651,#8652,#8653,#8659,#8660));
#8650 = ORIENTED_EDGE('',*,*,#8595,.F.);
#8651 = ORIENTED_EDGE('',*,*,#7198,.F.);
#8652 = ORIENTED_EDGE('',*,*,#7222,.F.);
#8653 = ORIENTED_EDGE('',*,*,#8654,.F.);
#8654 = EDGE_CURVE('',#7402,#7223,#8655,.T.);
#8655 = LINE('',#8656,#8657);
#8656 = CARTESIAN_POINT('',(7.366,-6.858,2.157));
#8657 = VECTOR('',#8658,1.);
#8658 = DIRECTION('',(3.216245299353E-16,-1.,0.));
#8659 = ORIENTED_EDGE('',*,*,#7410,.F.);
#8660 = ORIENTED_EDGE('',*,*,#7516,.F.);
#8661 = PLANE('',#8662);
#8662 = AXIS2_PLACEMENT_3D('',#8663,#8664,#8665);
#8663 = CARTESIAN_POINT('',(3.81,-7.8485,2.157));
#8664 = DIRECTION('',(0.,0.,1.));
#8665 = DIRECTION('',(-4.440892098501E-16,1.,0.));
#8666 = ADVANCED_FACE('',(#8667),#8710,.T.);
#8667 = FACE_BOUND('',#8668,.T.);
#8668 = EDGE_LOOP('',(#8669,#8670,#8671,#8672,#8680,#8688,#8696,#8704));
#8669 = ORIENTED_EDGE('',*,*,#7255,.F.);
#8670 = ORIENTED_EDGE('',*,*,#7424,.T.);
#8671 = ORIENTED_EDGE('',*,*,#7377,.F.);
#8672 = ORIENTED_EDGE('',*,*,#8673,.F.);
#8673 = EDGE_CURVE('',#8674,#7378,#8676,.T.);
#8674 = VERTEX_POINT('',#8675);
#8675 = CARTESIAN_POINT('',(7.493,-7.3915,0.));
#8676 = LINE('',#8677,#8678);
#8677 = CARTESIAN_POINT('',(7.493,-7.3915,0.));
#8678 = VECTOR('',#8679,1.);
#8679 = DIRECTION('',(-3.216245299353E-16,1.,0.));
#8680 = ORIENTED_EDGE('',*,*,#8681,.F.);
#8681 = EDGE_CURVE('',#8682,#8674,#8684,.T.);
#8682 = VERTEX_POINT('',#8683);
#8683 = CARTESIAN_POINT('',(7.493,-7.3915,-2.843));
#8684 = LINE('',#8685,#8686);
#8685 = CARTESIAN_POINT('',(7.493,-7.3915,-2.843));
#8686 = VECTOR('',#8687,1.);
#8687 = DIRECTION('',(0.,0.,1.));
#8688 = ORIENTED_EDGE('',*,*,#8689,.F.);
#8689 = EDGE_CURVE('',#8690,#8682,#8692,.T.);
#8690 = VERTEX_POINT('',#8691);
#8691 = CARTESIAN_POINT('',(7.493,-7.50575,-3.3));
#8692 = LINE('',#8693,#8694);
#8693 = CARTESIAN_POINT('',(7.493,-7.50575,-3.3));
#8694 = VECTOR('',#8695,1.);
#8695 = DIRECTION('',(-7.800540639491E-17,0.242535625036,0.970142500145)
  );
#8696 = ORIENTED_EDGE('',*,*,#8697,.F.);
#8697 = EDGE_CURVE('',#8698,#8690,#8700,.T.);
#8698 = VERTEX_POINT('',#8699);
#8699 = CARTESIAN_POINT('',(7.493,-7.73425,-3.3));
#8700 = LINE('',#8701,#8702);
#8701 = CARTESIAN_POINT('',(7.493,-7.73425,-3.3));
#8702 = VECTOR('',#8703,1.);
#8703 = DIRECTION('',(-3.216245299353E-16,1.,0.));
#8704 = ORIENTED_EDGE('',*,*,#8705,.F.);
#8705 = EDGE_CURVE('',#7248,#8698,#8706,.T.);
#8706 = LINE('',#8707,#8708);
#8707 = CARTESIAN_POINT('',(7.493,-7.8485,-2.843));
#8708 = VECTOR('',#8709,1.);
#8709 = DIRECTION('',(-7.800540639491E-17,0.242535625036,-0.970142500145
    ));
#8710 = PLANE('',#8711);
#8711 = AXIS2_PLACEMENT_3D('',#8712,#8713,#8714);
#8712 = CARTESIAN_POINT('',(7.493,-7.8485,2.157));
#8713 = DIRECTION('',(-1.,-3.216245299353E-16,0.));
#8714 = DIRECTION('',(-0.,0.,-1.));
#8715 = ADVANCED_FACE('',(#8716),#8734,.T.);
#8716 = FACE_BOUND('',#8717,.T.);
#8717 = EDGE_LOOP('',(#8718,#8719,#8720,#8728));
#8718 = ORIENTED_EDGE('',*,*,#7247,.T.);
#8719 = ORIENTED_EDGE('',*,*,#8705,.T.);
#8720 = ORIENTED_EDGE('',*,*,#8721,.F.);
#8721 = EDGE_CURVE('',#8722,#8698,#8724,.T.);
#8722 = VERTEX_POINT('',#8723);
#8723 = CARTESIAN_POINT('',(7.747,-7.73425,-3.3));
#8724 = LINE('',#8725,#8726);
#8725 = CARTESIAN_POINT('',(7.747,-7.73425,-3.3));
#8726 = VECTOR('',#8727,1.);
#8727 = DIRECTION('',(-1.,-3.216245299353E-16,0.));
#8728 = ORIENTED_EDGE('',*,*,#8729,.F.);
#8729 = EDGE_CURVE('',#7240,#8722,#8730,.T.);
#8730 = LINE('',#8731,#8732);
#8731 = CARTESIAN_POINT('',(7.747,-7.8485,-2.843));
#8732 = VECTOR('',#8733,1.);
#8733 = DIRECTION('',(-7.800540639491E-17,0.242535625036,-0.970142500145
    ));
#8734 = PLANE('',#8735);
#8735 = AXIS2_PLACEMENT_3D('',#8736,#8737,#8738);
#8736 = CARTESIAN_POINT('',(7.747,-7.8485,-2.843));
#8737 = DIRECTION('',(3.120216255796E-16,-0.970142500145,-0.242535625036
    ));
#8738 = DIRECTION('',(-7.800540639491E-17,0.242535625036,-0.970142500145
    ));
#8739 = ADVANCED_FACE('',(#8740),#8781,.F.);
#8740 = FACE_BOUND('',#8741,.F.);
#8741 = EDGE_LOOP('',(#8742,#8743,#8749,#8750,#8758,#8766,#8774,#8780));
#8742 = ORIENTED_EDGE('',*,*,#7239,.F.);
#8743 = ORIENTED_EDGE('',*,*,#8744,.F.);
#8744 = EDGE_CURVE('',#7394,#7231,#8745,.T.);
#8745 = LINE('',#8746,#8747);
#8746 = CARTESIAN_POINT('',(7.747,-6.858,1.776));
#8747 = VECTOR('',#8748,1.);
#8748 = DIRECTION('',(3.216245299353E-16,-1.,0.));
#8749 = ORIENTED_EDGE('',*,*,#7393,.F.);
#8750 = ORIENTED_EDGE('',*,*,#8751,.F.);
#8751 = EDGE_CURVE('',#8752,#7386,#8754,.T.);
#8752 = VERTEX_POINT('',#8753);
#8753 = CARTESIAN_POINT('',(7.747,-7.3915,0.));
#8754 = LINE('',#8755,#8756);
#8755 = CARTESIAN_POINT('',(7.747,-7.3915,0.));
#8756 = VECTOR('',#8757,1.);
#8757 = DIRECTION('',(-3.216245299353E-16,1.,0.));
#8758 = ORIENTED_EDGE('',*,*,#8759,.F.);
#8759 = EDGE_CURVE('',#8760,#8752,#8762,.T.);
#8760 = VERTEX_POINT('',#8761);
#8761 = CARTESIAN_POINT('',(7.747,-7.3915,-2.843));
#8762 = LINE('',#8763,#8764);
#8763 = CARTESIAN_POINT('',(7.747,-7.3915,-2.843));
#8764 = VECTOR('',#8765,1.);
#8765 = DIRECTION('',(0.,0.,1.));
#8766 = ORIENTED_EDGE('',*,*,#8767,.F.);
#8767 = EDGE_CURVE('',#8768,#8760,#8770,.T.);
#8768 = VERTEX_POINT('',#8769);
#8769 = CARTESIAN_POINT('',(7.747,-7.50575,-3.3));
#8770 = LINE('',#8771,#8772);
#8771 = CARTESIAN_POINT('',(7.747,-7.50575,-3.3));
#8772 = VECTOR('',#8773,1.);
#8773 = DIRECTION('',(-7.800540639491E-17,0.242535625036,0.970142500145)
  );
#8774 = ORIENTED_EDGE('',*,*,#8775,.F.);
#8775 = EDGE_CURVE('',#8722,#8768,#8776,.T.);
#8776 = LINE('',#8777,#8778);
#8777 = CARTESIAN_POINT('',(7.747,-7.73425,-3.3));
#8778 = VECTOR('',#8779,1.);
#8779 = DIRECTION('',(-3.216245299353E-16,1.,0.));
#8780 = ORIENTED_EDGE('',*,*,#8729,.F.);
#8781 = PLANE('',#8782);
#8782 = AXIS2_PLACEMENT_3D('',#8783,#8784,#8785);
#8783 = CARTESIAN_POINT('',(7.747,-7.8485,2.157));
#8784 = DIRECTION('',(-1.,-3.216245299353E-16,0.));
#8785 = DIRECTION('',(-0.,0.,-1.));
#8786 = ADVANCED_FACE('',(#8787),#8793,.T.);
#8787 = FACE_BOUND('',#8788,.T.);
#8788 = EDGE_LOOP('',(#8789,#8790,#8791,#8792));
#8789 = ORIENTED_EDGE('',*,*,#8654,.T.);
#8790 = ORIENTED_EDGE('',*,*,#7230,.T.);
#8791 = ORIENTED_EDGE('',*,*,#8744,.F.);
#8792 = ORIENTED_EDGE('',*,*,#7401,.F.);
#8793 = CYLINDRICAL_SURFACE('',#8794,0.381);
#8794 = AXIS2_PLACEMENT_3D('',#8795,#8796,#8797);
#8795 = CARTESIAN_POINT('',(7.366,-6.858,1.776));
#8796 = DIRECTION('',(3.216245299353E-16,-1.,0.));
#8797 = DIRECTION('',(0.,0.,1.));
#8798 = ADVANCED_FACE('',(#8799),#8812,.T.);
#8799 = FACE_BOUND('',#8800,.T.);
#8800 = EDGE_LOOP('',(#8801,#8802,#8803,#8804,#8810,#8811));
#8801 = ORIENTED_EDGE('',*,*,#8616,.F.);
#8802 = ORIENTED_EDGE('',*,*,#7672,.F.);
#8803 = ORIENTED_EDGE('',*,*,#7502,.F.);
#8804 = ORIENTED_EDGE('',*,*,#8805,.F.);
#8805 = EDGE_CURVE('',#7314,#7494,#8806,.T.);
#8806 = LINE('',#8807,#8808);
#8807 = CARTESIAN_POINT('',(7.366,0.2285,2.157));
#8808 = VECTOR('',#8809,1.);
#8809 = DIRECTION('',(3.216245299353E-16,-1.,0.));
#8810 = ORIENTED_EDGE('',*,*,#7322,.F.);
#8811 = ORIENTED_EDGE('',*,*,#7336,.F.);
#8812 = PLANE('',#8813);
#8813 = AXIS2_PLACEMENT_3D('',#8814,#8815,#8816);
#8814 = CARTESIAN_POINT('',(3.81,-0.762,2.157));
#8815 = DIRECTION('',(0.,0.,1.));
#8816 = DIRECTION('',(-4.440892098501E-16,1.,0.));
#8817 = ADVANCED_FACE('',(#8818),#8829,.T.);
#8818 = FACE_BOUND('',#8819,.T.);
#8819 = EDGE_LOOP('',(#8820,#8821,#8822,#8823));
#8820 = ORIENTED_EDGE('',*,*,#7313,.T.);
#8821 = ORIENTED_EDGE('',*,*,#8805,.T.);
#8822 = ORIENTED_EDGE('',*,*,#7493,.F.);
#8823 = ORIENTED_EDGE('',*,*,#8824,.F.);
#8824 = EDGE_CURVE('',#7306,#7486,#8825,.T.);
#8825 = LINE('',#8826,#8827);
#8826 = CARTESIAN_POINT('',(7.747,0.2285,1.776));
#8827 = VECTOR('',#8828,1.);
#8828 = DIRECTION('',(3.216245299353E-16,-1.,0.));
#8829 = CYLINDRICAL_SURFACE('',#8830,0.381);
#8830 = AXIS2_PLACEMENT_3D('',#8831,#8832,#8833);
#8831 = CARTESIAN_POINT('',(7.366,0.2285,1.776));
#8832 = DIRECTION('',(3.216245299353E-16,-1.,0.));
#8833 = DIRECTION('',(1.,3.216245299353E-16,0.));
#8834 = ADVANCED_FACE('',(#8835),#8878,.T.);
#8835 = FACE_BOUND('',#8836,.T.);
#8836 = EDGE_LOOP('',(#8837,#8838,#8839,#8840,#8848,#8856,#8864,#8872));
#8837 = ORIENTED_EDGE('',*,*,#7305,.F.);
#8838 = ORIENTED_EDGE('',*,*,#8824,.T.);
#8839 = ORIENTED_EDGE('',*,*,#7485,.F.);
#8840 = ORIENTED_EDGE('',*,*,#8841,.F.);
#8841 = EDGE_CURVE('',#8842,#7478,#8844,.T.);
#8842 = VERTEX_POINT('',#8843);
#8843 = CARTESIAN_POINT('',(7.747,-0.2285,0.));
#8844 = LINE('',#8845,#8846);
#8845 = CARTESIAN_POINT('',(7.747,-0.2285,0.));
#8846 = VECTOR('',#8847,1.);
#8847 = DIRECTION('',(3.216245299353E-16,-1.,0.));
#8848 = ORIENTED_EDGE('',*,*,#8849,.F.);
#8849 = EDGE_CURVE('',#8850,#8842,#8852,.T.);
#8850 = VERTEX_POINT('',#8851);
#8851 = CARTESIAN_POINT('',(7.747,-0.2285,-2.843));
#8852 = LINE('',#8853,#8854);
#8853 = CARTESIAN_POINT('',(7.747,-0.2285,-2.843));
#8854 = VECTOR('',#8855,1.);
#8855 = DIRECTION('',(0.,0.,1.));
#8856 = ORIENTED_EDGE('',*,*,#8857,.F.);
#8857 = EDGE_CURVE('',#8858,#8850,#8860,.T.);
#8858 = VERTEX_POINT('',#8859);
#8859 = CARTESIAN_POINT('',(7.747,-0.11425,-3.3));
#8860 = LINE('',#8861,#8862);
#8861 = CARTESIAN_POINT('',(7.747,-0.11425,-3.3));
#8862 = VECTOR('',#8863,1.);
#8863 = DIRECTION('',(7.800540639491E-17,-0.242535625036,0.970142500145)
  );
#8864 = ORIENTED_EDGE('',*,*,#8865,.F.);
#8865 = EDGE_CURVE('',#8866,#8858,#8868,.T.);
#8866 = VERTEX_POINT('',#8867);
#8867 = CARTESIAN_POINT('',(7.747,0.11425,-3.3));
#8868 = LINE('',#8869,#8870);
#8869 = CARTESIAN_POINT('',(7.747,0.11425,-3.3));
#8870 = VECTOR('',#8871,1.);
#8871 = DIRECTION('',(3.216245299353E-16,-1.,0.));
#8872 = ORIENTED_EDGE('',*,*,#8873,.F.);
#8873 = EDGE_CURVE('',#7298,#8866,#8874,.T.);
#8874 = LINE('',#8875,#8876);
#8875 = CARTESIAN_POINT('',(7.747,0.2285,-2.843));
#8876 = VECTOR('',#8877,1.);
#8877 = DIRECTION('',(7.800540639491E-17,-0.242535625036,-0.970142500145
    ));
#8878 = PLANE('',#8879);
#8879 = AXIS2_PLACEMENT_3D('',#8880,#8881,#8882);
#8880 = CARTESIAN_POINT('',(7.747,0.2285,2.157));
#8881 = DIRECTION('',(1.,3.216245299353E-16,0.));
#8882 = DIRECTION('',(0.,-0.,1.));
#8883 = ADVANCED_FACE('',(#8884),#8902,.F.);
#8884 = FACE_BOUND('',#8885,.F.);
#8885 = EDGE_LOOP('',(#8886,#8887,#8895,#8901));
#8886 = ORIENTED_EDGE('',*,*,#7297,.T.);
#8887 = ORIENTED_EDGE('',*,*,#8888,.T.);
#8888 = EDGE_CURVE('',#7290,#8889,#8891,.T.);
#8889 = VERTEX_POINT('',#8890);
#8890 = CARTESIAN_POINT('',(7.493,0.11425,-3.3));
#8891 = LINE('',#8892,#8893);
#8892 = CARTESIAN_POINT('',(7.493,0.2285,-2.843));
#8893 = VECTOR('',#8894,1.);
#8894 = DIRECTION('',(7.800540639491E-17,-0.242535625036,-0.970142500145
    ));
#8895 = ORIENTED_EDGE('',*,*,#8896,.F.);
#8896 = EDGE_CURVE('',#8866,#8889,#8897,.T.);
#8897 = LINE('',#8898,#8899);
#8898 = CARTESIAN_POINT('',(7.747,0.11425,-3.3));
#8899 = VECTOR('',#8900,1.);
#8900 = DIRECTION('',(-1.,-3.216245299353E-16,0.));
#8901 = ORIENTED_EDGE('',*,*,#8873,.F.);
#8902 = PLANE('',#8903);
#8903 = AXIS2_PLACEMENT_3D('',#8904,#8905,#8906);
#8904 = CARTESIAN_POINT('',(7.747,0.2285,-2.843));
#8905 = DIRECTION('',(3.120216255796E-16,-0.970142500145,0.242535625036)
  );
#8906 = DIRECTION('',(7.800540639491E-17,-0.242535625036,-0.970142500145
    ));
#8907 = ADVANCED_FACE('',(#8908),#8944,.F.);
#8908 = FACE_BOUND('',#8909,.F.);
#8909 = EDGE_LOOP('',(#8910,#8911,#8912,#8913,#8921,#8929,#8937,#8943));
#8910 = ORIENTED_EDGE('',*,*,#7289,.F.);
#8911 = ORIENTED_EDGE('',*,*,#7452,.T.);
#8912 = ORIENTED_EDGE('',*,*,#7469,.F.);
#8913 = ORIENTED_EDGE('',*,*,#8914,.F.);
#8914 = EDGE_CURVE('',#8915,#7470,#8917,.T.);
#8915 = VERTEX_POINT('',#8916);
#8916 = CARTESIAN_POINT('',(7.493,-0.2285,0.));
#8917 = LINE('',#8918,#8919);
#8918 = CARTESIAN_POINT('',(7.493,-0.2285,0.));
#8919 = VECTOR('',#8920,1.);
#8920 = DIRECTION('',(3.216245299353E-16,-1.,0.));
#8921 = ORIENTED_EDGE('',*,*,#8922,.F.);
#8922 = EDGE_CURVE('',#8923,#8915,#8925,.T.);
#8923 = VERTEX_POINT('',#8924);
#8924 = CARTESIAN_POINT('',(7.493,-0.2285,-2.843));
#8925 = LINE('',#8926,#8927);
#8926 = CARTESIAN_POINT('',(7.493,-0.2285,-2.843));
#8927 = VECTOR('',#8928,1.);
#8928 = DIRECTION('',(0.,0.,1.));
#8929 = ORIENTED_EDGE('',*,*,#8930,.F.);
#8930 = EDGE_CURVE('',#8931,#8923,#8933,.T.);
#8931 = VERTEX_POINT('',#8932);
#8932 = CARTESIAN_POINT('',(7.493,-0.11425,-3.3));
#8933 = LINE('',#8934,#8935);
#8934 = CARTESIAN_POINT('',(7.493,-0.11425,-3.3));
#8935 = VECTOR('',#8936,1.);
#8936 = DIRECTION('',(7.800540639491E-17,-0.242535625036,0.970142500145)
  );
#8937 = ORIENTED_EDGE('',*,*,#8938,.F.);
#8938 = EDGE_CURVE('',#8889,#8931,#8939,.T.);
#8939 = LINE('',#8940,#8941);
#8940 = CARTESIAN_POINT('',(7.493,0.11425,-3.3));
#8941 = VECTOR('',#8942,1.);
#8942 = DIRECTION('',(3.216245299353E-16,-1.,0.));
#8943 = ORIENTED_EDGE('',*,*,#8888,.F.);
#8944 = PLANE('',#8945);
#8945 = AXIS2_PLACEMENT_3D('',#8946,#8947,#8948);
#8946 = CARTESIAN_POINT('',(7.493,0.2285,2.157));
#8947 = DIRECTION('',(1.,3.216245299353E-16,0.));
#8948 = DIRECTION('',(0.,-0.,1.));
#8949 = ADVANCED_FACE('',(#8950),#8961,.T.);
#8950 = FACE_BOUND('',#8951,.T.);
#8951 = EDGE_LOOP('',(#8952,#8958,#8959,#8960));
#8952 = ORIENTED_EDGE('',*,*,#8953,.T.);
#8953 = EDGE_CURVE('',#8752,#8674,#8954,.T.);
#8954 = LINE('',#8955,#8956);
#8955 = CARTESIAN_POINT('',(7.747,-7.3915,0.));
#8956 = VECTOR('',#8957,1.);
#8957 = DIRECTION('',(-1.,-3.216245299353E-16,0.));
#8958 = ORIENTED_EDGE('',*,*,#8673,.T.);
#8959 = ORIENTED_EDGE('',*,*,#7385,.F.);
#8960 = ORIENTED_EDGE('',*,*,#8751,.F.);
#8961 = PLANE('',#8962);
#8962 = AXIS2_PLACEMENT_3D('',#8963,#8964,#8965);
#8963 = CARTESIAN_POINT('',(7.747,-7.3915,0.));
#8964 = DIRECTION('',(-0.,0.,-1.));
#8965 = DIRECTION('',(-3.216245299353E-16,1.,0.));
#8966 = ADVANCED_FACE('',(#8967),#8978,.F.);
#8967 = FACE_BOUND('',#8968,.F.);
#8968 = EDGE_LOOP('',(#8969,#8975,#8976,#8977));
#8969 = ORIENTED_EDGE('',*,*,#8970,.T.);
#8970 = EDGE_CURVE('',#8842,#8915,#8971,.T.);
#8971 = LINE('',#8972,#8973);
#8972 = CARTESIAN_POINT('',(7.747,-0.2285,0.));
#8973 = VECTOR('',#8974,1.);
#8974 = DIRECTION('',(-1.,-3.216245299353E-16,0.));
#8975 = ORIENTED_EDGE('',*,*,#8914,.T.);
#8976 = ORIENTED_EDGE('',*,*,#7477,.F.);
#8977 = ORIENTED_EDGE('',*,*,#8841,.F.);
#8978 = PLANE('',#8979);
#8979 = AXIS2_PLACEMENT_3D('',#8980,#8981,#8982);
#8980 = CARTESIAN_POINT('',(7.747,-0.2285,0.));
#8981 = DIRECTION('',(0.,0.,1.));
#8982 = DIRECTION('',(3.216245299353E-16,-1.,0.));
#8983 = ADVANCED_FACE('',(#8984),#8997,.T.);
#8984 = FACE_BOUND('',#8985,.T.);
#8985 = EDGE_LOOP('',(#8986,#8987,#8988,#8989,#8995,#8996));
#8986 = ORIENTED_EDGE('',*,*,#8602,.F.);
#8987 = ORIENTED_EDGE('',*,*,#7525,.F.);
#8988 = ORIENTED_EDGE('',*,*,#7549,.F.);
#8989 = ORIENTED_EDGE('',*,*,#8990,.F.);
#8990 = EDGE_CURVE('',#7697,#7550,#8991,.T.);
#8991 = LINE('',#8992,#8993);
#8992 = CARTESIAN_POINT('',(7.366,-4.318,2.157));
#8993 = VECTOR('',#8994,1.);
#8994 = DIRECTION('',(3.216245299353E-16,-1.,0.));
#8995 = ORIENTED_EDGE('',*,*,#7696,.F.);
#8996 = ORIENTED_EDGE('',*,*,#7844,.F.);
#8997 = PLANE('',#8998);
#8998 = AXIS2_PLACEMENT_3D('',#8999,#9000,#9001);
#8999 = CARTESIAN_POINT('',(3.683,-5.842,2.157));
#9000 = DIRECTION('',(0.,0.,1.));
#9001 = DIRECTION('',(-4.440892098501E-16,1.,0.));
#9002 = ADVANCED_FACE('',(#9003),#9062,.T.);
#9003 = FACE_BOUND('',#9004,.T.);
#9004 = EDGE_LOOP('',(#9005,#9006,#9007,#9008,#9016,#9024,#9032,#9040,
    #9048,#9056));
#9005 = ORIENTED_EDGE('',*,*,#7582,.F.);
#9006 = ORIENTED_EDGE('',*,*,#7752,.T.);
#9007 = ORIENTED_EDGE('',*,*,#7729,.F.);
#9008 = ORIENTED_EDGE('',*,*,#9009,.F.);
#9009 = EDGE_CURVE('',#9010,#7722,#9012,.T.);
#9010 = VERTEX_POINT('',#9011);
#9011 = CARTESIAN_POINT('',(7.493,-4.8515,0.));
#9012 = LINE('',#9013,#9014);
#9013 = CARTESIAN_POINT('',(7.493,-4.8515,0.));
#9014 = VECTOR('',#9015,1.);
#9015 = DIRECTION('',(-3.216245299353E-16,1.,0.));
#9016 = ORIENTED_EDGE('',*,*,#9017,.F.);
#9017 = EDGE_CURVE('',#9018,#9010,#9020,.T.);
#9018 = VERTEX_POINT('',#9019);
#9019 = CARTESIAN_POINT('',(7.493,-4.8515,-2.843));
#9020 = LINE('',#9021,#9022);
#9021 = CARTESIAN_POINT('',(7.493,-4.8515,-2.843));
#9022 = VECTOR('',#9023,1.);
#9023 = DIRECTION('',(0.,0.,1.));
#9024 = ORIENTED_EDGE('',*,*,#9025,.F.);
#9025 = EDGE_CURVE('',#9026,#9018,#9028,.T.);
#9026 = VERTEX_POINT('',#9027);
#9027 = CARTESIAN_POINT('',(7.493,-4.96575,-3.3));
#9028 = LINE('',#9029,#9030);
#9029 = CARTESIAN_POINT('',(7.493,-4.96575,-3.3));
#9030 = VECTOR('',#9031,1.);
#9031 = DIRECTION('',(-7.800540639491E-17,0.242535625036,0.970142500145)
  );
#9032 = ORIENTED_EDGE('',*,*,#9033,.F.);
#9033 = EDGE_CURVE('',#9034,#9026,#9036,.T.);
#9034 = VERTEX_POINT('',#9035);
#9035 = CARTESIAN_POINT('',(7.493,-5.19425,-3.3));
#9036 = LINE('',#9037,#9038);
#9037 = CARTESIAN_POINT('',(7.493,-5.19425,-3.3));
#9038 = VECTOR('',#9039,1.);
#9039 = DIRECTION('',(-3.216245299353E-16,1.,0.));
#9040 = ORIENTED_EDGE('',*,*,#9041,.F.);
#9041 = EDGE_CURVE('',#9042,#9034,#9044,.T.);
#9042 = VERTEX_POINT('',#9043);
#9043 = CARTESIAN_POINT('',(7.493,-5.3085,-2.843));
#9044 = LINE('',#9045,#9046);
#9045 = CARTESIAN_POINT('',(7.493,-5.3085,-2.843));
#9046 = VECTOR('',#9047,1.);
#9047 = DIRECTION('',(-7.800540639491E-17,0.242535625036,-0.970142500145
    ));
#9048 = ORIENTED_EDGE('',*,*,#9049,.F.);
#9049 = EDGE_CURVE('',#9050,#9042,#9052,.T.);
#9050 = VERTEX_POINT('',#9051);
#9051 = CARTESIAN_POINT('',(7.493,-5.3085,0.));
#9052 = LINE('',#9053,#9054);
#9053 = CARTESIAN_POINT('',(7.493,-5.3085,0.));
#9054 = VECTOR('',#9055,1.);
#9055 = DIRECTION('',(0.,0.,-1.));
#9056 = ORIENTED_EDGE('',*,*,#9057,.F.);
#9057 = EDGE_CURVE('',#7575,#9050,#9058,.T.);
#9058 = LINE('',#9059,#9060);
#9059 = CARTESIAN_POINT('',(7.493,-5.842,0.));
#9060 = VECTOR('',#9061,1.);
#9061 = DIRECTION('',(-3.216245299353E-16,1.,0.));
#9062 = PLANE('',#9063);
#9063 = AXIS2_PLACEMENT_3D('',#9064,#9065,#9066);
#9064 = CARTESIAN_POINT('',(7.493,-5.842,2.157));
#9065 = DIRECTION('',(-1.,-3.216245299353E-16,0.));
#9066 = DIRECTION('',(-0.,0.,-1.));
#9067 = ADVANCED_FACE('',(#9068),#9086,.T.);
#9068 = FACE_BOUND('',#9069,.T.);
#9069 = EDGE_LOOP('',(#9070,#9071,#9072,#9080));
#9070 = ORIENTED_EDGE('',*,*,#7574,.T.);
#9071 = ORIENTED_EDGE('',*,*,#9057,.T.);
#9072 = ORIENTED_EDGE('',*,*,#9073,.F.);
#9073 = EDGE_CURVE('',#9074,#9050,#9076,.T.);
#9074 = VERTEX_POINT('',#9075);
#9075 = CARTESIAN_POINT('',(7.747,-5.3085,0.));
#9076 = LINE('',#9077,#9078);
#9077 = CARTESIAN_POINT('',(7.747,-5.3085,0.));
#9078 = VECTOR('',#9079,1.);
#9079 = DIRECTION('',(-1.,-3.216245299353E-16,0.));
#9080 = ORIENTED_EDGE('',*,*,#9081,.F.);
#9081 = EDGE_CURVE('',#7567,#9074,#9082,.T.);
#9082 = LINE('',#9083,#9084);
#9083 = CARTESIAN_POINT('',(7.747,-5.842,0.));
#9084 = VECTOR('',#9085,1.);
#9085 = DIRECTION('',(-3.216245299353E-16,1.,0.));
#9086 = PLANE('',#9087);
#9087 = AXIS2_PLACEMENT_3D('',#9088,#9089,#9090);
#9088 = CARTESIAN_POINT('',(7.747,-5.842,0.));
#9089 = DIRECTION('',(-0.,0.,-1.));
#9090 = DIRECTION('',(-3.216245299353E-16,1.,0.));
#9091 = ADVANCED_FACE('',(#9092),#9149,.F.);
#9092 = FACE_BOUND('',#9093,.F.);
#9093 = EDGE_LOOP('',(#9094,#9095,#9101,#9102,#9110,#9118,#9126,#9134,
    #9142,#9148));
#9094 = ORIENTED_EDGE('',*,*,#7566,.F.);
#9095 = ORIENTED_EDGE('',*,*,#9096,.F.);
#9096 = EDGE_CURVE('',#7705,#7558,#9097,.T.);
#9097 = LINE('',#9098,#9099);
#9098 = CARTESIAN_POINT('',(7.747,-4.318,1.776));
#9099 = VECTOR('',#9100,1.);
#9100 = DIRECTION('',(3.216245299353E-16,-1.,0.));
#9101 = ORIENTED_EDGE('',*,*,#7713,.F.);
#9102 = ORIENTED_EDGE('',*,*,#9103,.F.);
#9103 = EDGE_CURVE('',#9104,#7714,#9106,.T.);
#9104 = VERTEX_POINT('',#9105);
#9105 = CARTESIAN_POINT('',(7.747,-4.8515,0.));
#9106 = LINE('',#9107,#9108);
#9107 = CARTESIAN_POINT('',(7.747,-4.8515,0.));
#9108 = VECTOR('',#9109,1.);
#9109 = DIRECTION('',(-3.216245299353E-16,1.,0.));
#9110 = ORIENTED_EDGE('',*,*,#9111,.F.);
#9111 = EDGE_CURVE('',#9112,#9104,#9114,.T.);
#9112 = VERTEX_POINT('',#9113);
#9113 = CARTESIAN_POINT('',(7.747,-4.8515,-2.843));
#9114 = LINE('',#9115,#9116);
#9115 = CARTESIAN_POINT('',(7.747,-4.8515,-2.843));
#9116 = VECTOR('',#9117,1.);
#9117 = DIRECTION('',(0.,0.,1.));
#9118 = ORIENTED_EDGE('',*,*,#9119,.F.);
#9119 = EDGE_CURVE('',#9120,#9112,#9122,.T.);
#9120 = VERTEX_POINT('',#9121);
#9121 = CARTESIAN_POINT('',(7.747,-4.96575,-3.3));
#9122 = LINE('',#9123,#9124);
#9123 = CARTESIAN_POINT('',(7.747,-4.96575,-3.3));
#9124 = VECTOR('',#9125,1.);
#9125 = DIRECTION('',(-7.800540639491E-17,0.242535625036,0.970142500145)
  );
#9126 = ORIENTED_EDGE('',*,*,#9127,.F.);
#9127 = EDGE_CURVE('',#9128,#9120,#9130,.T.);
#9128 = VERTEX_POINT('',#9129);
#9129 = CARTESIAN_POINT('',(7.747,-5.19425,-3.3));
#9130 = LINE('',#9131,#9132);
#9131 = CARTESIAN_POINT('',(7.747,-5.19425,-3.3));
#9132 = VECTOR('',#9133,1.);
#9133 = DIRECTION('',(-3.216245299353E-16,1.,0.));
#9134 = ORIENTED_EDGE('',*,*,#9135,.F.);
#9135 = EDGE_CURVE('',#9136,#9128,#9138,.T.);
#9136 = VERTEX_POINT('',#9137);
#9137 = CARTESIAN_POINT('',(7.747,-5.3085,-2.843));
#9138 = LINE('',#9139,#9140);
#9139 = CARTESIAN_POINT('',(7.747,-5.3085,-2.843));
#9140 = VECTOR('',#9141,1.);
#9141 = DIRECTION('',(-7.800540639491E-17,0.242535625036,-0.970142500145
    ));
#9142 = ORIENTED_EDGE('',*,*,#9143,.F.);
#9143 = EDGE_CURVE('',#9074,#9136,#9144,.T.);
#9144 = LINE('',#9145,#9146);
#9145 = CARTESIAN_POINT('',(7.747,-5.3085,0.));
#9146 = VECTOR('',#9147,1.);
#9147 = DIRECTION('',(0.,0.,-1.));
#9148 = ORIENTED_EDGE('',*,*,#9081,.F.);
#9149 = PLANE('',#9150);
#9150 = AXIS2_PLACEMENT_3D('',#9151,#9152,#9153);
#9151 = CARTESIAN_POINT('',(7.747,-5.842,2.157));
#9152 = DIRECTION('',(-1.,-3.216245299353E-16,0.));
#9153 = DIRECTION('',(-0.,0.,-1.));
#9154 = ADVANCED_FACE('',(#9155),#9161,.T.);
#9155 = FACE_BOUND('',#9156,.T.);
#9156 = EDGE_LOOP('',(#9157,#9158,#9159,#9160));
#9157 = ORIENTED_EDGE('',*,*,#8990,.T.);
#9158 = ORIENTED_EDGE('',*,*,#7557,.T.);
#9159 = ORIENTED_EDGE('',*,*,#9096,.F.);
#9160 = ORIENTED_EDGE('',*,*,#7704,.F.);
#9161 = CYLINDRICAL_SURFACE('',#9162,0.381);
#9162 = AXIS2_PLACEMENT_3D('',#9163,#9164,#9165);
#9163 = CARTESIAN_POINT('',(7.366,-4.318,1.776));
#9164 = DIRECTION('',(3.216245299353E-16,-1.,0.));
#9165 = DIRECTION('',(0.,0.,1.));
#9166 = ADVANCED_FACE('',(#9167),#9226,.T.);
#9167 = FACE_BOUND('',#9168,.T.);
#9168 = EDGE_LOOP('',(#9169,#9170,#9171,#9172,#9180,#9188,#9196,#9204,
    #9212,#9220));
#9169 = ORIENTED_EDGE('',*,*,#7829,.F.);
#9170 = ORIENTED_EDGE('',*,*,#7769,.T.);
#9171 = ORIENTED_EDGE('',*,*,#7640,.F.);
#9172 = ORIENTED_EDGE('',*,*,#9173,.F.);
#9173 = EDGE_CURVE('',#9174,#7633,#9176,.T.);
#9174 = VERTEX_POINT('',#9175);
#9175 = CARTESIAN_POINT('',(7.493,-2.3115,0.));
#9176 = LINE('',#9177,#9178);
#9177 = CARTESIAN_POINT('',(7.493,-2.3115,0.));
#9178 = VECTOR('',#9179,1.);
#9179 = DIRECTION('',(-3.216245299353E-16,1.,0.));
#9180 = ORIENTED_EDGE('',*,*,#9181,.F.);
#9181 = EDGE_CURVE('',#9182,#9174,#9184,.T.);
#9182 = VERTEX_POINT('',#9183);
#9183 = CARTESIAN_POINT('',(7.493,-2.3115,-2.843));
#9184 = LINE('',#9185,#9186);
#9185 = CARTESIAN_POINT('',(7.493,-2.3115,-2.843));
#9186 = VECTOR('',#9187,1.);
#9187 = DIRECTION('',(0.,0.,1.));
#9188 = ORIENTED_EDGE('',*,*,#9189,.F.);
#9189 = EDGE_CURVE('',#9190,#9182,#9192,.T.);
#9190 = VERTEX_POINT('',#9191);
#9191 = CARTESIAN_POINT('',(7.493,-2.42575,-3.3));
#9192 = LINE('',#9193,#9194);
#9193 = CARTESIAN_POINT('',(7.493,-2.42575,-3.3));
#9194 = VECTOR('',#9195,1.);
#9195 = DIRECTION('',(-7.800540639491E-17,0.242535625036,0.970142500145)
  );
#9196 = ORIENTED_EDGE('',*,*,#9197,.F.);
#9197 = EDGE_CURVE('',#9198,#9190,#9200,.T.);
#9198 = VERTEX_POINT('',#9199);
#9199 = CARTESIAN_POINT('',(7.493,-2.65425,-3.3));
#9200 = LINE('',#9201,#9202);
#9201 = CARTESIAN_POINT('',(7.493,-2.65425,-3.3));
#9202 = VECTOR('',#9203,1.);
#9203 = DIRECTION('',(-3.216245299353E-16,1.,0.));
#9204 = ORIENTED_EDGE('',*,*,#9205,.F.);
#9205 = EDGE_CURVE('',#9206,#9198,#9208,.T.);
#9206 = VERTEX_POINT('',#9207);
#9207 = CARTESIAN_POINT('',(7.493,-2.7685,-2.843));
#9208 = LINE('',#9209,#9210);
#9209 = CARTESIAN_POINT('',(7.493,-2.7685,-2.843));
#9210 = VECTOR('',#9211,1.);
#9211 = DIRECTION('',(-7.800540639491E-17,0.242535625036,-0.970142500145
    ));
#9212 = ORIENTED_EDGE('',*,*,#9213,.F.);
#9213 = EDGE_CURVE('',#9214,#9206,#9216,.T.);
#9214 = VERTEX_POINT('',#9215);
#9215 = CARTESIAN_POINT('',(7.493,-2.7685,0.));
#9216 = LINE('',#9217,#9218);
#9217 = CARTESIAN_POINT('',(7.493,-2.7685,0.));
#9218 = VECTOR('',#9219,1.);
#9219 = DIRECTION('',(0.,0.,-1.));
#9220 = ORIENTED_EDGE('',*,*,#9221,.F.);
#9221 = EDGE_CURVE('',#7822,#9214,#9222,.T.);
#9222 = LINE('',#9223,#9224);
#9223 = CARTESIAN_POINT('',(7.493,-3.302,0.));
#9224 = VECTOR('',#9225,1.);
#9225 = DIRECTION('',(-3.216245299353E-16,1.,0.));
#9226 = PLANE('',#9227);
#9227 = AXIS2_PLACEMENT_3D('',#9228,#9229,#9230);
#9228 = CARTESIAN_POINT('',(7.493,-3.302,2.157));
#9229 = DIRECTION('',(-1.,-3.216245299353E-16,0.));
#9230 = DIRECTION('',(-0.,0.,-1.));
#9231 = ADVANCED_FACE('',(#9232),#9250,.T.);
#9232 = FACE_BOUND('',#9233,.T.);
#9233 = EDGE_LOOP('',(#9234,#9242,#9243,#9244));
#9234 = ORIENTED_EDGE('',*,*,#9235,.T.);
#9235 = EDGE_CURVE('',#9236,#9174,#9238,.T.);
#9236 = VERTEX_POINT('',#9237);
#9237 = CARTESIAN_POINT('',(7.747,-2.3115,0.));
#9238 = LINE('',#9239,#9240);
#9239 = CARTESIAN_POINT('',(7.747,-2.3115,0.));
#9240 = VECTOR('',#9241,1.);
#9241 = DIRECTION('',(-1.,-3.216245299353E-16,0.));
#9242 = ORIENTED_EDGE('',*,*,#9173,.T.);
#9243 = ORIENTED_EDGE('',*,*,#7632,.F.);
#9244 = ORIENTED_EDGE('',*,*,#9245,.F.);
#9245 = EDGE_CURVE('',#9236,#7625,#9246,.T.);
#9246 = LINE('',#9247,#9248);
#9247 = CARTESIAN_POINT('',(7.747,-2.3115,0.));
#9248 = VECTOR('',#9249,1.);
#9249 = DIRECTION('',(-3.216245299353E-16,1.,0.));
#9250 = PLANE('',#9251);
#9251 = AXIS2_PLACEMENT_3D('',#9252,#9253,#9254);
#9252 = CARTESIAN_POINT('',(7.747,-2.3115,0.));
#9253 = DIRECTION('',(-0.,0.,-1.));
#9254 = DIRECTION('',(-3.216245299353E-16,1.,0.));
#9255 = ADVANCED_FACE('',(#9256),#9313,.F.);
#9256 = FACE_BOUND('',#9257,.F.);
#9257 = EDGE_LOOP('',(#9258,#9259,#9265,#9266,#9267,#9275,#9283,#9291,
    #9299,#9307));
#9258 = ORIENTED_EDGE('',*,*,#7813,.F.);
#9259 = ORIENTED_EDGE('',*,*,#9260,.F.);
#9260 = EDGE_CURVE('',#7616,#7805,#9261,.T.);
#9261 = LINE('',#9262,#9263);
#9262 = CARTESIAN_POINT('',(7.747,-1.778,1.776));
#9263 = VECTOR('',#9264,1.);
#9264 = DIRECTION('',(3.216245299353E-16,-1.,0.));
#9265 = ORIENTED_EDGE('',*,*,#7624,.F.);
#9266 = ORIENTED_EDGE('',*,*,#9245,.F.);
#9267 = ORIENTED_EDGE('',*,*,#9268,.F.);
#9268 = EDGE_CURVE('',#9269,#9236,#9271,.T.);
#9269 = VERTEX_POINT('',#9270);
#9270 = CARTESIAN_POINT('',(7.747,-2.3115,-2.843));
#9271 = LINE('',#9272,#9273);
#9272 = CARTESIAN_POINT('',(7.747,-2.3115,-2.843));
#9273 = VECTOR('',#9274,1.);
#9274 = DIRECTION('',(0.,0.,1.));
#9275 = ORIENTED_EDGE('',*,*,#9276,.F.);
#9276 = EDGE_CURVE('',#9277,#9269,#9279,.T.);
#9277 = VERTEX_POINT('',#9278);
#9278 = CARTESIAN_POINT('',(7.747,-2.42575,-3.3));
#9279 = LINE('',#9280,#9281);
#9280 = CARTESIAN_POINT('',(7.747,-2.42575,-3.3));
#9281 = VECTOR('',#9282,1.);
#9282 = DIRECTION('',(-7.800540639491E-17,0.242535625036,0.970142500145)
  );
#9283 = ORIENTED_EDGE('',*,*,#9284,.F.);
#9284 = EDGE_CURVE('',#9285,#9277,#9287,.T.);
#9285 = VERTEX_POINT('',#9286);
#9286 = CARTESIAN_POINT('',(7.747,-2.65425,-3.3));
#9287 = LINE('',#9288,#9289);
#9288 = CARTESIAN_POINT('',(7.747,-2.65425,-3.3));
#9289 = VECTOR('',#9290,1.);
#9290 = DIRECTION('',(-3.216245299353E-16,1.,0.));
#9291 = ORIENTED_EDGE('',*,*,#9292,.F.);
#9292 = EDGE_CURVE('',#9293,#9285,#9295,.T.);
#9293 = VERTEX_POINT('',#9294);
#9294 = CARTESIAN_POINT('',(7.747,-2.7685,-2.843));
#9295 = LINE('',#9296,#9297);
#9296 = CARTESIAN_POINT('',(7.747,-2.7685,-2.843));
#9297 = VECTOR('',#9298,1.);
#9298 = DIRECTION('',(-7.800540639491E-17,0.242535625036,-0.970142500145
    ));
#9299 = ORIENTED_EDGE('',*,*,#9300,.F.);
#9300 = EDGE_CURVE('',#9301,#9293,#9303,.T.);
#9301 = VERTEX_POINT('',#9302);
#9302 = CARTESIAN_POINT('',(7.747,-2.7685,0.));
#9303 = LINE('',#9304,#9305);
#9304 = CARTESIAN_POINT('',(7.747,-2.7685,0.));
#9305 = VECTOR('',#9306,1.);
#9306 = DIRECTION('',(0.,0.,-1.));
#9307 = ORIENTED_EDGE('',*,*,#9308,.F.);
#9308 = EDGE_CURVE('',#7814,#9301,#9309,.T.);
#9309 = LINE('',#9310,#9311);
#9310 = CARTESIAN_POINT('',(7.747,-3.302,0.));
#9311 = VECTOR('',#9312,1.);
#9312 = DIRECTION('',(-3.216245299353E-16,1.,0.));
#9313 = PLANE('',#9314);
#9314 = AXIS2_PLACEMENT_3D('',#9315,#9316,#9317);
#9315 = CARTESIAN_POINT('',(7.747,-3.302,2.157));
#9316 = DIRECTION('',(-1.,-3.216245299353E-16,0.));
#9317 = DIRECTION('',(-0.,0.,-1.));
#9318 = ADVANCED_FACE('',(#9319),#9330,.T.);
#9319 = FACE_BOUND('',#9320,.T.);
#9320 = EDGE_LOOP('',(#9321,#9327,#9328,#9329));
#9321 = ORIENTED_EDGE('',*,*,#9322,.T.);
#9322 = EDGE_CURVE('',#7608,#7797,#9323,.T.);
#9323 = LINE('',#9324,#9325);
#9324 = CARTESIAN_POINT('',(7.366,-1.778,2.157));
#9325 = VECTOR('',#9326,1.);
#9326 = DIRECTION('',(3.216245299353E-16,-1.,0.));
#9327 = ORIENTED_EDGE('',*,*,#7804,.T.);
#9328 = ORIENTED_EDGE('',*,*,#9260,.F.);
#9329 = ORIENTED_EDGE('',*,*,#7615,.F.);
#9330 = CYLINDRICAL_SURFACE('',#9331,0.381);
#9331 = AXIS2_PLACEMENT_3D('',#9332,#9333,#9334);
#9332 = CARTESIAN_POINT('',(7.366,-1.778,1.776));
#9333 = DIRECTION('',(3.216245299353E-16,-1.,0.));
#9334 = DIRECTION('',(0.,0.,1.));
#9335 = ADVANCED_FACE('',(#9336),#9344,.T.);
#9336 = FACE_BOUND('',#9337,.T.);
#9337 = EDGE_LOOP('',(#9338,#9339,#9340,#9341,#9342,#9343));
#9338 = ORIENTED_EDGE('',*,*,#8609,.F.);
#9339 = ORIENTED_EDGE('',*,*,#7853,.F.);
#9340 = ORIENTED_EDGE('',*,*,#7796,.F.);
#9341 = ORIENTED_EDGE('',*,*,#9322,.F.);
#9342 = ORIENTED_EDGE('',*,*,#7607,.F.);
#9343 = ORIENTED_EDGE('',*,*,#7663,.F.);
#9344 = PLANE('',#9345);
#9345 = AXIS2_PLACEMENT_3D('',#9346,#9347,#9348);
#9346 = CARTESIAN_POINT('',(3.683,-3.302,2.157));
#9347 = DIRECTION('',(0.,0.,1.));
#9348 = DIRECTION('',(-4.440892098501E-16,1.,0.));
#9349 = ADVANCED_FACE('',(#9350),#9361,.T.);
#9350 = FACE_BOUND('',#9351,.T.);
#9351 = EDGE_LOOP('',(#9352,#9358,#9359,#9360));
#9352 = ORIENTED_EDGE('',*,*,#9353,.T.);
#9353 = EDGE_CURVE('',#9104,#9010,#9354,.T.);
#9354 = LINE('',#9355,#9356);
#9355 = CARTESIAN_POINT('',(7.747,-4.8515,0.));
#9356 = VECTOR('',#9357,1.);
#9357 = DIRECTION('',(-1.,-3.216245299353E-16,0.));
#9358 = ORIENTED_EDGE('',*,*,#9009,.T.);
#9359 = ORIENTED_EDGE('',*,*,#7721,.F.);
#9360 = ORIENTED_EDGE('',*,*,#9103,.F.);
#9361 = PLANE('',#9362);
#9362 = AXIS2_PLACEMENT_3D('',#9363,#9364,#9365);
#9363 = CARTESIAN_POINT('',(7.747,-4.8515,0.));
#9364 = DIRECTION('',(-0.,0.,-1.));
#9365 = DIRECTION('',(-3.216245299353E-16,1.,0.));
#9366 = ADVANCED_FACE('',(#9367),#9378,.T.);
#9367 = FACE_BOUND('',#9368,.T.);
#9368 = EDGE_LOOP('',(#9369,#9370,#9371,#9377));
#9369 = ORIENTED_EDGE('',*,*,#7821,.T.);
#9370 = ORIENTED_EDGE('',*,*,#9221,.T.);
#9371 = ORIENTED_EDGE('',*,*,#9372,.F.);
#9372 = EDGE_CURVE('',#9301,#9214,#9373,.T.);
#9373 = LINE('',#9374,#9375);
#9374 = CARTESIAN_POINT('',(7.747,-2.7685,0.));
#9375 = VECTOR('',#9376,1.);
#9376 = DIRECTION('',(-1.,-3.216245299353E-16,0.));
#9377 = ORIENTED_EDGE('',*,*,#9308,.F.);
#9378 = PLANE('',#9379);
#9379 = AXIS2_PLACEMENT_3D('',#9380,#9381,#9382);
#9380 = CARTESIAN_POINT('',(7.747,-3.302,0.));
#9381 = DIRECTION('',(-0.,0.,-1.));
#9382 = DIRECTION('',(-3.216245299353E-16,1.,0.));
#9383 = ADVANCED_FACE('',(#9384),#9727,.T.);
#9384 = FACE_BOUND('',#9385,.T.);
#9385 = EDGE_LOOP('',(#9386,#9387,#9388,#9395,#9403,#9509,#9615,#9721));
#9386 = ORIENTED_EDGE('',*,*,#8623,.F.);
#9387 = ORIENTED_EDGE('',*,*,#7883,.T.);
#9388 = ORIENTED_EDGE('',*,*,#9389,.T.);
#9389 = EDGE_CURVE('',#7877,#9390,#9392,.T.);
#9390 = VERTEX_POINT('',#9391);
#9391 = CARTESIAN_POINT('',(1.033723643423,0.426276356577,3.68));
#9392 = B_SPLINE_CURVE_WITH_KNOTS('',1,(#9393,#9394),.UNSPECIFIED.,.F.,
  .F.,(2,2),(0.,1.),.PIECEWISE_BEZIER_KNOTS.);
#9393 = CARTESIAN_POINT('',(0.71,0.75,2.157));
#9394 = CARTESIAN_POINT('',(1.033723643423,0.426276356577,3.68));
#9395 = ORIENTED_EDGE('',*,*,#9396,.F.);
#9396 = EDGE_CURVE('',#9397,#9390,#9399,.T.);
#9397 = VERTEX_POINT('',#9398);
#9398 = CARTESIAN_POINT('',(3.06375942217,0.426276356577,3.68));
#9399 = LINE('',#9400,#9401);
#9400 = CARTESIAN_POINT('',(6.586276356577,0.426276356577,3.68));
#9401 = VECTOR('',#9402,1.);
#9402 = DIRECTION('',(-1.,-4.440892098501E-16,0.));
#9403 = ORIENTED_EDGE('',*,*,#9404,.F.);
#9404 = EDGE_CURVE('',#9405,#9397,#9407,.T.);
#9405 = VERTEX_POINT('',#9406);
#9406 = CARTESIAN_POINT('',(3.060652504409,0.532554637412,3.18));
#9407 = B_SPLINE_CURVE_WITH_KNOTS('',4,(#9408,#9409,#9410,#9411,#9412,
    #9413,#9414,#9415,#9416,#9417,#9418,#9419,#9420,#9421,#9422,#9423,
    #9424,#9425,#9426,#9427,#9428,#9429,#9430,#9431,#9432,#9433,#9434,
    #9435,#9436,#9437,#9438,#9439,#9440,#9441,#9442,#9443,#9444,#9445,
    #9446,#9447,#9448,#9449,#9450,#9451,#9452,#9453,#9454,#9455,#9456,
    #9457,#9458,#9459,#9460,#9461,#9462,#9463,#9464,#9465,#9466,#9467,
    #9468,#9469,#9470,#9471,#9472,#9473,#9474,#9475,#9476,#9477,#9478,
    #9479,#9480,#9481,#9482,#9483,#9484,#9485,#9486,#9487,#9488,#9489,
    #9490,#9491,#9492,#9493,#9494,#9495,#9496,#9497,#9498,#9499,#9500,
    #9501,#9502,#9503,#9504,#9505,#9506,#9507,#9508),.UNSPECIFIED.,.F.,
  .F.,(5,3,3,3,3,3,3,3,3,3,3,3,3,3,3,3,3,3,3,3,3,3,3,3,3,3,3,3,3,3,3,3,3
    ,5),(0.,3.832661857541E-02,7.588616027402E-02,0.112697851853,
    0.148780767068,0.184153940431,0.218836486671,0.252847727222,
    0.286207325059,0.318935429062,0.351052828922,0.382581121221,
    0.413542886787,0.443961878574,0.47386321812,0.503273596996,
    0.532221477517,0.560737284348,0.588853575632,0.616605179129,
    0.644029276191,0.671165414825,0.69805543375,0.723856466375,
    0.750392376563,0.776817491054,0.80317991565,0.829528157021,
    0.855910545381,0.882374672274,0.908966882882,0.935731854039,
    0.962712277262,1.),.UNSPECIFIED.);
#9408 = CARTESIAN_POINT('',(3.102443253723,0.75,2.157));
#9409 = CARTESIAN_POINT('',(3.10159836505,0.747596502417,2.168307567096)
  );
#9410 = CARTESIAN_POINT('',(3.100760043871,0.745176893235,2.179690933308
    ));
#9411 = CARTESIAN_POINT('',(3.099928470497,0.742740885558,2.191151448372
    ));
#9412 = CARTESIAN_POINT('',(3.098295716868,0.737884563992,2.213998645033
    ));
#9413 = CARTESIAN_POINT('',(3.097494261506,0.735464911842,2.225382213394
    ));
#9414 = CARTESIAN_POINT('',(3.096699660478,0.733028942322,2.236842548942
    ));
#9415 = CARTESIAN_POINT('',(3.095140251405,0.728172618361,2.259689756871
    ));
#9416 = CARTESIAN_POINT('',(3.094375165256,0.725752918822,2.271073548177
    ));
#9417 = CARTESIAN_POINT('',(3.093617046982,0.72331699024,2.282533691129)
  );
#9418 = CARTESIAN_POINT('',(3.092130026932,0.718460661398,2.305380922018
    ));
#9419 = CARTESIAN_POINT('',(3.091400843964,0.716040908555,2.316764964101
    ));
#9420 = CARTESIAN_POINT('',(3.090678749632,0.71360502492,2.328224895597)
  );
#9421 = CARTESIAN_POINT('',(3.089263222812,0.708748688464,2.351072162308
    ));
#9422 = CARTESIAN_POINT('',(3.088569506013,0.706328874704,2.362456490983
    ));
#9423 = CARTESIAN_POINT('',(3.087883006017,0.703893041415,2.373916185615
    ));
#9424 = CARTESIAN_POINT('',(3.08653813337,0.699036694321,2.396763502377)
  );
#9425 = CARTESIAN_POINT('',(3.085879473324,0.696616810106,2.408148162516
    ));
#9426 = CARTESIAN_POINT('',(3.085228165819,0.694181034144,2.419607587444
    ));
#9427 = CARTESIAN_POINT('',(3.083953162281,0.689324673051,2.442454970066
    ));
#9428 = CARTESIAN_POINT('',(3.08332917589,0.686904706661,2.453840016811)
  );
#9429 = CARTESIAN_POINT('',(3.08271268547,0.684468996804,2.465299130741)
  );
#9430 = CARTESIAN_POINT('',(3.081506817467,0.67961261797,2.488146596824)
  );
#9431 = CARTESIAN_POINT('',(3.080917146787,0.677192555215,2.499532096932
    ));
#9432 = CARTESIAN_POINT('',(3.080335123266,0.674756922283,2.510990848958
    ));
#9433 = CARTESIAN_POINT('',(3.079197706436,0.669900521543,2.533838418102
    ));
#9434 = CARTESIAN_POINT('',(3.078642017638,0.667480345451,2.545224451414
    ));
#9435 = CARTESIAN_POINT('',(3.078094134929,0.665044802583,2.556682779723
    ));
#9436 = CARTESIAN_POINT('',(3.07702453204,0.66018837531,2.579530473698)
  );
#9437 = CARTESIAN_POINT('',(3.07650251448,0.657768065798,2.590917134701)
  );
#9438 = CARTESIAN_POINT('',(3.075988469554,0.655332628757,2.602374965137
    ));
#9439 = CARTESIAN_POINT('',(3.074986088616,0.650476169835,2.625222808007
    ));
#9440 = CARTESIAN_POINT('',(3.074497454016,0.648055703366,2.636610207432
    ));
#9441 = CARTESIAN_POINT('',(3.074016965933,0.645620390865,2.64806745195)
  );
#9442 = CARTESIAN_POINT('',(3.073081258485,0.640763894688,2.670915470094
    ));
#9443 = CARTESIAN_POINT('',(3.072625740214,0.638343243943,2.682303736473
    ));
#9444 = CARTESIAN_POINT('',(3.072178549227,0.635908077994,2.693760291517
    ));
#9445 = CARTESIAN_POINT('',(3.071309008778,0.631051538489,2.716608513501
    ));
#9446 = CARTESIAN_POINT('',(3.070886361242,0.628630672067,2.727997794563
    ));
#9447 = CARTESIAN_POINT('',(3.070472227939,0.626195678326,2.739453539431
    ));
#9448 = CARTESIAN_POINT('',(3.069668388574,0.621339089031,2.762301995656
    ));
#9449 = CARTESIAN_POINT('',(3.069278386703,0.618917971229,2.773692459367
    ));
#9450 = CARTESIAN_POINT('',(3.068897091202,0.616483179322,2.785147254684
    ));
#9451 = CARTESIAN_POINT('',(3.068158526316,0.611626533526,2.807995976726
    ));
#9452 = CARTESIAN_POINT('',(3.067800965147,0.609205124242,2.81938781175)
  );
#9453 = CARTESIAN_POINT('',(3.067452306324,0.606770568034,2.83084149819)
  );
#9454 = CARTESIAN_POINT('',(3.066778627491,0.601913859003,2.85369051773)
  );
#9455 = CARTESIAN_POINT('',(3.066453321841,0.599492113826,2.865083933008
    ));
#9456 = CARTESIAN_POINT('',(3.066137116583,0.597057831594,2.876536330492
    ));
#9457 = CARTESIAN_POINT('',(3.065527972543,0.592201052906,2.899385677745
    ));
#9458 = CARTESIAN_POINT('',(3.065234756765,0.589778923466,2.910780900835
    ));
#9459 = CARTESIAN_POINT('',(3.064950839246,0.587344957907,2.922231808487
    ));
#9460 = CARTESIAN_POINT('',(3.064405914993,0.582488103904,2.945081510067
    ));
#9461 = CARTESIAN_POINT('',(3.064144642791,0.580065538575,2.956478783859
    ));
#9462 = CARTESIAN_POINT('',(3.063892863774,0.577631936579,2.967927981082
    ));
#9463 = CARTESIAN_POINT('',(3.063411879734,0.572775002947,2.99077805729)
  );
#9464 = CARTESIAN_POINT('',(3.063182424021,0.570351947956,3.002177634756
    ));
#9465 = CARTESIAN_POINT('',(3.062962650185,0.567918760056,3.01362488381)
  );
#9466 = CARTESIAN_POINT('',(3.062545361468,0.563061744495,3.036475345463
    ));
#9467 = CARTESIAN_POINT('',(3.062347614228,0.560638145511,3.047877482217
    ));
#9468 = CARTESIAN_POINT('',(3.062159727543,0.558205424932,3.059322532699
    ));
#9469 = CARTESIAN_POINT('',(3.061805923247,0.553348327874,3.082173377761
    ));
#9470 = CARTESIAN_POINT('',(3.06163979537,0.550924132049,3.093578322432)
  );
#9471 = CARTESIAN_POINT('',(3.061483692536,0.548491933287,3.105020917961
    ));
#9472 = CARTESIAN_POINT('',(3.061193195095,0.543634758563,3.127872128414
    ));
#9473 = CARTESIAN_POINT('',(3.061058616139,0.541209916965,3.139280111208
    ));
#9474 = CARTESIAN_POINT('',(3.060934208127,0.538778293878,3.150719998397
    ));
#9475 = CARTESIAN_POINT('',(3.060710635538,0.534001445917,3.173193301142
    ));
#9476 = CARTESIAN_POINT('',(3.060610652449,0.531656709793,3.184224417312
    ));
#9477 = CARTESIAN_POINT('',(3.060520286222,0.529306845248,3.195279660803
    ));
#9478 = CARTESIAN_POINT('',(3.060356690777,0.524531015986,3.217748170946
    ));
#9479 = CARTESIAN_POINT('',(3.060284022745,0.522104789354,3.229162669811
    ));
#9480 = CARTESIAN_POINT('',(3.060221741893,0.519674441603,3.240596557019
    ));
#9481 = CARTESIAN_POINT('',(3.060118326142,0.514817097121,3.26344856612)
  );
#9482 = CARTESIAN_POINT('',(3.060077103863,0.512390127828,3.274866558929
    ));
#9483 = CARTESIAN_POINT('',(3.060046335552,0.509960487816,3.286297116485
    ));
#9484 = CARTESIAN_POINT('',(3.060005839486,0.505103118425,3.309149242777
    ));
#9485 = CARTESIAN_POINT('',(3.059996061896,0.502675397106,3.320570773588
    ));
#9486 = CARTESIAN_POINT('',(3.059996772537,0.500246491538,3.331997875857
    ));
#9487 = CARTESIAN_POINT('',(3.060019176318,0.49538911742,3.354850024389)
  );
#9488 = CARTESIAN_POINT('',(3.060040858167,0.492960648212,3.366275073744
    ));
#9489 = CARTESIAN_POINT('',(3.060073028876,0.490532491387,3.37769865345)
  );
#9490 = CARTESIAN_POINT('',(3.060158343526,0.485675133035,3.400550727806
    ));
#9491 = CARTESIAN_POINT('',(3.060211514682,0.483245933163,3.411979214666
    ));
#9492 = CARTESIAN_POINT('',(3.060275141935,0.480818526053,3.423399267246
    ));
#9493 = CARTESIAN_POINT('',(3.060423409398,0.475961202735,3.446251176778
    ));
#9494 = CARTESIAN_POINT('',(3.060508114269,0.473531301133,3.457682965016
    ));
#9495 = CARTESIAN_POINT('',(3.06060321063,0.471104631472,3.469099548169)
  );
#9496 = CARTESIAN_POINT('',(3.060814503999,0.466247359896,3.491951214278
    ));
#9497 = CARTESIAN_POINT('',(3.060930801132,0.463816795086,3.503386122664
    ));
#9498 = CARTESIAN_POINT('',(3.061057395988,0.461390838462,3.514799351241
    ));
#9499 = CARTESIAN_POINT('',(3.061331819874,0.456533631832,3.537650711804
    ));
#9500 = CARTESIAN_POINT('',(3.06147978178,0.454102449372,3.549088526007)
  );
#9501 = CARTESIAN_POINT('',(3.061637921998,0.451677171116,3.560498563111
    ));
#9502 = CARTESIAN_POINT('',(3.061975613012,0.446820038677,3.583349574633
    ));
#9503 = CARTESIAN_POINT('',(3.062155326198,0.444388288514,3.594790059667
    ));
#9504 = CARTESIAN_POINT('',(3.062345076673,0.441963646102,3.606197105365
    ));
#9505 = CARTESIAN_POINT('',(3.062820569592,0.436206135645,3.633284062415
    ));
#9506 = CARTESIAN_POINT('',(3.063115291368,0.432880166482,3.64893151708)
  );
#9507 = CARTESIAN_POINT('',(3.063428406313,0.42956992391,3.664504983956)
  );
#9508 = CARTESIAN_POINT('',(3.06375942217,0.426276356577,3.68));
#9509 = ORIENTED_EDGE('',*,*,#9510,.T.);
#9510 = EDGE_CURVE('',#9405,#9511,#9513,.T.);
#9511 = VERTEX_POINT('',#9512);
#9512 = CARTESIAN_POINT('',(4.559347495591,0.532554637412,3.18));
#9513 = B_SPLINE_CURVE_WITH_KNOTS('',4,(#9514,#9515,#9516,#9517,#9518,
    #9519,#9520,#9521,#9522,#9523,#9524,#9525,#9526,#9527,#9528,#9529,
    #9530,#9531,#9532,#9533,#9534,#9535,#9536,#9537,#9538,#9539,#9540,
    #9541,#9542,#9543,#9544,#9545,#9546,#9547,#9548,#9549,#9550,#9551,
    #9552,#9553,#9554,#9555,#9556,#9557,#9558,#9559,#9560,#9561,#9562,
    #9563,#9564,#9565,#9566,#9567,#9568,#9569,#9570,#9571,#9572,#9573,
    #9574,#9575,#9576,#9577,#9578,#9579,#9580,#9581,#9582,#9583,#9584,
    #9585,#9586,#9587,#9588,#9589,#9590,#9591,#9592,#9593,#9594,#9595,
    #9596,#9597,#9598,#9599,#9600,#9601,#9602,#9603,#9604,#9605,#9606,
    #9607,#9608,#9609,#9610,#9611,#9612,#9613,#9614),.UNSPECIFIED.,.F.,
  .F.,(5,3,3,3,3,3,3,3,3,3,3,3,3,3,3,3,3,3,3,3,3,3,3,3,3,3,3,3,3,3,3,3,3
    ,5),(0.,3.000000000006E-02,6.000000000009E-02,9.000000000011E-02,
    0.12,0.15,0.18,0.21,0.24,0.27,0.3,0.33,0.36,0.389,0.419,0.449,0.479,
    0.509,0.539,0.569,0.599,0.629,0.658,0.688,0.718,0.748,0.778,0.808,
    0.838,0.868,0.898,0.928,0.958,1.),.UNSPECIFIED.);
#9514 = CARTESIAN_POINT('',(0.927445362588,0.532554637412,3.18));
#9515 = CARTESIAN_POINT('',(0.97068368215,0.532554637412,3.18));
#9516 = CARTESIAN_POINT('',(1.013922001711,0.532554637412,3.18));
#9517 = CARTESIAN_POINT('',(1.057160321272,0.532554637412,3.18));
#9518 = CARTESIAN_POINT('',(1.143636960394,0.532554637412,3.18));
#9519 = CARTESIAN_POINT('',(1.186875279956,0.532554637412,3.18));
#9520 = CARTESIAN_POINT('',(1.230113599517,0.532554637412,3.18));
#9521 = CARTESIAN_POINT('',(1.316590238639,0.532554637412,3.18));
#9522 = CARTESIAN_POINT('',(1.3598285582,0.532554637412,3.18));
#9523 = CARTESIAN_POINT('',(1.403066877761,0.532554637412,3.18));
#9524 = CARTESIAN_POINT('',(1.489543516884,0.532554637412,3.18));
#9525 = CARTESIAN_POINT('',(1.532781836445,0.532554637412,3.18));
#9526 = CARTESIAN_POINT('',(1.576020156006,0.532554637412,3.18));
#9527 = CARTESIAN_POINT('',(1.662496795128,0.532554637412,3.18));
#9528 = CARTESIAN_POINT('',(1.70573511469,0.532554637412,3.18));
#9529 = CARTESIAN_POINT('',(1.748973434251,0.532554637412,3.18));
#9530 = CARTESIAN_POINT('',(1.835450073373,0.532554637412,3.18));
#9531 = CARTESIAN_POINT('',(1.878688392934,0.532554637412,3.18));
#9532 = CARTESIAN_POINT('',(1.921926712495,0.532554637412,3.18));
#9533 = CARTESIAN_POINT('',(2.008403351618,0.532554637412,3.18));
#9534 = CARTESIAN_POINT('',(2.051641671179,0.532554637412,3.18));
#9535 = CARTESIAN_POINT('',(2.09487999074,0.532554637412,3.18));
#9536 = CARTESIAN_POINT('',(2.181356629862,0.532554637412,3.18));
#9537 = CARTESIAN_POINT('',(2.224594949424,0.532554637412,3.18));
#9538 = CARTESIAN_POINT('',(2.267833268985,0.532554637412,3.18));
#9539 = CARTESIAN_POINT('',(2.354309908107,0.532554637412,3.18));
#9540 = CARTESIAN_POINT('',(2.397548227668,0.532554637412,3.18));
#9541 = CARTESIAN_POINT('',(2.440786547229,0.532554637412,3.18));
#9542 = CARTESIAN_POINT('',(2.527263186352,0.532554637412,3.18));
#9543 = CARTESIAN_POINT('',(2.570501505913,0.532554637412,3.18));
#9544 = CARTESIAN_POINT('',(2.613739825474,0.532554637412,3.18));
#9545 = CARTESIAN_POINT('',(2.700216464596,0.532554637412,3.18));
#9546 = CARTESIAN_POINT('',(2.743454784158,0.532554637412,3.18));
#9547 = CARTESIAN_POINT('',(2.786693103719,0.532554637412,3.18));
#9548 = CARTESIAN_POINT('',(2.873169742841,0.532554637412,3.18));
#9549 = CARTESIAN_POINT('',(2.916408062402,0.532554637412,3.18));
#9550 = CARTESIAN_POINT('',(2.959646381963,0.532554637412,3.18));
#9551 = CARTESIAN_POINT('',(3.044681743767,0.532554637412,3.18));
#9552 = CARTESIAN_POINT('',(3.08647878601,0.532554637412,3.18));
#9553 = CARTESIAN_POINT('',(3.128275828252,0.532554637412,3.18));
#9554 = CARTESIAN_POINT('',(3.213311190056,0.532554637412,3.18));
#9555 = CARTESIAN_POINT('',(3.256549509617,0.532554637412,3.18));
#9556 = CARTESIAN_POINT('',(3.299787829178,0.532554637412,3.18));
#9557 = CARTESIAN_POINT('',(3.3862644683,0.532554637412,3.18));
#9558 = CARTESIAN_POINT('',(3.429502787862,0.532554637412,3.18));
#9559 = CARTESIAN_POINT('',(3.472741107423,0.532554637412,3.18));
#9560 = CARTESIAN_POINT('',(3.559217746545,0.532554637412,3.18));
#9561 = CARTESIAN_POINT('',(3.602456066106,0.532554637412,3.18));
#9562 = CARTESIAN_POINT('',(3.645694385667,0.532554637412,3.18));
#9563 = CARTESIAN_POINT('',(3.73217102479,0.532554637412,3.18));
#9564 = CARTESIAN_POINT('',(3.775409344351,0.532554637412,3.18));
#9565 = CARTESIAN_POINT('',(3.818647663912,0.532554637412,3.18));
#9566 = CARTESIAN_POINT('',(3.905124303035,0.532554637412,3.18));
#9567 = CARTESIAN_POINT('',(3.948362622596,0.532554637412,3.18));
#9568 = CARTESIAN_POINT('',(3.991600942157,0.532554637412,3.18));
#9569 = CARTESIAN_POINT('',(4.078077581279,0.532554637412,3.18));
#9570 = CARTESIAN_POINT('',(4.12131590084,0.532554637412,3.18));
#9571 = CARTESIAN_POINT('',(4.164554220402,0.532554637412,3.18));
#9572 = CARTESIAN_POINT('',(4.251030859524,0.532554637412,3.18));
#9573 = CARTESIAN_POINT('',(4.294269179085,0.532554637412,3.18));
#9574 = CARTESIAN_POINT('',(4.337507498646,0.532554637412,3.18));
#9575 = CARTESIAN_POINT('',(4.423984137769,0.532554637412,3.18));
#9576 = CARTESIAN_POINT('',(4.46722245733,0.532554637412,3.18));
#9577 = CARTESIAN_POINT('',(4.510460776891,0.532554637412,3.18));
#9578 = CARTESIAN_POINT('',(4.595496138695,0.532554637412,3.18));
#9579 = CARTESIAN_POINT('',(4.637293180937,0.532554637412,3.18));
#9580 = CARTESIAN_POINT('',(4.67909022318,0.532554637412,3.18));
#9581 = CARTESIAN_POINT('',(4.764125584983,0.532554637412,3.18));
#9582 = CARTESIAN_POINT('',(4.807363904544,0.532554637412,3.18));
#9583 = CARTESIAN_POINT('',(4.850602224106,0.532554637412,3.18));
#9584 = CARTESIAN_POINT('',(4.937078863228,0.532554637412,3.18));
#9585 = CARTESIAN_POINT('',(4.980317182789,0.532554637412,3.18));
#9586 = CARTESIAN_POINT('',(5.02355550235,0.532554637412,3.18));
#9587 = CARTESIAN_POINT('',(5.110032141473,0.532554637412,3.18));
#9588 = CARTESIAN_POINT('',(5.153270461034,0.532554637412,3.18));
#9589 = CARTESIAN_POINT('',(5.196508780595,0.532554637412,3.18));
#9590 = CARTESIAN_POINT('',(5.282985419717,0.532554637412,3.18));
#9591 = CARTESIAN_POINT('',(5.326223739278,0.532554637412,3.18));
#9592 = CARTESIAN_POINT('',(5.36946205884,0.532554637412,3.18));
#9593 = CARTESIAN_POINT('',(5.455938697962,0.532554637412,3.18));
#9594 = CARTESIAN_POINT('',(5.499177017523,0.532554637412,3.18));
#9595 = CARTESIAN_POINT('',(5.542415337084,0.532554637412,3.18));
#9596 = CARTESIAN_POINT('',(5.628891976207,0.532554637412,3.18));
#9597 = CARTESIAN_POINT('',(5.672130295768,0.532554637412,3.18));
#9598 = CARTESIAN_POINT('',(5.715368615329,0.532554637412,3.18));
#9599 = CARTESIAN_POINT('',(5.801845254451,0.532554637412,3.18));
#9600 = CARTESIAN_POINT('',(5.845083574013,0.532554637412,3.18));
#9601 = CARTESIAN_POINT('',(5.888321893574,0.532554637412,3.18));
#9602 = CARTESIAN_POINT('',(5.974798532696,0.532554637412,3.18));
#9603 = CARTESIAN_POINT('',(6.018036852257,0.532554637412,3.18));
#9604 = CARTESIAN_POINT('',(6.061275171818,0.532554637412,3.18));
#9605 = CARTESIAN_POINT('',(6.147751810941,0.532554637412,3.18));
#9606 = CARTESIAN_POINT('',(6.190990130502,0.532554637412,3.18));
#9607 = CARTESIAN_POINT('',(6.234228450063,0.532554637412,3.18));
#9608 = CARTESIAN_POINT('',(6.320705089185,0.532554637412,3.18));
#9609 = CARTESIAN_POINT('',(6.363943408747,0.532554637412,3.18));
#9610 = CARTESIAN_POINT('',(6.407181728308,0.532554637412,3.18));
#9611 = CARTESIAN_POINT('',(6.510953695255,0.532554637412,3.18));
#9612 = CARTESIAN_POINT('',(6.57148734264,0.532554637412,3.18));
#9613 = CARTESIAN_POINT('',(6.632020990026,0.532554637412,3.18));
#9614 = CARTESIAN_POINT('',(6.692554637412,0.532554637412,3.18));
#9615 = ORIENTED_EDGE('',*,*,#9616,.T.);
#9616 = EDGE_CURVE('',#9511,#9617,#9619,.T.);
#9617 = VERTEX_POINT('',#9618);
#9618 = CARTESIAN_POINT('',(4.55624057783,0.426276356577,3.68));
#9619 = B_SPLINE_CURVE_WITH_KNOTS('',4,(#9620,#9621,#9622,#9623,#9624,
    #9625,#9626,#9627,#9628,#9629,#9630,#9631,#9632,#9633,#9634,#9635,
    #9636,#9637,#9638,#9639,#9640,#9641,#9642,#9643,#9644,#9645,#9646,
    #9647,#9648,#9649,#9650,#9651,#9652,#9653,#9654,#9655,#9656,#9657,
    #9658,#9659,#9660,#9661,#9662,#9663,#9664,#9665,#9666,#9667,#9668,
    #9669,#9670,#9671,#9672,#9673,#9674,#9675,#9676,#9677,#9678,#9679,
    #9680,#9681,#9682,#9683,#9684,#9685,#9686,#9687,#9688,#9689,#9690,
    #9691,#9692,#9693,#9694,#9695,#9696,#9697,#9698,#9699,#9700,#9701,
    #9702,#9703,#9704,#9705,#9706,#9707,#9708,#9709,#9710,#9711,#9712,
    #9713,#9714,#9715,#9716,#9717,#9718,#9719,#9720),.UNSPECIFIED.,.F.,
  .F.,(5,3,3,3,3,3,3,3,3,3,3,3,3,3,3,3,3,3,3,3,3,3,3,3,3,3,3,3,3,3,3,3,3
    ,5),(0.,3.832661857541E-02,7.588616027406E-02,0.112697851853,
    0.148780767068,0.184153940431,0.218836486671,0.252847727222,
    0.286207325059,0.318935429062,0.351052828922,0.382581121221,
    0.413542886787,0.443961878574,0.47386321812,0.503273596997,
    0.532221477517,0.560737284349,0.588853575632,0.61660517913,
    0.644029276191,0.671165414826,0.69805543375,0.723856466375,
    0.750392376563,0.776817491055,0.803179915651,0.829528157022,
    0.855910545381,0.882374672274,0.908966882882,0.935731854039,
    0.962712277262,1.),.UNSPECIFIED.);
#9620 = CARTESIAN_POINT('',(4.517556746277,0.75,2.157));
#9621 = CARTESIAN_POINT('',(4.51840163495,0.747596502417,2.168307567096)
  );
#9622 = CARTESIAN_POINT('',(4.519239956129,0.745176893235,2.179690933308
    ));
#9623 = CARTESIAN_POINT('',(4.520071529503,0.742740885558,2.191151448372
    ));
#9624 = CARTESIAN_POINT('',(4.521704283132,0.737884563992,2.213998645033
    ));
#9625 = CARTESIAN_POINT('',(4.522505738494,0.735464911842,2.225382213394
    ));
#9626 = CARTESIAN_POINT('',(4.523300339522,0.733028942322,2.236842548942
    ));
#9627 = CARTESIAN_POINT('',(4.524859748595,0.728172618361,2.259689756871
    ));
#9628 = CARTESIAN_POINT('',(4.525624834744,0.725752918822,2.271073548177
    ));
#9629 = CARTESIAN_POINT('',(4.526382953018,0.72331699024,2.282533691129)
  );
#9630 = CARTESIAN_POINT('',(4.527869973068,0.718460661398,2.305380922018
    ));
#9631 = CARTESIAN_POINT('',(4.528599156036,0.716040908555,2.316764964101
    ));
#9632 = CARTESIAN_POINT('',(4.529321250368,0.71360502492,2.328224895597)
  );
#9633 = CARTESIAN_POINT('',(4.530736777188,0.708748688464,2.351072162308
    ));
#9634 = CARTESIAN_POINT('',(4.531430493987,0.706328874704,2.362456490983
    ));
#9635 = CARTESIAN_POINT('',(4.532116993983,0.703893041415,2.373916185615
    ));
#9636 = CARTESIAN_POINT('',(4.53346186663,0.699036694321,2.396763502377)
  );
#9637 = CARTESIAN_POINT('',(4.534120526676,0.696616810106,2.408148162516
    ));
#9638 = CARTESIAN_POINT('',(4.534771834181,0.694181034144,2.419607587444
    ));
#9639 = CARTESIAN_POINT('',(4.536046837719,0.689324673051,2.442454970066
    ));
#9640 = CARTESIAN_POINT('',(4.53667082411,0.686904706661,2.453840016811)
  );
#9641 = CARTESIAN_POINT('',(4.53728731453,0.684468996804,2.465299130741)
  );
#9642 = CARTESIAN_POINT('',(4.538493182533,0.67961261797,2.488146596824)
  );
#9643 = CARTESIAN_POINT('',(4.539082853213,0.677192555215,2.499532096932
    ));
#9644 = CARTESIAN_POINT('',(4.539664876734,0.674756922283,2.510990848958
    ));
#9645 = CARTESIAN_POINT('',(4.540802293564,0.669900521543,2.533838418102
    ));
#9646 = CARTESIAN_POINT('',(4.541357982362,0.667480345451,2.545224451414
    ));
#9647 = CARTESIAN_POINT('',(4.541905865071,0.665044802583,2.556682779723
    ));
#9648 = CARTESIAN_POINT('',(4.54297546796,0.66018837531,2.579530473698)
  );
#9649 = CARTESIAN_POINT('',(4.54349748552,0.657768065798,2.590917134701)
  );
#9650 = CARTESIAN_POINT('',(4.544011530446,0.655332628757,2.602374965137
    ));
#9651 = CARTESIAN_POINT('',(4.545013911384,0.650476169835,2.625222808007
    ));
#9652 = CARTESIAN_POINT('',(4.545502545984,0.648055703366,2.636610207432
    ));
#9653 = CARTESIAN_POINT('',(4.545983034067,0.645620390865,2.64806745195)
  );
#9654 = CARTESIAN_POINT('',(4.546918741515,0.640763894688,2.670915470094
    ));
#9655 = CARTESIAN_POINT('',(4.547374259786,0.638343243943,2.682303736473
    ));
#9656 = CARTESIAN_POINT('',(4.547821450773,0.635908077994,2.693760291517
    ));
#9657 = CARTESIAN_POINT('',(4.548690991222,0.631051538489,2.716608513501
    ));
#9658 = CARTESIAN_POINT('',(4.549113638758,0.628630672067,2.727997794563
    ));
#9659 = CARTESIAN_POINT('',(4.549527772061,0.626195678326,2.739453539431
    ));
#9660 = CARTESIAN_POINT('',(4.550331611426,0.621339089031,2.762301995656
    ));
#9661 = CARTESIAN_POINT('',(4.550721613297,0.618917971229,2.773692459367
    ));
#9662 = CARTESIAN_POINT('',(4.551102908798,0.616483179322,2.785147254684
    ));
#9663 = CARTESIAN_POINT('',(4.551841473684,0.611626533526,2.807995976726
    ));
#9664 = CARTESIAN_POINT('',(4.552199034853,0.609205124242,2.81938781175)
  );
#9665 = CARTESIAN_POINT('',(4.552547693676,0.606770568034,2.83084149819)
  );
#9666 = CARTESIAN_POINT('',(4.553221372509,0.601913859003,2.85369051773)
  );
#9667 = CARTESIAN_POINT('',(4.553546678159,0.599492113826,2.865083933008
    ));
#9668 = CARTESIAN_POINT('',(4.553862883417,0.597057831594,2.876536330492
    ));
#9669 = CARTESIAN_POINT('',(4.554472027457,0.592201052906,2.899385677745
    ));
#9670 = CARTESIAN_POINT('',(4.554765243235,0.589778923466,2.910780900835
    ));
#9671 = CARTESIAN_POINT('',(4.555049160754,0.587344957907,2.922231808488
    ));
#9672 = CARTESIAN_POINT('',(4.555594085007,0.582488103904,2.945081510067
    ));
#9673 = CARTESIAN_POINT('',(4.555855357209,0.580065538575,2.956478783859
    ));
#9674 = CARTESIAN_POINT('',(4.556107136226,0.577631936579,2.967927981082
    ));
#9675 = CARTESIAN_POINT('',(4.556588120266,0.572775002947,2.99077805729)
  );
#9676 = CARTESIAN_POINT('',(4.556817575979,0.570351947956,3.002177634756
    ));
#9677 = CARTESIAN_POINT('',(4.557037349815,0.567918760056,3.01362488381)
  );
#9678 = CARTESIAN_POINT('',(4.557454638532,0.563061744495,3.036475345463
    ));
#9679 = CARTESIAN_POINT('',(4.557652385772,0.560638145511,3.047877482217
    ));
#9680 = CARTESIAN_POINT('',(4.557840272457,0.558205424932,3.059322532699
    ));
#9681 = CARTESIAN_POINT('',(4.558194076753,0.553348327874,3.082173377761
    ));
#9682 = CARTESIAN_POINT('',(4.55836020463,0.550924132049,3.093578322432)
  );
#9683 = CARTESIAN_POINT('',(4.558516307464,0.548491933287,3.105020917961
    ));
#9684 = CARTESIAN_POINT('',(4.558806804905,0.543634758563,3.127872128414
    ));
#9685 = CARTESIAN_POINT('',(4.558941383861,0.541209916965,3.139280111208
    ));
#9686 = CARTESIAN_POINT('',(4.559065791873,0.538778293878,3.150719998397
    ));
#9687 = CARTESIAN_POINT('',(4.559289364462,0.534001445917,3.173193301142
    ));
#9688 = CARTESIAN_POINT('',(4.559389347551,0.531656709793,3.184224417312
    ));
#9689 = CARTESIAN_POINT('',(4.559479713778,0.529306845248,3.195279660803
    ));
#9690 = CARTESIAN_POINT('',(4.559643309223,0.524531015986,3.217748170946
    ));
#9691 = CARTESIAN_POINT('',(4.559715977255,0.522104789354,3.229162669811
    ));
#9692 = CARTESIAN_POINT('',(4.559778258107,0.519674441603,3.240596557019
    ));
#9693 = CARTESIAN_POINT('',(4.559881673858,0.514817097121,3.263448566119
    ));
#9694 = CARTESIAN_POINT('',(4.559922896137,0.512390127828,3.274866558929
    ));
#9695 = CARTESIAN_POINT('',(4.559953664448,0.509960487816,3.286297116485
    ));
#9696 = CARTESIAN_POINT('',(4.559994160514,0.505103118425,3.309149242777
    ));
#9697 = CARTESIAN_POINT('',(4.560003938104,0.502675397106,3.320570773588
    ));
#9698 = CARTESIAN_POINT('',(4.560003227463,0.500246491538,3.331997875857
    ));
#9699 = CARTESIAN_POINT('',(4.559980823682,0.49538911742,3.354850024389)
  );
#9700 = CARTESIAN_POINT('',(4.559959141833,0.492960648212,3.366275073744
    ));
#9701 = CARTESIAN_POINT('',(4.559926971124,0.490532491387,3.37769865345)
  );
#9702 = CARTESIAN_POINT('',(4.559841656474,0.485675133035,3.400550727806
    ));
#9703 = CARTESIAN_POINT('',(4.559788485318,0.483245933163,3.411979214666
    ));
#9704 = CARTESIAN_POINT('',(4.559724858065,0.480818526053,3.423399267246
    ));
#9705 = CARTESIAN_POINT('',(4.559576590602,0.475961202735,3.446251176778
    ));
#9706 = CARTESIAN_POINT('',(4.559491885731,0.473531301133,3.457682965016
    ));
#9707 = CARTESIAN_POINT('',(4.55939678937,0.471104631472,3.469099548169)
  );
#9708 = CARTESIAN_POINT('',(4.559185496001,0.466247359896,3.491951214278
    ));
#9709 = CARTESIAN_POINT('',(4.559069198868,0.463816795086,3.503386122664
    ));
#9710 = CARTESIAN_POINT('',(4.558942604012,0.461390838462,3.514799351241
    ));
#9711 = CARTESIAN_POINT('',(4.558668180126,0.456533631832,3.537650711804
    ));
#9712 = CARTESIAN_POINT('',(4.55852021822,0.454102449372,3.549088526007)
  );
#9713 = CARTESIAN_POINT('',(4.558362078002,0.451677171116,3.560498563111
    ));
#9714 = CARTESIAN_POINT('',(4.558024386988,0.446820038677,3.583349574633
    ));
#9715 = CARTESIAN_POINT('',(4.557844673802,0.444388288514,3.594790059667
    ));
#9716 = CARTESIAN_POINT('',(4.557654923327,0.441963646102,3.606197105365
    ));
#9717 = CARTESIAN_POINT('',(4.557179430408,0.436206135645,3.633284062415
    ));
#9718 = CARTESIAN_POINT('',(4.556884708632,0.432880166482,3.64893151708)
  );
#9719 = CARTESIAN_POINT('',(4.556571593687,0.42956992391,3.664504983956)
  );
#9720 = CARTESIAN_POINT('',(4.55624057783,0.426276356577,3.68));
#9721 = ORIENTED_EDGE('',*,*,#9722,.F.);
#9722 = EDGE_CURVE('',#8624,#9617,#9723,.T.);
#9723 = LINE('',#9724,#9725);
#9724 = CARTESIAN_POINT('',(6.586276356577,0.426276356577,3.68));
#9725 = VECTOR('',#9726,1.);
#9726 = DIRECTION('',(-1.,-4.440892098501E-16,0.));
#9727 = B_SPLINE_SURFACE_WITH_KNOTS('',1,1,(
    (#9728,#9729)
    ,(#9730,#9731
    )),.UNSPECIFIED.,.F.,.F.,.F.,(2,2),(2,2),(0.,6.2),(0.,1.),
  .PIECEWISE_BEZIER_KNOTS.);
#9728 = CARTESIAN_POINT('',(6.91,0.75,2.157));
#9729 = CARTESIAN_POINT('',(6.586276356577,0.426276356577,3.68));
#9730 = CARTESIAN_POINT('',(0.71,0.75,2.157));
#9731 = CARTESIAN_POINT('',(1.033723643423,0.426276356577,3.68));
#9732 = ADVANCED_FACE('',(#9733),#9778,.T.);
#9733 = FACE_BOUND('',#9734,.T.);
#9734 = EDGE_LOOP('',(#9735,#9736,#9742,#9743,#9749,#9750,#9756,#9757,
    #9763,#9764,#9771,#9777));
#9735 = ORIENTED_EDGE('',*,*,#7908,.T.);
#9736 = ORIENTED_EDGE('',*,*,#9737,.T.);
#9737 = EDGE_CURVE('',#7901,#8219,#9738,.T.);
#9738 = LINE('',#9739,#9740);
#9739 = CARTESIAN_POINT('',(0.71,0.75,2.157));
#9740 = VECTOR('',#9741,1.);
#9741 = DIRECTION('',(4.440892098501E-16,-1.,0.));
#9742 = ORIENTED_EDGE('',*,*,#8235,.T.);
#9743 = ORIENTED_EDGE('',*,*,#9744,.T.);
#9744 = EDGE_CURVE('',#8228,#8547,#9745,.T.);
#9745 = LINE('',#9746,#9747);
#9746 = CARTESIAN_POINT('',(0.71,0.75,2.157));
#9747 = VECTOR('',#9748,1.);
#9748 = DIRECTION('',(4.440892098501E-16,-1.,0.));
#9749 = ORIENTED_EDGE('',*,*,#8563,.T.);
#9750 = ORIENTED_EDGE('',*,*,#9751,.T.);
#9751 = EDGE_CURVE('',#8556,#8366,#9752,.T.);
#9752 = LINE('',#9753,#9754);
#9753 = CARTESIAN_POINT('',(0.71,0.75,2.157));
#9754 = VECTOR('',#9755,1.);
#9755 = DIRECTION('',(4.440892098501E-16,-1.,0.));
#9756 = ORIENTED_EDGE('',*,*,#8382,.T.);
#9757 = ORIENTED_EDGE('',*,*,#9758,.T.);
#9758 = EDGE_CURVE('',#8375,#8039,#9759,.T.);
#9759 = LINE('',#9760,#9761);
#9760 = CARTESIAN_POINT('',(0.71,0.75,2.157));
#9761 = VECTOR('',#9762,1.);
#9762 = DIRECTION('',(4.440892098501E-16,-1.,0.));
#9763 = ORIENTED_EDGE('',*,*,#8054,.T.);
#9764 = ORIENTED_EDGE('',*,*,#9765,.T.);
#9765 = EDGE_CURVE('',#8048,#9766,#9768,.T.);
#9766 = VERTEX_POINT('',#9767);
#9767 = CARTESIAN_POINT('',(1.033723643423,-8.046276356577,3.68));
#9768 = B_SPLINE_CURVE_WITH_KNOTS('',1,(#9769,#9770),.UNSPECIFIED.,.F.,
  .F.,(2,2),(0.,1.),.PIECEWISE_BEZIER_KNOTS.);
#9769 = CARTESIAN_POINT('',(0.71,-8.37,2.157));
#9770 = CARTESIAN_POINT('',(1.033723643423,-8.046276356577,3.68));
#9771 = ORIENTED_EDGE('',*,*,#9772,.F.);
#9772 = EDGE_CURVE('',#9390,#9766,#9773,.T.);
#9773 = LINE('',#9774,#9775);
#9774 = CARTESIAN_POINT('',(1.033723643423,0.426276356577,3.68));
#9775 = VECTOR('',#9776,1.);
#9776 = DIRECTION('',(4.440892098501E-16,-1.,0.));
#9777 = ORIENTED_EDGE('',*,*,#9389,.F.);
#9778 = B_SPLINE_SURFACE_WITH_KNOTS('',1,1,(
    (#9779,#9780)
    ,(#9781,#9782
    )),.UNSPECIFIED.,.F.,.F.,.F.,(2,2),(2,2),(0.,9.12),(0.,1.),
  .PIECEWISE_BEZIER_KNOTS.);
#9779 = CARTESIAN_POINT('',(0.71,0.75,2.157));
#9780 = CARTESIAN_POINT('',(1.033723643423,0.426276356577,3.68));
#9781 = CARTESIAN_POINT('',(0.71,-8.37,2.157));
#9782 = CARTESIAN_POINT('',(1.033723643423,-8.046276356577,3.68));
#9783 = ADVANCED_FACE('',(#9784),#9797,.T.);
#9784 = FACE_BOUND('',#9785,.T.);
#9785 = EDGE_LOOP('',(#9786,#9787,#9788,#9789,#9790,#9796));
#9786 = ORIENTED_EDGE('',*,*,#8218,.F.);
#9787 = ORIENTED_EDGE('',*,*,#9737,.F.);
#9788 = ORIENTED_EDGE('',*,*,#7900,.F.);
#9789 = ORIENTED_EDGE('',*,*,#7922,.F.);
#9790 = ORIENTED_EDGE('',*,*,#9791,.F.);
#9791 = EDGE_CURVE('',#8069,#7923,#9792,.T.);
#9792 = LINE('',#9793,#9794);
#9793 = CARTESIAN_POINT('',(0.254,-0.762,2.157));
#9794 = VECTOR('',#9795,1.);
#9795 = DIRECTION('',(-4.440892098501E-16,1.,0.));
#9796 = ORIENTED_EDGE('',*,*,#8112,.F.);
#9797 = PLANE('',#9798);
#9798 = AXIS2_PLACEMENT_3D('',#9799,#9800,#9801);
#9799 = CARTESIAN_POINT('',(3.81,-0.762,2.157));
#9800 = DIRECTION('',(0.,0.,1.));
#9801 = DIRECTION('',(-4.440892098501E-16,1.,0.));
#9802 = ADVANCED_FACE('',(#9803),#9846,.T.);
#9803 = FACE_BOUND('',#9804,.T.);
#9804 = EDGE_LOOP('',(#9805,#9806,#9807,#9808,#9816,#9824,#9832,#9840));
#9805 = ORIENTED_EDGE('',*,*,#7955,.F.);
#9806 = ORIENTED_EDGE('',*,*,#8126,.T.);
#9807 = ORIENTED_EDGE('',*,*,#8095,.F.);
#9808 = ORIENTED_EDGE('',*,*,#9809,.F.);
#9809 = EDGE_CURVE('',#9810,#8088,#9812,.T.);
#9810 = VERTEX_POINT('',#9811);
#9811 = CARTESIAN_POINT('',(0.127,-0.2285,0.));
#9812 = LINE('',#9813,#9814);
#9813 = CARTESIAN_POINT('',(0.127,-0.2285,0.));
#9814 = VECTOR('',#9815,1.);
#9815 = DIRECTION('',(4.440892098501E-16,-1.,0.));
#9816 = ORIENTED_EDGE('',*,*,#9817,.F.);
#9817 = EDGE_CURVE('',#9818,#9810,#9820,.T.);
#9818 = VERTEX_POINT('',#9819);
#9819 = CARTESIAN_POINT('',(0.127,-0.2285,-2.843));
#9820 = LINE('',#9821,#9822);
#9821 = CARTESIAN_POINT('',(0.127,-0.2285,-2.843));
#9822 = VECTOR('',#9823,1.);
#9823 = DIRECTION('',(0.,0.,1.));
#9824 = ORIENTED_EDGE('',*,*,#9825,.F.);
#9825 = EDGE_CURVE('',#9826,#9818,#9828,.T.);
#9826 = VERTEX_POINT('',#9827);
#9827 = CARTESIAN_POINT('',(0.127,-0.11425,-3.3));
#9828 = LINE('',#9829,#9830);
#9829 = CARTESIAN_POINT('',(0.127,-0.11425,-3.3));
#9830 = VECTOR('',#9831,1.);
#9831 = DIRECTION('',(1.077074540829E-16,-0.242535625036,0.970142500145)
  );
#9832 = ORIENTED_EDGE('',*,*,#9833,.F.);
#9833 = EDGE_CURVE('',#9834,#9826,#9836,.T.);
#9834 = VERTEX_POINT('',#9835);
#9835 = CARTESIAN_POINT('',(0.127,0.11425,-3.3));
#9836 = LINE('',#9837,#9838);
#9837 = CARTESIAN_POINT('',(0.127,0.11425,-3.3));
#9838 = VECTOR('',#9839,1.);
#9839 = DIRECTION('',(4.440892098501E-16,-1.,0.));
#9840 = ORIENTED_EDGE('',*,*,#9841,.F.);
#9841 = EDGE_CURVE('',#7948,#9834,#9842,.T.);
#9842 = LINE('',#9843,#9844);
#9843 = CARTESIAN_POINT('',(0.127,0.2285,-2.843));
#9844 = VECTOR('',#9845,1.);
#9845 = DIRECTION('',(1.077074540829E-16,-0.242535625036,-0.970142500145
    ));
#9846 = PLANE('',#9847);
#9847 = AXIS2_PLACEMENT_3D('',#9848,#9849,#9850);
#9848 = CARTESIAN_POINT('',(0.127,0.2285,2.157));
#9849 = DIRECTION('',(1.,4.440892098501E-16,0.));
#9850 = DIRECTION('',(0.,0.,-1.));
#9851 = ADVANCED_FACE('',(#9852),#9870,.T.);
#9852 = FACE_BOUND('',#9853,.T.);
#9853 = EDGE_LOOP('',(#9854,#9855,#9856,#9864));
#9854 = ORIENTED_EDGE('',*,*,#7947,.T.);
#9855 = ORIENTED_EDGE('',*,*,#9841,.T.);
#9856 = ORIENTED_EDGE('',*,*,#9857,.F.);
#9857 = EDGE_CURVE('',#9858,#9834,#9860,.T.);
#9858 = VERTEX_POINT('',#9859);
#9859 = CARTESIAN_POINT('',(-0.127,0.11425,-3.3));
#9860 = LINE('',#9861,#9862);
#9861 = CARTESIAN_POINT('',(-0.127,0.11425,-3.3));
#9862 = VECTOR('',#9863,1.);
#9863 = DIRECTION('',(1.,4.440892098501E-16,0.));
#9864 = ORIENTED_EDGE('',*,*,#9865,.F.);
#9865 = EDGE_CURVE('',#7940,#9858,#9866,.T.);
#9866 = LINE('',#9867,#9868);
#9867 = CARTESIAN_POINT('',(-0.127,0.2285,-2.843));
#9868 = VECTOR('',#9869,1.);
#9869 = DIRECTION('',(1.077074540829E-16,-0.242535625036,-0.970142500145
    ));
#9870 = PLANE('',#9871);
#9871 = AXIS2_PLACEMENT_3D('',#9872,#9873,#9874);
#9872 = CARTESIAN_POINT('',(-0.127,0.2285,-2.843));
#9873 = DIRECTION('',(-4.308298163317E-16,0.970142500145,-0.242535625036
    ));
#9874 = DIRECTION('',(1.077074540829E-16,-0.242535625036,-0.970142500145
    ));
#9875 = ADVANCED_FACE('',(#9876),#9917,.F.);
#9876 = FACE_BOUND('',#9877,.F.);
#9877 = EDGE_LOOP('',(#9878,#9879,#9885,#9886,#9894,#9902,#9910,#9916));
#9878 = ORIENTED_EDGE('',*,*,#7939,.F.);
#9879 = ORIENTED_EDGE('',*,*,#9880,.F.);
#9880 = EDGE_CURVE('',#8071,#7931,#9881,.T.);
#9881 = LINE('',#9882,#9883);
#9882 = CARTESIAN_POINT('',(-0.127,-0.762,1.776));
#9883 = VECTOR('',#9884,1.);
#9884 = DIRECTION('',(-4.440892098501E-16,1.,0.));
#9885 = ORIENTED_EDGE('',*,*,#8079,.F.);
#9886 = ORIENTED_EDGE('',*,*,#9887,.F.);
#9887 = EDGE_CURVE('',#9888,#8080,#9890,.T.);
#9888 = VERTEX_POINT('',#9889);
#9889 = CARTESIAN_POINT('',(-0.127,-0.2285,0.));
#9890 = LINE('',#9891,#9892);
#9891 = CARTESIAN_POINT('',(-0.127,-0.2285,0.));
#9892 = VECTOR('',#9893,1.);
#9893 = DIRECTION('',(4.440892098501E-16,-1.,0.));
#9894 = ORIENTED_EDGE('',*,*,#9895,.F.);
#9895 = EDGE_CURVE('',#9896,#9888,#9898,.T.);
#9896 = VERTEX_POINT('',#9897);
#9897 = CARTESIAN_POINT('',(-0.127,-0.2285,-2.843));
#9898 = LINE('',#9899,#9900);
#9899 = CARTESIAN_POINT('',(-0.127,-0.2285,-2.843));
#9900 = VECTOR('',#9901,1.);
#9901 = DIRECTION('',(0.,0.,1.));
#9902 = ORIENTED_EDGE('',*,*,#9903,.F.);
#9903 = EDGE_CURVE('',#9904,#9896,#9906,.T.);
#9904 = VERTEX_POINT('',#9905);
#9905 = CARTESIAN_POINT('',(-0.127,-0.11425,-3.3));
#9906 = LINE('',#9907,#9908);
#9907 = CARTESIAN_POINT('',(-0.127,-0.11425,-3.3));
#9908 = VECTOR('',#9909,1.);
#9909 = DIRECTION('',(1.077074540829E-16,-0.242535625036,0.970142500145)
  );
#9910 = ORIENTED_EDGE('',*,*,#9911,.F.);
#9911 = EDGE_CURVE('',#9858,#9904,#9912,.T.);
#9912 = LINE('',#9913,#9914);
#9913 = CARTESIAN_POINT('',(-0.127,0.11425,-3.3));
#9914 = VECTOR('',#9915,1.);
#9915 = DIRECTION('',(4.440892098501E-16,-1.,0.));
#9916 = ORIENTED_EDGE('',*,*,#9865,.F.);
#9917 = PLANE('',#9918);
#9918 = AXIS2_PLACEMENT_3D('',#9919,#9920,#9921);
#9919 = CARTESIAN_POINT('',(-0.127,0.2285,2.157));
#9920 = DIRECTION('',(1.,4.440892098501E-16,0.));
#9921 = DIRECTION('',(0.,0.,-1.));
#9922 = ADVANCED_FACE('',(#9923),#9929,.T.);
#9923 = FACE_BOUND('',#9924,.T.);
#9924 = EDGE_LOOP('',(#9925,#9926,#9927,#9928));
#9925 = ORIENTED_EDGE('',*,*,#9791,.T.);
#9926 = ORIENTED_EDGE('',*,*,#7930,.T.);
#9927 = ORIENTED_EDGE('',*,*,#9880,.F.);
#9928 = ORIENTED_EDGE('',*,*,#8068,.F.);
#9929 = CYLINDRICAL_SURFACE('',#9930,0.381);
#9930 = AXIS2_PLACEMENT_3D('',#9931,#9932,#9933);
#9931 = CARTESIAN_POINT('',(0.254,-0.762,1.776));
#9932 = DIRECTION('',(-4.440892098501E-16,1.,0.));
#9933 = DIRECTION('',(0.,0.,1.));
#9934 = ADVANCED_FACE('',(#9935),#9983,.T.);
#9935 = FACE_BOUND('',#9936,.T.);
#9936 = EDGE_LOOP('',(#9937,#9938,#9944,#9945,#9953,#9961,#9969,#9977));
#9937 = ORIENTED_EDGE('',*,*,#7980,.F.);
#9938 = ORIENTED_EDGE('',*,*,#9939,.T.);
#9939 = EDGE_CURVE('',#7981,#8152,#9940,.T.);
#9940 = LINE('',#9941,#9942);
#9941 = CARTESIAN_POINT('',(-0.127,-7.8485,1.776));
#9942 = VECTOR('',#9943,1.);
#9943 = DIRECTION('',(-4.440892098501E-16,1.,0.));
#9944 = ORIENTED_EDGE('',*,*,#8160,.F.);
#9945 = ORIENTED_EDGE('',*,*,#9946,.F.);
#9946 = EDGE_CURVE('',#9947,#8161,#9949,.T.);
#9947 = VERTEX_POINT('',#9948);
#9948 = CARTESIAN_POINT('',(-0.127,-7.3915,0.));
#9949 = LINE('',#9950,#9951);
#9950 = CARTESIAN_POINT('',(-0.127,-7.3915,0.));
#9951 = VECTOR('',#9952,1.);
#9952 = DIRECTION('',(-4.440892098501E-16,1.,0.));
#9953 = ORIENTED_EDGE('',*,*,#9954,.F.);
#9954 = EDGE_CURVE('',#9955,#9947,#9957,.T.);
#9955 = VERTEX_POINT('',#9956);
#9956 = CARTESIAN_POINT('',(-0.127,-7.3915,-2.843));
#9957 = LINE('',#9958,#9959);
#9958 = CARTESIAN_POINT('',(-0.127,-7.3915,-2.843));
#9959 = VECTOR('',#9960,1.);
#9960 = DIRECTION('',(0.,0.,1.));
#9961 = ORIENTED_EDGE('',*,*,#9962,.F.);
#9962 = EDGE_CURVE('',#9963,#9955,#9965,.T.);
#9963 = VERTEX_POINT('',#9964);
#9964 = CARTESIAN_POINT('',(-0.127,-7.50575,-3.3));
#9965 = LINE('',#9966,#9967);
#9966 = CARTESIAN_POINT('',(-0.127,-7.50575,-3.3));
#9967 = VECTOR('',#9968,1.);
#9968 = DIRECTION('',(-1.077074540829E-16,0.242535625036,0.970142500145)
  );
#9969 = ORIENTED_EDGE('',*,*,#9970,.F.);
#9970 = EDGE_CURVE('',#9971,#9963,#9973,.T.);
#9971 = VERTEX_POINT('',#9972);
#9972 = CARTESIAN_POINT('',(-0.127,-7.73425,-3.3));
#9973 = LINE('',#9974,#9975);
#9974 = CARTESIAN_POINT('',(-0.127,-7.73425,-3.3));
#9975 = VECTOR('',#9976,1.);
#9976 = DIRECTION('',(-4.440892098501E-16,1.,0.));
#9977 = ORIENTED_EDGE('',*,*,#9978,.F.);
#9978 = EDGE_CURVE('',#7983,#9971,#9979,.T.);
#9979 = LINE('',#9980,#9981);
#9980 = CARTESIAN_POINT('',(-0.127,-7.8485,-2.843));
#9981 = VECTOR('',#9982,1.);
#9982 = DIRECTION('',(-1.077074540829E-16,0.242535625036,-0.970142500145
    ));
#9983 = PLANE('',#9984);
#9984 = AXIS2_PLACEMENT_3D('',#9985,#9986,#9987);
#9985 = CARTESIAN_POINT('',(-0.127,-7.8485,2.157));
#9986 = DIRECTION('',(-1.,-4.440892098501E-16,0.));
#9987 = DIRECTION('',(0.,0.,1.));
#9988 = ADVANCED_FACE('',(#9989),#10007,.F.);
#9989 = FACE_BOUND('',#9990,.F.);
#9990 = EDGE_LOOP('',(#9991,#9992,#10000,#10006));
#9991 = ORIENTED_EDGE('',*,*,#8024,.T.);
#9992 = ORIENTED_EDGE('',*,*,#9993,.T.);
#9993 = EDGE_CURVE('',#8017,#9994,#9996,.T.);
#9994 = VERTEX_POINT('',#9995);
#9995 = CARTESIAN_POINT('',(0.127,-7.73425,-3.3));
#9996 = LINE('',#9997,#9998);
#9997 = CARTESIAN_POINT('',(0.127,-7.8485,-2.843));
#9998 = VECTOR('',#9999,1.);
#9999 = DIRECTION('',(-1.077074540829E-16,0.242535625036,-0.970142500145
    ));
#10000 = ORIENTED_EDGE('',*,*,#10001,.F.);
#10001 = EDGE_CURVE('',#9971,#9994,#10002,.T.);
#10002 = LINE('',#10003,#10004);
#10003 = CARTESIAN_POINT('',(-0.127,-7.73425,-3.3));
#10004 = VECTOR('',#10005,1.);
#10005 = DIRECTION('',(1.,4.440892098501E-16,0.));
#10006 = ORIENTED_EDGE('',*,*,#9978,.F.);
#10007 = PLANE('',#10008);
#10008 = AXIS2_PLACEMENT_3D('',#10009,#10010,#10011);
#10009 = CARTESIAN_POINT('',(-0.127,-7.8485,-2.843));
#10010 = DIRECTION('',(-4.308298163317E-16,0.970142500145,0.242535625036
    ));
#10011 = DIRECTION('',(-1.077074540829E-16,0.242535625036,
    -0.970142500145));
#10012 = ADVANCED_FACE('',(#10013),#10049,.F.);
#10013 = FACE_BOUND('',#10014,.F.);
#10014 = EDGE_LOOP('',(#10015,#10016,#10017,#10018,#10026,#10034,#10042,
    #10048));
#10015 = ORIENTED_EDGE('',*,*,#8016,.F.);
#10016 = ORIENTED_EDGE('',*,*,#8204,.T.);
#10017 = ORIENTED_EDGE('',*,*,#8176,.F.);
#10018 = ORIENTED_EDGE('',*,*,#10019,.F.);
#10019 = EDGE_CURVE('',#10020,#8169,#10022,.T.);
#10020 = VERTEX_POINT('',#10021);
#10021 = CARTESIAN_POINT('',(0.127,-7.3915,0.));
#10022 = LINE('',#10023,#10024);
#10023 = CARTESIAN_POINT('',(0.127,-7.3915,0.));
#10024 = VECTOR('',#10025,1.);
#10025 = DIRECTION('',(-4.440892098501E-16,1.,0.));
#10026 = ORIENTED_EDGE('',*,*,#10027,.F.);
#10027 = EDGE_CURVE('',#10028,#10020,#10030,.T.);
#10028 = VERTEX_POINT('',#10029);
#10029 = CARTESIAN_POINT('',(0.127,-7.3915,-2.843));
#10030 = LINE('',#10031,#10032);
#10031 = CARTESIAN_POINT('',(0.127,-7.3915,-2.843));
#10032 = VECTOR('',#10033,1.);
#10033 = DIRECTION('',(0.,0.,1.));
#10034 = ORIENTED_EDGE('',*,*,#10035,.F.);
#10035 = EDGE_CURVE('',#10036,#10028,#10038,.T.);
#10036 = VERTEX_POINT('',#10037);
#10037 = CARTESIAN_POINT('',(0.127,-7.50575,-3.3));
#10038 = LINE('',#10039,#10040);
#10039 = CARTESIAN_POINT('',(0.127,-7.50575,-3.3));
#10040 = VECTOR('',#10041,1.);
#10041 = DIRECTION('',(-1.077074540829E-16,0.242535625036,0.970142500145
    ));
#10042 = ORIENTED_EDGE('',*,*,#10043,.F.);
#10043 = EDGE_CURVE('',#9994,#10036,#10044,.T.);
#10044 = LINE('',#10045,#10046);
#10045 = CARTESIAN_POINT('',(0.127,-7.73425,-3.3));
#10046 = VECTOR('',#10047,1.);
#10047 = DIRECTION('',(-4.440892098501E-16,1.,0.));
#10048 = ORIENTED_EDGE('',*,*,#9993,.F.);
#10049 = PLANE('',#10050);
#10050 = AXIS2_PLACEMENT_3D('',#10051,#10052,#10053);
#10051 = CARTESIAN_POINT('',(0.127,-7.8485,2.157));
#10052 = DIRECTION('',(-1.,-4.440892098501E-16,0.));
#10053 = DIRECTION('',(0.,0.,1.));
#10054 = ADVANCED_FACE('',(#10055),#10068,.T.);
#10055 = FACE_BOUND('',#10056,.T.);
#10056 = EDGE_LOOP('',(#10057,#10058,#10059,#10060,#10061,#10067));
#10057 = ORIENTED_EDGE('',*,*,#8038,.F.);
#10058 = ORIENTED_EDGE('',*,*,#9758,.F.);
#10059 = ORIENTED_EDGE('',*,*,#8374,.F.);
#10060 = ORIENTED_EDGE('',*,*,#8143,.F.);
#10061 = ORIENTED_EDGE('',*,*,#10062,.F.);
#10062 = EDGE_CURVE('',#7991,#8144,#10063,.T.);
#10063 = LINE('',#10064,#10065);
#10064 = CARTESIAN_POINT('',(0.254,-7.8485,2.157));
#10065 = VECTOR('',#10066,1.);
#10066 = DIRECTION('',(-4.440892098501E-16,1.,0.));
#10067 = ORIENTED_EDGE('',*,*,#7999,.F.);
#10068 = PLANE('',#10069);
#10069 = AXIS2_PLACEMENT_3D('',#10070,#10071,#10072);
#10070 = CARTESIAN_POINT('',(3.81,-7.8485,2.157));
#10071 = DIRECTION('',(0.,0.,1.));
#10072 = DIRECTION('',(-4.440892098501E-16,1.,0.));
#10073 = ADVANCED_FACE('',(#10074),#10080,.T.);
#10074 = FACE_BOUND('',#10075,.T.);
#10075 = EDGE_LOOP('',(#10076,#10077,#10078,#10079));
#10076 = ORIENTED_EDGE('',*,*,#7990,.T.);
#10077 = ORIENTED_EDGE('',*,*,#10062,.T.);
#10078 = ORIENTED_EDGE('',*,*,#8151,.F.);
#10079 = ORIENTED_EDGE('',*,*,#9939,.F.);
#10080 = CYLINDRICAL_SURFACE('',#10081,0.381);
#10081 = AXIS2_PLACEMENT_3D('',#10082,#10083,#10084);
#10082 = CARTESIAN_POINT('',(0.254,-7.8485,1.776));
#10083 = DIRECTION('',(-4.440892098501E-16,1.,0.));
#10084 = DIRECTION('',(-1.,-4.440892098501E-16,0.));
#10085 = ADVANCED_FACE('',(#10086),#10097,.T.);
#10086 = FACE_BOUND('',#10087,.T.);
#10087 = EDGE_LOOP('',(#10088,#10094,#10095,#10096));
#10088 = ORIENTED_EDGE('',*,*,#10089,.T.);
#10089 = EDGE_CURVE('',#9888,#9810,#10090,.T.);
#10090 = LINE('',#10091,#10092);
#10091 = CARTESIAN_POINT('',(-0.127,-0.2285,0.));
#10092 = VECTOR('',#10093,1.);
#10093 = DIRECTION('',(1.,4.440892098501E-16,0.));
#10094 = ORIENTED_EDGE('',*,*,#9809,.T.);
#10095 = ORIENTED_EDGE('',*,*,#8087,.F.);
#10096 = ORIENTED_EDGE('',*,*,#9887,.F.);
#10097 = PLANE('',#10098);
#10098 = AXIS2_PLACEMENT_3D('',#10099,#10100,#10101);
#10099 = CARTESIAN_POINT('',(-0.127,-0.2285,0.));
#10100 = DIRECTION('',(0.,0.,-1.));
#10101 = DIRECTION('',(4.440892098501E-16,-1.,0.));
#10102 = ADVANCED_FACE('',(#10103),#10114,.F.);
#10103 = FACE_BOUND('',#10104,.F.);
#10104 = EDGE_LOOP('',(#10105,#10111,#10112,#10113));
#10105 = ORIENTED_EDGE('',*,*,#10106,.T.);
#10106 = EDGE_CURVE('',#9947,#10020,#10107,.T.);
#10107 = LINE('',#10108,#10109);
#10108 = CARTESIAN_POINT('',(-0.127,-7.3915,0.));
#10109 = VECTOR('',#10110,1.);
#10110 = DIRECTION('',(1.,4.440892098501E-16,0.));
#10111 = ORIENTED_EDGE('',*,*,#10019,.T.);
#10112 = ORIENTED_EDGE('',*,*,#8168,.F.);
#10113 = ORIENTED_EDGE('',*,*,#9946,.F.);
#10114 = PLANE('',#10115);
#10115 = AXIS2_PLACEMENT_3D('',#10116,#10117,#10118);
#10116 = CARTESIAN_POINT('',(-0.127,-7.3915,0.));
#10117 = DIRECTION('',(0.,0.,1.));
#10118 = DIRECTION('',(-4.440892098501E-16,1.,0.));
#10119 = ADVANCED_FACE('',(#10120),#10133,.T.);
#10120 = FACE_BOUND('',#10121,.T.);
#10121 = EDGE_LOOP('',(#10122,#10123,#10124,#10125,#10126,#10132));
#10122 = ORIENTED_EDGE('',*,*,#8546,.F.);
#10123 = ORIENTED_EDGE('',*,*,#9744,.F.);
#10124 = ORIENTED_EDGE('',*,*,#8227,.F.);
#10125 = ORIENTED_EDGE('',*,*,#8260,.F.);
#10126 = ORIENTED_EDGE('',*,*,#10127,.F.);
#10127 = EDGE_CURVE('',#8397,#8250,#10128,.T.);
#10128 = LINE('',#10129,#10130);
#10129 = CARTESIAN_POINT('',(0.254,-3.302,2.157));
#10130 = VECTOR('',#10131,1.);
#10131 = DIRECTION('',(-4.440892098501E-16,1.,0.));
#10132 = ORIENTED_EDGE('',*,*,#8407,.F.);
#10133 = PLANE('',#10134);
#10134 = AXIS2_PLACEMENT_3D('',#10135,#10136,#10137);
#10135 = CARTESIAN_POINT('',(3.683,-3.302,2.157));
#10136 = DIRECTION('',(0.,0.,1.));
#10137 = DIRECTION('',(-4.440892098501E-16,1.,0.));
#10138 = ADVANCED_FACE('',(#10139),#10150,.T.);
#10139 = FACE_BOUND('',#10140,.T.);
#10140 = EDGE_LOOP('',(#10141,#10142,#10143,#10149));
#10141 = ORIENTED_EDGE('',*,*,#10127,.T.);
#10142 = ORIENTED_EDGE('',*,*,#8249,.T.);
#10143 = ORIENTED_EDGE('',*,*,#10144,.F.);
#10144 = EDGE_CURVE('',#8399,#8252,#10145,.T.);
#10145 = LINE('',#10146,#10147);
#10146 = CARTESIAN_POINT('',(-0.127,-3.302,1.776));
#10147 = VECTOR('',#10148,1.);
#10148 = DIRECTION('',(-4.440892098501E-16,1.,0.));
#10149 = ORIENTED_EDGE('',*,*,#8396,.F.);
#10150 = CYLINDRICAL_SURFACE('',#10151,0.381);
#10151 = AXIS2_PLACEMENT_3D('',#10152,#10153,#10154);
#10152 = CARTESIAN_POINT('',(0.254,-3.302,1.776));
#10153 = DIRECTION('',(-4.440892098501E-16,1.,0.));
#10154 = DIRECTION('',(0.,0.,1.));
#10155 = ADVANCED_FACE('',(#10156),#10215,.F.);
#10156 = FACE_BOUND('',#10157,.F.);
#10157 = EDGE_LOOP('',(#10158,#10159,#10160,#10161,#10169,#10177,#10185,
    #10193,#10201,#10209));
#10158 = ORIENTED_EDGE('',*,*,#8293,.F.);
#10159 = ORIENTED_EDGE('',*,*,#10144,.F.);
#10160 = ORIENTED_EDGE('',*,*,#8440,.F.);
#10161 = ORIENTED_EDGE('',*,*,#10162,.F.);
#10162 = EDGE_CURVE('',#10163,#8433,#10165,.T.);
#10163 = VERTEX_POINT('',#10164);
#10164 = CARTESIAN_POINT('',(-0.127,-2.7685,0.));
#10165 = LINE('',#10166,#10167);
#10166 = CARTESIAN_POINT('',(-0.127,-2.7685,0.));
#10167 = VECTOR('',#10168,1.);
#10168 = DIRECTION('',(4.440892098501E-16,-1.,0.));
#10169 = ORIENTED_EDGE('',*,*,#10170,.F.);
#10170 = EDGE_CURVE('',#10171,#10163,#10173,.T.);
#10171 = VERTEX_POINT('',#10172);
#10172 = CARTESIAN_POINT('',(-0.127,-2.7685,-2.843));
#10173 = LINE('',#10174,#10175);
#10174 = CARTESIAN_POINT('',(-0.127,-2.7685,-2.843));
#10175 = VECTOR('',#10176,1.);
#10176 = DIRECTION('',(0.,0.,1.));
#10177 = ORIENTED_EDGE('',*,*,#10178,.F.);
#10178 = EDGE_CURVE('',#10179,#10171,#10181,.T.);
#10179 = VERTEX_POINT('',#10180);
#10180 = CARTESIAN_POINT('',(-0.127,-2.65425,-3.3));
#10181 = LINE('',#10182,#10183);
#10182 = CARTESIAN_POINT('',(-0.127,-2.65425,-3.3));
#10183 = VECTOR('',#10184,1.);
#10184 = DIRECTION('',(1.077074540829E-16,-0.242535625036,0.970142500145
    ));
#10185 = ORIENTED_EDGE('',*,*,#10186,.F.);
#10186 = EDGE_CURVE('',#10187,#10179,#10189,.T.);
#10187 = VERTEX_POINT('',#10188);
#10188 = CARTESIAN_POINT('',(-0.127,-2.42575,-3.3));
#10189 = LINE('',#10190,#10191);
#10190 = CARTESIAN_POINT('',(-0.127,-2.42575,-3.3));
#10191 = VECTOR('',#10192,1.);
#10192 = DIRECTION('',(4.440892098501E-16,-1.,0.));
#10193 = ORIENTED_EDGE('',*,*,#10194,.F.);
#10194 = EDGE_CURVE('',#10195,#10187,#10197,.T.);
#10195 = VERTEX_POINT('',#10196);
#10196 = CARTESIAN_POINT('',(-0.127,-2.3115,-2.843));
#10197 = LINE('',#10198,#10199);
#10198 = CARTESIAN_POINT('',(-0.127,-2.3115,-2.843));
#10199 = VECTOR('',#10200,1.);
#10200 = DIRECTION('',(1.077074540829E-16,-0.242535625036,
    -0.970142500145));
#10201 = ORIENTED_EDGE('',*,*,#10202,.F.);
#10202 = EDGE_CURVE('',#10203,#10195,#10205,.T.);
#10203 = VERTEX_POINT('',#10204);
#10204 = CARTESIAN_POINT('',(-0.127,-2.3115,0.));
#10205 = LINE('',#10206,#10207);
#10206 = CARTESIAN_POINT('',(-0.127,-2.3115,0.));
#10207 = VECTOR('',#10208,1.);
#10208 = DIRECTION('',(-0.,0.,-1.));
#10209 = ORIENTED_EDGE('',*,*,#10210,.F.);
#10210 = EDGE_CURVE('',#8286,#10203,#10211,.T.);
#10211 = LINE('',#10212,#10213);
#10212 = CARTESIAN_POINT('',(-0.127,-1.778,0.));
#10213 = VECTOR('',#10214,1.);
#10214 = DIRECTION('',(4.440892098501E-16,-1.,0.));
#10215 = PLANE('',#10216);
#10216 = AXIS2_PLACEMENT_3D('',#10217,#10218,#10219);
#10217 = CARTESIAN_POINT('',(-0.127,-1.778,2.157));
#10218 = DIRECTION('',(1.,4.440892098501E-16,0.));
#10219 = DIRECTION('',(0.,0.,-1.));
#10220 = ADVANCED_FACE('',(#10221),#10239,.T.);
#10221 = FACE_BOUND('',#10222,.T.);
#10222 = EDGE_LOOP('',(#10223,#10224,#10232,#10238));
#10223 = ORIENTED_EDGE('',*,*,#8285,.T.);
#10224 = ORIENTED_EDGE('',*,*,#10225,.T.);
#10225 = EDGE_CURVE('',#8278,#10226,#10228,.T.);
#10226 = VERTEX_POINT('',#10227);
#10227 = CARTESIAN_POINT('',(0.127,-2.3115,0.));
#10228 = LINE('',#10229,#10230);
#10229 = CARTESIAN_POINT('',(0.127,-1.778,0.));
#10230 = VECTOR('',#10231,1.);
#10231 = DIRECTION('',(4.440892098501E-16,-1.,0.));
#10232 = ORIENTED_EDGE('',*,*,#10233,.F.);
#10233 = EDGE_CURVE('',#10203,#10226,#10234,.T.);
#10234 = LINE('',#10235,#10236);
#10235 = CARTESIAN_POINT('',(-0.127,-2.3115,0.));
#10236 = VECTOR('',#10237,1.);
#10237 = DIRECTION('',(1.,4.440892098501E-16,0.));
#10238 = ORIENTED_EDGE('',*,*,#10210,.F.);
#10239 = PLANE('',#10240);
#10240 = AXIS2_PLACEMENT_3D('',#10241,#10242,#10243);
#10241 = CARTESIAN_POINT('',(-0.127,-1.778,0.));
#10242 = DIRECTION('',(0.,0.,-1.));
#10243 = DIRECTION('',(4.440892098501E-16,-1.,0.));
#10244 = ADVANCED_FACE('',(#10245),#10297,.T.);
#10245 = FACE_BOUND('',#10246,.T.);
#10246 = EDGE_LOOP('',(#10247,#10248,#10249,#10250,#10258,#10266,#10274,
    #10282,#10290,#10296));
#10247 = ORIENTED_EDGE('',*,*,#8277,.F.);
#10248 = ORIENTED_EDGE('',*,*,#8454,.T.);
#10249 = ORIENTED_EDGE('',*,*,#8424,.F.);
#10250 = ORIENTED_EDGE('',*,*,#10251,.F.);
#10251 = EDGE_CURVE('',#10252,#8425,#10254,.T.);
#10252 = VERTEX_POINT('',#10253);
#10253 = CARTESIAN_POINT('',(0.127,-2.7685,0.));
#10254 = LINE('',#10255,#10256);
#10255 = CARTESIAN_POINT('',(0.127,-2.7685,0.));
#10256 = VECTOR('',#10257,1.);
#10257 = DIRECTION('',(4.440892098501E-16,-1.,0.));
#10258 = ORIENTED_EDGE('',*,*,#10259,.F.);
#10259 = EDGE_CURVE('',#10260,#10252,#10262,.T.);
#10260 = VERTEX_POINT('',#10261);
#10261 = CARTESIAN_POINT('',(0.127,-2.7685,-2.843));
#10262 = LINE('',#10263,#10264);
#10263 = CARTESIAN_POINT('',(0.127,-2.7685,-2.843));
#10264 = VECTOR('',#10265,1.);
#10265 = DIRECTION('',(0.,0.,1.));
#10266 = ORIENTED_EDGE('',*,*,#10267,.F.);
#10267 = EDGE_CURVE('',#10268,#10260,#10270,.T.);
#10268 = VERTEX_POINT('',#10269);
#10269 = CARTESIAN_POINT('',(0.127,-2.65425,-3.3));
#10270 = LINE('',#10271,#10272);
#10271 = CARTESIAN_POINT('',(0.127,-2.65425,-3.3));
#10272 = VECTOR('',#10273,1.);
#10273 = DIRECTION('',(1.077074540829E-16,-0.242535625036,0.970142500145
    ));
#10274 = ORIENTED_EDGE('',*,*,#10275,.F.);
#10275 = EDGE_CURVE('',#10276,#10268,#10278,.T.);
#10276 = VERTEX_POINT('',#10277);
#10277 = CARTESIAN_POINT('',(0.127,-2.42575,-3.3));
#10278 = LINE('',#10279,#10280);
#10279 = CARTESIAN_POINT('',(0.127,-2.42575,-3.3));
#10280 = VECTOR('',#10281,1.);
#10281 = DIRECTION('',(4.440892098501E-16,-1.,0.));
#10282 = ORIENTED_EDGE('',*,*,#10283,.F.);
#10283 = EDGE_CURVE('',#10284,#10276,#10286,.T.);
#10284 = VERTEX_POINT('',#10285);
#10285 = CARTESIAN_POINT('',(0.127,-2.3115,-2.843));
#10286 = LINE('',#10287,#10288);
#10287 = CARTESIAN_POINT('',(0.127,-2.3115,-2.843));
#10288 = VECTOR('',#10289,1.);
#10289 = DIRECTION('',(1.077074540829E-16,-0.242535625036,
    -0.970142500145));
#10290 = ORIENTED_EDGE('',*,*,#10291,.F.);
#10291 = EDGE_CURVE('',#10226,#10284,#10292,.T.);
#10292 = LINE('',#10293,#10294);
#10293 = CARTESIAN_POINT('',(0.127,-2.3115,0.));
#10294 = VECTOR('',#10295,1.);
#10295 = DIRECTION('',(-0.,0.,-1.));
#10296 = ORIENTED_EDGE('',*,*,#10225,.F.);
#10297 = PLANE('',#10298);
#10298 = AXIS2_PLACEMENT_3D('',#10299,#10300,#10301);
#10299 = CARTESIAN_POINT('',(0.127,-1.778,2.157));
#10300 = DIRECTION('',(1.,4.440892098501E-16,0.));
#10301 = DIRECTION('',(0.,0.,-1.));
#10302 = ADVANCED_FACE('',(#10303),#10319,.T.);
#10303 = FACE_BOUND('',#10304,.T.);
#10304 = EDGE_LOOP('',(#10305,#10311,#10312,#10318));
#10305 = ORIENTED_EDGE('',*,*,#10306,.T.);
#10306 = EDGE_CURVE('',#8308,#8472,#10307,.T.);
#10307 = LINE('',#10308,#10309);
#10308 = CARTESIAN_POINT('',(0.254,-5.842,2.157));
#10309 = VECTOR('',#10310,1.);
#10310 = DIRECTION('',(-4.440892098501E-16,1.,0.));
#10311 = ORIENTED_EDGE('',*,*,#8471,.T.);
#10312 = ORIENTED_EDGE('',*,*,#10313,.F.);
#10313 = EDGE_CURVE('',#8310,#8474,#10314,.T.);
#10314 = LINE('',#10315,#10316);
#10315 = CARTESIAN_POINT('',(-0.127,-5.842,1.776));
#10316 = VECTOR('',#10317,1.);
#10317 = DIRECTION('',(-4.440892098501E-16,1.,0.));
#10318 = ORIENTED_EDGE('',*,*,#8307,.F.);
#10319 = CYLINDRICAL_SURFACE('',#10320,0.381);
#10320 = AXIS2_PLACEMENT_3D('',#10321,#10322,#10323);
#10321 = CARTESIAN_POINT('',(0.254,-5.842,1.776));
#10322 = DIRECTION('',(-4.440892098501E-16,1.,0.));
#10323 = DIRECTION('',(0.,0.,1.));
#10324 = ADVANCED_FACE('',(#10325),#10384,.F.);
#10325 = FACE_BOUND('',#10326,.F.);
#10326 = EDGE_LOOP('',(#10327,#10328,#10329,#10330,#10338,#10346,#10354,
    #10362,#10370,#10378));
#10327 = ORIENTED_EDGE('',*,*,#8515,.F.);
#10328 = ORIENTED_EDGE('',*,*,#10313,.F.);
#10329 = ORIENTED_EDGE('',*,*,#8351,.F.);
#10330 = ORIENTED_EDGE('',*,*,#10331,.F.);
#10331 = EDGE_CURVE('',#10332,#8344,#10334,.T.);
#10332 = VERTEX_POINT('',#10333);
#10333 = CARTESIAN_POINT('',(-0.127,-5.3085,0.));
#10334 = LINE('',#10335,#10336);
#10335 = CARTESIAN_POINT('',(-0.127,-5.3085,0.));
#10336 = VECTOR('',#10337,1.);
#10337 = DIRECTION('',(4.440892098501E-16,-1.,0.));
#10338 = ORIENTED_EDGE('',*,*,#10339,.F.);
#10339 = EDGE_CURVE('',#10340,#10332,#10342,.T.);
#10340 = VERTEX_POINT('',#10341);
#10341 = CARTESIAN_POINT('',(-0.127,-5.3085,-2.843));
#10342 = LINE('',#10343,#10344);
#10343 = CARTESIAN_POINT('',(-0.127,-5.3085,-2.843));
#10344 = VECTOR('',#10345,1.);
#10345 = DIRECTION('',(0.,0.,1.));
#10346 = ORIENTED_EDGE('',*,*,#10347,.F.);
#10347 = EDGE_CURVE('',#10348,#10340,#10350,.T.);
#10348 = VERTEX_POINT('',#10349);
#10349 = CARTESIAN_POINT('',(-0.127,-5.19425,-3.3));
#10350 = LINE('',#10351,#10352);
#10351 = CARTESIAN_POINT('',(-0.127,-5.19425,-3.3));
#10352 = VECTOR('',#10353,1.);
#10353 = DIRECTION('',(1.077074540829E-16,-0.242535625036,0.970142500145
    ));
#10354 = ORIENTED_EDGE('',*,*,#10355,.F.);
#10355 = EDGE_CURVE('',#10356,#10348,#10358,.T.);
#10356 = VERTEX_POINT('',#10357);
#10357 = CARTESIAN_POINT('',(-0.127,-4.96575,-3.3));
#10358 = LINE('',#10359,#10360);
#10359 = CARTESIAN_POINT('',(-0.127,-4.96575,-3.3));
#10360 = VECTOR('',#10361,1.);
#10361 = DIRECTION('',(4.440892098501E-16,-1.,0.));
#10362 = ORIENTED_EDGE('',*,*,#10363,.F.);
#10363 = EDGE_CURVE('',#10364,#10356,#10366,.T.);
#10364 = VERTEX_POINT('',#10365);
#10365 = CARTESIAN_POINT('',(-0.127,-4.8515,-2.843));
#10366 = LINE('',#10367,#10368);
#10367 = CARTESIAN_POINT('',(-0.127,-4.8515,-2.843));
#10368 = VECTOR('',#10369,1.);
#10369 = DIRECTION('',(1.077074540829E-16,-0.242535625036,
    -0.970142500145));
#10370 = ORIENTED_EDGE('',*,*,#10371,.F.);
#10371 = EDGE_CURVE('',#10372,#10364,#10374,.T.);
#10372 = VERTEX_POINT('',#10373);
#10373 = CARTESIAN_POINT('',(-0.127,-4.8515,0.));
#10374 = LINE('',#10375,#10376);
#10375 = CARTESIAN_POINT('',(-0.127,-4.8515,0.));
#10376 = VECTOR('',#10377,1.);
#10377 = DIRECTION('',(-0.,0.,-1.));
#10378 = ORIENTED_EDGE('',*,*,#10379,.F.);
#10379 = EDGE_CURVE('',#8508,#10372,#10380,.T.);
#10380 = LINE('',#10381,#10382);
#10381 = CARTESIAN_POINT('',(-0.127,-4.318,0.));
#10382 = VECTOR('',#10383,1.);
#10383 = DIRECTION('',(4.440892098501E-16,-1.,0.));
#10384 = PLANE('',#10385);
#10385 = AXIS2_PLACEMENT_3D('',#10386,#10387,#10388);
#10386 = CARTESIAN_POINT('',(-0.127,-4.318,2.157));
#10387 = DIRECTION('',(1.,4.440892098501E-16,0.));
#10388 = DIRECTION('',(0.,0.,-1.));
#10389 = ADVANCED_FACE('',(#10390),#10408,.T.);
#10390 = FACE_BOUND('',#10391,.T.);
#10391 = EDGE_LOOP('',(#10392,#10400,#10406,#10407));
#10392 = ORIENTED_EDGE('',*,*,#10393,.T.);
#10393 = EDGE_CURVE('',#10332,#10394,#10396,.T.);
#10394 = VERTEX_POINT('',#10395);
#10395 = CARTESIAN_POINT('',(0.127,-5.3085,0.));
#10396 = LINE('',#10397,#10398);
#10397 = CARTESIAN_POINT('',(-0.127,-5.3085,0.));
#10398 = VECTOR('',#10399,1.);
#10399 = DIRECTION('',(1.,4.440892098501E-16,0.));
#10400 = ORIENTED_EDGE('',*,*,#10401,.T.);
#10401 = EDGE_CURVE('',#10394,#8336,#10402,.T.);
#10402 = LINE('',#10403,#10404);
#10403 = CARTESIAN_POINT('',(0.127,-5.3085,0.));
#10404 = VECTOR('',#10405,1.);
#10405 = DIRECTION('',(4.440892098501E-16,-1.,0.));
#10406 = ORIENTED_EDGE('',*,*,#8343,.F.);
#10407 = ORIENTED_EDGE('',*,*,#10331,.F.);
#10408 = PLANE('',#10409);
#10409 = AXIS2_PLACEMENT_3D('',#10410,#10411,#10412);
#10410 = CARTESIAN_POINT('',(-0.127,-5.3085,0.));
#10411 = DIRECTION('',(0.,0.,-1.));
#10412 = DIRECTION('',(4.440892098501E-16,-1.,0.));
#10413 = ADVANCED_FACE('',(#10414),#10466,.T.);
#10414 = FACE_BOUND('',#10415,.T.);
#10415 = EDGE_LOOP('',(#10416,#10417,#10418,#10419,#10420,#10428,#10436,
    #10444,#10452,#10460));
#10416 = ORIENTED_EDGE('',*,*,#8499,.F.);
#10417 = ORIENTED_EDGE('',*,*,#8529,.T.);
#10418 = ORIENTED_EDGE('',*,*,#8335,.F.);
#10419 = ORIENTED_EDGE('',*,*,#10401,.F.);
#10420 = ORIENTED_EDGE('',*,*,#10421,.F.);
#10421 = EDGE_CURVE('',#10422,#10394,#10424,.T.);
#10422 = VERTEX_POINT('',#10423);
#10423 = CARTESIAN_POINT('',(0.127,-5.3085,-2.843));
#10424 = LINE('',#10425,#10426);
#10425 = CARTESIAN_POINT('',(0.127,-5.3085,-2.843));
#10426 = VECTOR('',#10427,1.);
#10427 = DIRECTION('',(0.,0.,1.));
#10428 = ORIENTED_EDGE('',*,*,#10429,.F.);
#10429 = EDGE_CURVE('',#10430,#10422,#10432,.T.);
#10430 = VERTEX_POINT('',#10431);
#10431 = CARTESIAN_POINT('',(0.127,-5.19425,-3.3));
#10432 = LINE('',#10433,#10434);
#10433 = CARTESIAN_POINT('',(0.127,-5.19425,-3.3));
#10434 = VECTOR('',#10435,1.);
#10435 = DIRECTION('',(1.077074540829E-16,-0.242535625036,0.970142500145
    ));
#10436 = ORIENTED_EDGE('',*,*,#10437,.F.);
#10437 = EDGE_CURVE('',#10438,#10430,#10440,.T.);
#10438 = VERTEX_POINT('',#10439);
#10439 = CARTESIAN_POINT('',(0.127,-4.96575,-3.3));
#10440 = LINE('',#10441,#10442);
#10441 = CARTESIAN_POINT('',(0.127,-4.96575,-3.3));
#10442 = VECTOR('',#10443,1.);
#10443 = DIRECTION('',(4.440892098501E-16,-1.,0.));
#10444 = ORIENTED_EDGE('',*,*,#10445,.F.);
#10445 = EDGE_CURVE('',#10446,#10438,#10448,.T.);
#10446 = VERTEX_POINT('',#10447);
#10447 = CARTESIAN_POINT('',(0.127,-4.8515,-2.843));
#10448 = LINE('',#10449,#10450);
#10449 = CARTESIAN_POINT('',(0.127,-4.8515,-2.843));
#10450 = VECTOR('',#10451,1.);
#10451 = DIRECTION('',(1.077074540829E-16,-0.242535625036,
    -0.970142500145));
#10452 = ORIENTED_EDGE('',*,*,#10453,.F.);
#10453 = EDGE_CURVE('',#10454,#10446,#10456,.T.);
#10454 = VERTEX_POINT('',#10455);
#10455 = CARTESIAN_POINT('',(0.127,-4.8515,0.));
#10456 = LINE('',#10457,#10458);
#10457 = CARTESIAN_POINT('',(0.127,-4.8515,0.));
#10458 = VECTOR('',#10459,1.);
#10459 = DIRECTION('',(-0.,0.,-1.));
#10460 = ORIENTED_EDGE('',*,*,#10461,.F.);
#10461 = EDGE_CURVE('',#8500,#10454,#10462,.T.);
#10462 = LINE('',#10463,#10464);
#10463 = CARTESIAN_POINT('',(0.127,-4.318,0.));
#10464 = VECTOR('',#10465,1.);
#10465 = DIRECTION('',(4.440892098501E-16,-1.,0.));
#10466 = PLANE('',#10467);
#10467 = AXIS2_PLACEMENT_3D('',#10468,#10469,#10470);
#10468 = CARTESIAN_POINT('',(0.127,-4.318,2.157));
#10469 = DIRECTION('',(1.,4.440892098501E-16,0.));
#10470 = DIRECTION('',(0.,0.,-1.));
#10471 = ADVANCED_FACE('',(#10472),#10480,.T.);
#10472 = FACE_BOUND('',#10473,.T.);
#10473 = EDGE_LOOP('',(#10474,#10475,#10476,#10477,#10478,#10479));
#10474 = ORIENTED_EDGE('',*,*,#8365,.F.);
#10475 = ORIENTED_EDGE('',*,*,#9751,.F.);
#10476 = ORIENTED_EDGE('',*,*,#8555,.F.);
#10477 = ORIENTED_EDGE('',*,*,#8482,.F.);
#10478 = ORIENTED_EDGE('',*,*,#10306,.F.);
#10479 = ORIENTED_EDGE('',*,*,#8318,.F.);
#10480 = PLANE('',#10481);
#10481 = AXIS2_PLACEMENT_3D('',#10482,#10483,#10484);
#10482 = CARTESIAN_POINT('',(3.683,-5.842,2.157));
#10483 = DIRECTION('',(0.,0.,1.));
#10484 = DIRECTION('',(-4.440892098501E-16,1.,0.));
#10485 = ADVANCED_FACE('',(#10486),#10497,.T.);
#10486 = FACE_BOUND('',#10487,.T.);
#10487 = EDGE_LOOP('',(#10488,#10494,#10495,#10496));
#10488 = ORIENTED_EDGE('',*,*,#10489,.T.);
#10489 = EDGE_CURVE('',#10163,#10252,#10490,.T.);
#10490 = LINE('',#10491,#10492);
#10491 = CARTESIAN_POINT('',(-0.127,-2.7685,0.));
#10492 = VECTOR('',#10493,1.);
#10493 = DIRECTION('',(1.,4.440892098501E-16,0.));
#10494 = ORIENTED_EDGE('',*,*,#10251,.T.);
#10495 = ORIENTED_EDGE('',*,*,#8432,.F.);
#10496 = ORIENTED_EDGE('',*,*,#10162,.F.);
#10497 = PLANE('',#10498);
#10498 = AXIS2_PLACEMENT_3D('',#10499,#10500,#10501);
#10499 = CARTESIAN_POINT('',(-0.127,-2.7685,0.));
#10500 = DIRECTION('',(0.,0.,-1.));
#10501 = DIRECTION('',(4.440892098501E-16,-1.,0.));
#10502 = ADVANCED_FACE('',(#10503),#10514,.T.);
#10503 = FACE_BOUND('',#10504,.T.);
#10504 = EDGE_LOOP('',(#10505,#10506,#10507,#10513));
#10505 = ORIENTED_EDGE('',*,*,#8507,.T.);
#10506 = ORIENTED_EDGE('',*,*,#10461,.T.);
#10507 = ORIENTED_EDGE('',*,*,#10508,.F.);
#10508 = EDGE_CURVE('',#10372,#10454,#10509,.T.);
#10509 = LINE('',#10510,#10511);
#10510 = CARTESIAN_POINT('',(-0.127,-4.8515,0.));
#10511 = VECTOR('',#10512,1.);
#10512 = DIRECTION('',(1.,4.440892098501E-16,0.));
#10513 = ORIENTED_EDGE('',*,*,#10379,.F.);
#10514 = PLANE('',#10515);
#10515 = AXIS2_PLACEMENT_3D('',#10516,#10517,#10518);
#10516 = CARTESIAN_POINT('',(-0.127,-4.318,0.));
#10517 = DIRECTION('',(0.,0.,-1.));
#10518 = DIRECTION('',(4.440892098501E-16,-1.,0.));
#10519 = ADVANCED_FACE('',(#10520),#10531,.T.);
#10520 = FACE_BOUND('',#10521,.T.);
#10521 = EDGE_LOOP('',(#10522,#10523,#10524,#10530));
#10522 = ORIENTED_EDGE('',*,*,#8579,.T.);
#10523 = ORIENTED_EDGE('',*,*,#8638,.T.);
#10524 = ORIENTED_EDGE('',*,*,#10525,.F.);
#10525 = EDGE_CURVE('',#9766,#8631,#10526,.T.);
#10526 = LINE('',#10527,#10528);
#10527 = CARTESIAN_POINT('',(1.033723643423,-8.046276356577,3.68));
#10528 = VECTOR('',#10529,1.);
#10529 = DIRECTION('',(1.,4.440892098501E-16,0.));
#10530 = ORIENTED_EDGE('',*,*,#9765,.F.);
#10531 = B_SPLINE_SURFACE_WITH_KNOTS('',1,1,(
    (#10532,#10533)
    ,(#10534,#10535
    )),.UNSPECIFIED.,.F.,.F.,.F.,(2,2),(2,2),(0.,6.2),(0.,1.),
  .PIECEWISE_BEZIER_KNOTS.);
#10532 = CARTESIAN_POINT('',(0.71,-8.37,2.157));
#10533 = CARTESIAN_POINT('',(1.033723643423,-8.046276356577,3.68));
#10534 = CARTESIAN_POINT('',(6.91,-8.37,2.157));
#10535 = CARTESIAN_POINT('',(6.586276356577,-8.046276356577,3.68));
#10536 = ADVANCED_FACE('',(#10537),#10560,.F.);
#10537 = FACE_BOUND('',#10538,.F.);
#10538 = EDGE_LOOP('',(#10539,#10540,#10541,#10542,#10543,#10552,#10559)
  );
#10539 = ORIENTED_EDGE('',*,*,#8630,.F.);
#10540 = ORIENTED_EDGE('',*,*,#10525,.F.);
#10541 = ORIENTED_EDGE('',*,*,#9772,.F.);
#10542 = ORIENTED_EDGE('',*,*,#9396,.F.);
#10543 = ORIENTED_EDGE('',*,*,#10544,.F.);
#10544 = EDGE_CURVE('',#10545,#9397,#10547,.T.);
#10545 = VERTEX_POINT('',#10546);
#10546 = CARTESIAN_POINT('',(3.81,-0.248723643423,3.68));
#10547 = CIRCLE('',#10548,0.75);
#10548 = AXIS2_PLACEMENT_3D('',#10549,#10550,#10551);
#10549 = CARTESIAN_POINT('',(3.81,0.501276356577,3.68));
#10550 = DIRECTION('',(0.,-0.,-1.));
#10551 = DIRECTION('',(4.440892098501E-16,-1.,0.));
#10552 = ORIENTED_EDGE('',*,*,#10553,.F.);
#10553 = EDGE_CURVE('',#9617,#10545,#10554,.T.);
#10554 = CIRCLE('',#10555,0.75);
#10555 = AXIS2_PLACEMENT_3D('',#10556,#10557,#10558);
#10556 = CARTESIAN_POINT('',(3.81,0.501276356577,3.68));
#10557 = DIRECTION('',(0.,-0.,-1.));
#10558 = DIRECTION('',(4.440892098501E-16,-1.,0.));
#10559 = ORIENTED_EDGE('',*,*,#9722,.F.);
#10560 = PLANE('',#10561);
#10561 = AXIS2_PLACEMENT_3D('',#10562,#10563,#10564);
#10562 = CARTESIAN_POINT('',(6.586276356577,-8.046276356577,3.68));
#10563 = DIRECTION('',(-0.,0.,-1.));
#10564 = DIRECTION('',(-0.548134684942,0.836390080742,0.));
#10565 = ADVANCED_FACE('',(#10566),#10577,.T.);
#10566 = FACE_BOUND('',#10567,.T.);
#10567 = EDGE_LOOP('',(#10568,#10569,#10570,#10576));
#10568 = ORIENTED_EDGE('',*,*,#8721,.T.);
#10569 = ORIENTED_EDGE('',*,*,#8697,.T.);
#10570 = ORIENTED_EDGE('',*,*,#10571,.F.);
#10571 = EDGE_CURVE('',#8768,#8690,#10572,.T.);
#10572 = LINE('',#10573,#10574);
#10573 = CARTESIAN_POINT('',(7.747,-7.50575,-3.3));
#10574 = VECTOR('',#10575,1.);
#10575 = DIRECTION('',(-1.,-3.216245299353E-16,0.));
#10576 = ORIENTED_EDGE('',*,*,#8775,.F.);
#10577 = PLANE('',#10578);
#10578 = AXIS2_PLACEMENT_3D('',#10579,#10580,#10581);
#10579 = CARTESIAN_POINT('',(7.747,-7.73425,-3.3));
#10580 = DIRECTION('',(-0.,0.,-1.));
#10581 = DIRECTION('',(-3.216245299353E-16,1.,0.));
#10582 = ADVANCED_FACE('',(#10583),#10594,.T.);
#10583 = FACE_BOUND('',#10584,.T.);
#10584 = EDGE_LOOP('',(#10585,#10586,#10587,#10593));
#10585 = ORIENTED_EDGE('',*,*,#10571,.T.);
#10586 = ORIENTED_EDGE('',*,*,#8689,.T.);
#10587 = ORIENTED_EDGE('',*,*,#10588,.F.);
#10588 = EDGE_CURVE('',#8760,#8682,#10589,.T.);
#10589 = LINE('',#10590,#10591);
#10590 = CARTESIAN_POINT('',(7.747,-7.3915,-2.843));
#10591 = VECTOR('',#10592,1.);
#10592 = DIRECTION('',(-1.,-3.216245299353E-16,0.));
#10593 = ORIENTED_EDGE('',*,*,#8767,.F.);
#10594 = PLANE('',#10595);
#10595 = AXIS2_PLACEMENT_3D('',#10596,#10597,#10598);
#10596 = CARTESIAN_POINT('',(7.747,-7.50575,-3.3));
#10597 = DIRECTION('',(-3.120216255796E-16,0.970142500145,
    -0.242535625036));
#10598 = DIRECTION('',(-7.800540639491E-17,0.242535625036,0.970142500145
    ));
#10599 = ADVANCED_FACE('',(#10600),#10606,.T.);
#10600 = FACE_BOUND('',#10601,.T.);
#10601 = EDGE_LOOP('',(#10602,#10603,#10604,#10605));
#10602 = ORIENTED_EDGE('',*,*,#10588,.T.);
#10603 = ORIENTED_EDGE('',*,*,#8681,.T.);
#10604 = ORIENTED_EDGE('',*,*,#8953,.F.);
#10605 = ORIENTED_EDGE('',*,*,#8759,.F.);
#10606 = PLANE('',#10607);
#10607 = AXIS2_PLACEMENT_3D('',#10608,#10609,#10610);
#10608 = CARTESIAN_POINT('',(7.747,-7.3915,-2.843));
#10609 = DIRECTION('',(-3.216245299353E-16,1.,0.));
#10610 = DIRECTION('',(0.,0.,1.));
#10611 = ADVANCED_FACE('',(#10612),#10623,.F.);
#10612 = FACE_BOUND('',#10613,.F.);
#10613 = EDGE_LOOP('',(#10614,#10615,#10616,#10622));
#10614 = ORIENTED_EDGE('',*,*,#8896,.T.);
#10615 = ORIENTED_EDGE('',*,*,#8938,.T.);
#10616 = ORIENTED_EDGE('',*,*,#10617,.F.);
#10617 = EDGE_CURVE('',#8858,#8931,#10618,.T.);
#10618 = LINE('',#10619,#10620);
#10619 = CARTESIAN_POINT('',(7.747,-0.11425,-3.3));
#10620 = VECTOR('',#10621,1.);
#10621 = DIRECTION('',(-1.,-3.216245299353E-16,0.));
#10622 = ORIENTED_EDGE('',*,*,#8865,.F.);
#10623 = PLANE('',#10624);
#10624 = AXIS2_PLACEMENT_3D('',#10625,#10626,#10627);
#10625 = CARTESIAN_POINT('',(7.747,0.11425,-3.3));
#10626 = DIRECTION('',(0.,0.,1.));
#10627 = DIRECTION('',(3.216245299353E-16,-1.,0.));
#10628 = ADVANCED_FACE('',(#10629),#10640,.F.);
#10629 = FACE_BOUND('',#10630,.F.);
#10630 = EDGE_LOOP('',(#10631,#10632,#10633,#10639));
#10631 = ORIENTED_EDGE('',*,*,#10617,.T.);
#10632 = ORIENTED_EDGE('',*,*,#8930,.T.);
#10633 = ORIENTED_EDGE('',*,*,#10634,.F.);
#10634 = EDGE_CURVE('',#8850,#8923,#10635,.T.);
#10635 = LINE('',#10636,#10637);
#10636 = CARTESIAN_POINT('',(7.747,-0.2285,-2.843));
#10637 = VECTOR('',#10638,1.);
#10638 = DIRECTION('',(-1.,-3.216245299353E-16,0.));
#10639 = ORIENTED_EDGE('',*,*,#8857,.F.);
#10640 = PLANE('',#10641);
#10641 = AXIS2_PLACEMENT_3D('',#10642,#10643,#10644);
#10642 = CARTESIAN_POINT('',(7.747,-0.11425,-3.3));
#10643 = DIRECTION('',(-3.120216255796E-16,0.970142500145,0.242535625036
    ));
#10644 = DIRECTION('',(7.800540639491E-17,-0.242535625036,0.970142500145
    ));
#10645 = ADVANCED_FACE('',(#10646),#10652,.F.);
#10646 = FACE_BOUND('',#10647,.F.);
#10647 = EDGE_LOOP('',(#10648,#10649,#10650,#10651));
#10648 = ORIENTED_EDGE('',*,*,#10634,.T.);
#10649 = ORIENTED_EDGE('',*,*,#8922,.T.);
#10650 = ORIENTED_EDGE('',*,*,#8970,.F.);
#10651 = ORIENTED_EDGE('',*,*,#8849,.F.);
#10652 = PLANE('',#10653);
#10653 = AXIS2_PLACEMENT_3D('',#10654,#10655,#10656);
#10654 = CARTESIAN_POINT('',(7.747,-0.2285,-2.843));
#10655 = DIRECTION('',(-3.216245299353E-16,1.,0.));
#10656 = DIRECTION('',(0.,0.,1.));
#10657 = ADVANCED_FACE('',(#10658),#10669,.T.);
#10658 = FACE_BOUND('',#10659,.T.);
#10659 = EDGE_LOOP('',(#10660,#10661,#10662,#10668));
#10660 = ORIENTED_EDGE('',*,*,#9073,.T.);
#10661 = ORIENTED_EDGE('',*,*,#9049,.T.);
#10662 = ORIENTED_EDGE('',*,*,#10663,.F.);
#10663 = EDGE_CURVE('',#9136,#9042,#10664,.T.);
#10664 = LINE('',#10665,#10666);
#10665 = CARTESIAN_POINT('',(7.747,-5.3085,-2.843));
#10666 = VECTOR('',#10667,1.);
#10667 = DIRECTION('',(-1.,-3.216245299353E-16,0.));
#10668 = ORIENTED_EDGE('',*,*,#9143,.F.);
#10669 = PLANE('',#10670);
#10670 = AXIS2_PLACEMENT_3D('',#10671,#10672,#10673);
#10671 = CARTESIAN_POINT('',(7.747,-5.3085,0.));
#10672 = DIRECTION('',(3.216245299353E-16,-1.,0.));
#10673 = DIRECTION('',(0.,0.,-1.));
#10674 = ADVANCED_FACE('',(#10675),#10686,.T.);
#10675 = FACE_BOUND('',#10676,.T.);
#10676 = EDGE_LOOP('',(#10677,#10678,#10679,#10685));
#10677 = ORIENTED_EDGE('',*,*,#10663,.T.);
#10678 = ORIENTED_EDGE('',*,*,#9041,.T.);
#10679 = ORIENTED_EDGE('',*,*,#10680,.F.);
#10680 = EDGE_CURVE('',#9128,#9034,#10681,.T.);
#10681 = LINE('',#10682,#10683);
#10682 = CARTESIAN_POINT('',(7.747,-5.19425,-3.3));
#10683 = VECTOR('',#10684,1.);
#10684 = DIRECTION('',(-1.,-3.216245299353E-16,0.));
#10685 = ORIENTED_EDGE('',*,*,#9135,.F.);
#10686 = PLANE('',#10687);
#10687 = AXIS2_PLACEMENT_3D('',#10688,#10689,#10690);
#10688 = CARTESIAN_POINT('',(7.747,-5.3085,-2.843));
#10689 = DIRECTION('',(3.120216255796E-16,-0.970142500145,
    -0.242535625036));
#10690 = DIRECTION('',(-7.800540639491E-17,0.242535625036,
    -0.970142500145));
#10691 = ADVANCED_FACE('',(#10692),#10703,.T.);
#10692 = FACE_BOUND('',#10693,.T.);
#10693 = EDGE_LOOP('',(#10694,#10700,#10701,#10702));
#10694 = ORIENTED_EDGE('',*,*,#10695,.T.);
#10695 = EDGE_CURVE('',#9112,#9018,#10696,.T.);
#10696 = LINE('',#10697,#10698);
#10697 = CARTESIAN_POINT('',(7.747,-4.8515,-2.843));
#10698 = VECTOR('',#10699,1.);
#10699 = DIRECTION('',(-1.,-3.216245299353E-16,0.));
#10700 = ORIENTED_EDGE('',*,*,#9017,.T.);
#10701 = ORIENTED_EDGE('',*,*,#9353,.F.);
#10702 = ORIENTED_EDGE('',*,*,#9111,.F.);
#10703 = PLANE('',#10704);
#10704 = AXIS2_PLACEMENT_3D('',#10705,#10706,#10707);
#10705 = CARTESIAN_POINT('',(7.747,-4.8515,-2.843));
#10706 = DIRECTION('',(-3.216245299353E-16,1.,0.));
#10707 = DIRECTION('',(0.,0.,1.));
#10708 = ADVANCED_FACE('',(#10709),#10720,.T.);
#10709 = FACE_BOUND('',#10710,.T.);
#10710 = EDGE_LOOP('',(#10711,#10712,#10713,#10719));
#10711 = ORIENTED_EDGE('',*,*,#10680,.T.);
#10712 = ORIENTED_EDGE('',*,*,#9033,.T.);
#10713 = ORIENTED_EDGE('',*,*,#10714,.F.);
#10714 = EDGE_CURVE('',#9120,#9026,#10715,.T.);
#10715 = LINE('',#10716,#10717);
#10716 = CARTESIAN_POINT('',(7.747,-4.96575,-3.3));
#10717 = VECTOR('',#10718,1.);
#10718 = DIRECTION('',(-1.,-3.216245299353E-16,0.));
#10719 = ORIENTED_EDGE('',*,*,#9127,.F.);
#10720 = PLANE('',#10721);
#10721 = AXIS2_PLACEMENT_3D('',#10722,#10723,#10724);
#10722 = CARTESIAN_POINT('',(7.747,-5.19425,-3.3));
#10723 = DIRECTION('',(-0.,0.,-1.));
#10724 = DIRECTION('',(-3.216245299353E-16,1.,0.));
#10725 = ADVANCED_FACE('',(#10726),#10732,.T.);
#10726 = FACE_BOUND('',#10727,.T.);
#10727 = EDGE_LOOP('',(#10728,#10729,#10730,#10731));
#10728 = ORIENTED_EDGE('',*,*,#10714,.T.);
#10729 = ORIENTED_EDGE('',*,*,#9025,.T.);
#10730 = ORIENTED_EDGE('',*,*,#10695,.F.);
#10731 = ORIENTED_EDGE('',*,*,#9119,.F.);
#10732 = PLANE('',#10733);
#10733 = AXIS2_PLACEMENT_3D('',#10734,#10735,#10736);
#10734 = CARTESIAN_POINT('',(7.747,-4.96575,-3.3));
#10735 = DIRECTION('',(-3.120216255796E-16,0.970142500145,
    -0.242535625036));
#10736 = DIRECTION('',(-7.800540639491E-17,0.242535625036,0.970142500145
    ));
#10737 = ADVANCED_FACE('',(#10738),#10749,.T.);
#10738 = FACE_BOUND('',#10739,.T.);
#10739 = EDGE_LOOP('',(#10740,#10741,#10742,#10748));
#10740 = ORIENTED_EDGE('',*,*,#9372,.T.);
#10741 = ORIENTED_EDGE('',*,*,#9213,.T.);
#10742 = ORIENTED_EDGE('',*,*,#10743,.F.);
#10743 = EDGE_CURVE('',#9293,#9206,#10744,.T.);
#10744 = LINE('',#10745,#10746);
#10745 = CARTESIAN_POINT('',(7.747,-2.7685,-2.843));
#10746 = VECTOR('',#10747,1.);
#10747 = DIRECTION('',(-1.,-3.216245299353E-16,0.));
#10748 = ORIENTED_EDGE('',*,*,#9300,.F.);
#10749 = PLANE('',#10750);
#10750 = AXIS2_PLACEMENT_3D('',#10751,#10752,#10753);
#10751 = CARTESIAN_POINT('',(7.747,-2.7685,0.));
#10752 = DIRECTION('',(3.216245299353E-16,-1.,0.));
#10753 = DIRECTION('',(0.,0.,-1.));
#10754 = ADVANCED_FACE('',(#10755),#10766,.T.);
#10755 = FACE_BOUND('',#10756,.T.);
#10756 = EDGE_LOOP('',(#10757,#10758,#10759,#10765));
#10757 = ORIENTED_EDGE('',*,*,#10743,.T.);
#10758 = ORIENTED_EDGE('',*,*,#9205,.T.);
#10759 = ORIENTED_EDGE('',*,*,#10760,.F.);
#10760 = EDGE_CURVE('',#9285,#9198,#10761,.T.);
#10761 = LINE('',#10762,#10763);
#10762 = CARTESIAN_POINT('',(7.747,-2.65425,-3.3));
#10763 = VECTOR('',#10764,1.);
#10764 = DIRECTION('',(-1.,-3.216245299353E-16,0.));
#10765 = ORIENTED_EDGE('',*,*,#9292,.F.);
#10766 = PLANE('',#10767);
#10767 = AXIS2_PLACEMENT_3D('',#10768,#10769,#10770);
#10768 = CARTESIAN_POINT('',(7.747,-2.7685,-2.843));
#10769 = DIRECTION('',(3.120216255796E-16,-0.970142500145,
    -0.242535625036));
#10770 = DIRECTION('',(-7.800540639491E-17,0.242535625036,
    -0.970142500145));
#10771 = ADVANCED_FACE('',(#10772),#10783,.T.);
#10772 = FACE_BOUND('',#10773,.T.);
#10773 = EDGE_LOOP('',(#10774,#10780,#10781,#10782));
#10774 = ORIENTED_EDGE('',*,*,#10775,.T.);
#10775 = EDGE_CURVE('',#9269,#9182,#10776,.T.);
#10776 = LINE('',#10777,#10778);
#10777 = CARTESIAN_POINT('',(7.747,-2.3115,-2.843));
#10778 = VECTOR('',#10779,1.);
#10779 = DIRECTION('',(-1.,-3.216245299353E-16,0.));
#10780 = ORIENTED_EDGE('',*,*,#9181,.T.);
#10781 = ORIENTED_EDGE('',*,*,#9235,.F.);
#10782 = ORIENTED_EDGE('',*,*,#9268,.F.);
#10783 = PLANE('',#10784);
#10784 = AXIS2_PLACEMENT_3D('',#10785,#10786,#10787);
#10785 = CARTESIAN_POINT('',(7.747,-2.3115,-2.843));
#10786 = DIRECTION('',(-3.216245299353E-16,1.,0.));
#10787 = DIRECTION('',(0.,0.,1.));
#10788 = ADVANCED_FACE('',(#10789),#10800,.T.);
#10789 = FACE_BOUND('',#10790,.T.);
#10790 = EDGE_LOOP('',(#10791,#10792,#10793,#10799));
#10791 = ORIENTED_EDGE('',*,*,#10760,.T.);
#10792 = ORIENTED_EDGE('',*,*,#9197,.T.);
#10793 = ORIENTED_EDGE('',*,*,#10794,.F.);
#10794 = EDGE_CURVE('',#9277,#9190,#10795,.T.);
#10795 = LINE('',#10796,#10797);
#10796 = CARTESIAN_POINT('',(7.747,-2.42575,-3.3));
#10797 = VECTOR('',#10798,1.);
#10798 = DIRECTION('',(-1.,-3.216245299353E-16,0.));
#10799 = ORIENTED_EDGE('',*,*,#9284,.F.);
#10800 = PLANE('',#10801);
#10801 = AXIS2_PLACEMENT_3D('',#10802,#10803,#10804);
#10802 = CARTESIAN_POINT('',(7.747,-2.65425,-3.3));
#10803 = DIRECTION('',(-0.,0.,-1.));
#10804 = DIRECTION('',(-3.216245299353E-16,1.,0.));
#10805 = ADVANCED_FACE('',(#10806),#10812,.T.);
#10806 = FACE_BOUND('',#10807,.T.);
#10807 = EDGE_LOOP('',(#10808,#10809,#10810,#10811));
#10808 = ORIENTED_EDGE('',*,*,#10794,.T.);
#10809 = ORIENTED_EDGE('',*,*,#9189,.T.);
#10810 = ORIENTED_EDGE('',*,*,#10775,.F.);
#10811 = ORIENTED_EDGE('',*,*,#9276,.F.);
#10812 = PLANE('',#10813);
#10813 = AXIS2_PLACEMENT_3D('',#10814,#10815,#10816);
#10814 = CARTESIAN_POINT('',(7.747,-2.42575,-3.3));
#10815 = DIRECTION('',(-3.120216255796E-16,0.970142500145,
    -0.242535625036));
#10816 = DIRECTION('',(-7.800540639491E-17,0.242535625036,0.970142500145
    ));
#10817 = ADVANCED_FACE('',(#10818),#10840,.F.);
#10818 = FACE_BOUND('',#10819,.F.);
#10819 = EDGE_LOOP('',(#10820,#10821,#10830,#10837,#10838,#10839));
#10820 = ORIENTED_EDGE('',*,*,#9404,.F.);
#10821 = ORIENTED_EDGE('',*,*,#10822,.F.);
#10822 = EDGE_CURVE('',#10823,#9405,#10825,.T.);
#10823 = VERTEX_POINT('',#10824);
#10824 = CARTESIAN_POINT('',(3.81,-0.248723643423,3.18));
#10825 = CIRCLE('',#10826,0.75);
#10826 = AXIS2_PLACEMENT_3D('',#10827,#10828,#10829);
#10827 = CARTESIAN_POINT('',(3.81,0.501276356577,3.18));
#10828 = DIRECTION('',(0.,-0.,-1.));
#10829 = DIRECTION('',(4.440892098501E-16,-1.,0.));
#10830 = ORIENTED_EDGE('',*,*,#10831,.F.);
#10831 = EDGE_CURVE('',#9511,#10823,#10832,.T.);
#10832 = CIRCLE('',#10833,0.75);
#10833 = AXIS2_PLACEMENT_3D('',#10834,#10835,#10836);
#10834 = CARTESIAN_POINT('',(3.81,0.501276356577,3.18));
#10835 = DIRECTION('',(0.,-0.,-1.));
#10836 = DIRECTION('',(4.440892098501E-16,-1.,0.));
#10837 = ORIENTED_EDGE('',*,*,#9616,.T.);
#10838 = ORIENTED_EDGE('',*,*,#10553,.T.);
#10839 = ORIENTED_EDGE('',*,*,#10544,.T.);
#10840 = CYLINDRICAL_SURFACE('',#10841,0.75);
#10841 = AXIS2_PLACEMENT_3D('',#10842,#10843,#10844);
#10842 = CARTESIAN_POINT('',(3.81,0.501276356577,3.68));
#10843 = DIRECTION('',(-0.,0.,-1.));
#10844 = DIRECTION('',(4.440892098501E-16,-1.,-0.));
#10845 = ADVANCED_FACE('',(#10846),#10851,.F.);
#10846 = FACE_BOUND('',#10847,.F.);
#10847 = EDGE_LOOP('',(#10848,#10849,#10850));
#10848 = ORIENTED_EDGE('',*,*,#10831,.T.);
#10849 = ORIENTED_EDGE('',*,*,#10822,.T.);
#10850 = ORIENTED_EDGE('',*,*,#9510,.T.);
#10851 = PLANE('',#10852);
#10852 = AXIS2_PLACEMENT_3D('',#10853,#10854,#10855);
#10853 = CARTESIAN_POINT('',(3.81,0.501276356577,3.18));
#10854 = DIRECTION('',(-0.,0.,-1.));
#10855 = DIRECTION('',(4.440892098501E-16,-1.,-0.));
#10856 = ADVANCED_FACE('',(#10857),#10868,.T.);
#10857 = FACE_BOUND('',#10858,.T.);
#10858 = EDGE_LOOP('',(#10859,#10860,#10861,#10867));
#10859 = ORIENTED_EDGE('',*,*,#9857,.T.);
#10860 = ORIENTED_EDGE('',*,*,#9833,.T.);
#10861 = ORIENTED_EDGE('',*,*,#10862,.F.);
#10862 = EDGE_CURVE('',#9904,#9826,#10863,.T.);
#10863 = LINE('',#10864,#10865);
#10864 = CARTESIAN_POINT('',(-0.127,-0.11425,-3.3));
#10865 = VECTOR('',#10866,1.);
#10866 = DIRECTION('',(1.,4.440892098501E-16,0.));
#10867 = ORIENTED_EDGE('',*,*,#9911,.F.);
#10868 = PLANE('',#10869);
#10869 = AXIS2_PLACEMENT_3D('',#10870,#10871,#10872);
#10870 = CARTESIAN_POINT('',(-0.127,0.11425,-3.3));
#10871 = DIRECTION('',(0.,0.,-1.));
#10872 = DIRECTION('',(4.440892098501E-16,-1.,0.));
#10873 = ADVANCED_FACE('',(#10874),#10885,.T.);
#10874 = FACE_BOUND('',#10875,.T.);
#10875 = EDGE_LOOP('',(#10876,#10877,#10878,#10884));
#10876 = ORIENTED_EDGE('',*,*,#10862,.T.);
#10877 = ORIENTED_EDGE('',*,*,#9825,.T.);
#10878 = ORIENTED_EDGE('',*,*,#10879,.F.);
#10879 = EDGE_CURVE('',#9896,#9818,#10880,.T.);
#10880 = LINE('',#10881,#10882);
#10881 = CARTESIAN_POINT('',(-0.127,-0.2285,-2.843));
#10882 = VECTOR('',#10883,1.);
#10883 = DIRECTION('',(1.,4.440892098501E-16,0.));
#10884 = ORIENTED_EDGE('',*,*,#9903,.F.);
#10885 = PLANE('',#10886);
#10886 = AXIS2_PLACEMENT_3D('',#10887,#10888,#10889);
#10887 = CARTESIAN_POINT('',(-0.127,-0.11425,-3.3));
#10888 = DIRECTION('',(4.308298163317E-16,-0.970142500145,
    -0.242535625036));
#10889 = DIRECTION('',(1.077074540829E-16,-0.242535625036,0.970142500145
    ));
#10890 = ADVANCED_FACE('',(#10891),#10897,.T.);
#10891 = FACE_BOUND('',#10892,.T.);
#10892 = EDGE_LOOP('',(#10893,#10894,#10895,#10896));
#10893 = ORIENTED_EDGE('',*,*,#10879,.T.);
#10894 = ORIENTED_EDGE('',*,*,#9817,.T.);
#10895 = ORIENTED_EDGE('',*,*,#10089,.F.);
#10896 = ORIENTED_EDGE('',*,*,#9895,.F.);
#10897 = PLANE('',#10898);
#10898 = AXIS2_PLACEMENT_3D('',#10899,#10900,#10901);
#10899 = CARTESIAN_POINT('',(-0.127,-0.2285,-2.843));
#10900 = DIRECTION('',(4.440892098501E-16,-1.,0.));
#10901 = DIRECTION('',(0.,0.,1.));
#10902 = ADVANCED_FACE('',(#10903),#10914,.F.);
#10903 = FACE_BOUND('',#10904,.F.);
#10904 = EDGE_LOOP('',(#10905,#10906,#10907,#10913));
#10905 = ORIENTED_EDGE('',*,*,#10001,.T.);
#10906 = ORIENTED_EDGE('',*,*,#10043,.T.);
#10907 = ORIENTED_EDGE('',*,*,#10908,.F.);
#10908 = EDGE_CURVE('',#9963,#10036,#10909,.T.);
#10909 = LINE('',#10910,#10911);
#10910 = CARTESIAN_POINT('',(-0.127,-7.50575,-3.3));
#10911 = VECTOR('',#10912,1.);
#10912 = DIRECTION('',(1.,4.440892098501E-16,0.));
#10913 = ORIENTED_EDGE('',*,*,#9970,.F.);
#10914 = PLANE('',#10915);
#10915 = AXIS2_PLACEMENT_3D('',#10916,#10917,#10918);
#10916 = CARTESIAN_POINT('',(-0.127,-7.73425,-3.3));
#10917 = DIRECTION('',(0.,0.,1.));
#10918 = DIRECTION('',(-4.440892098501E-16,1.,0.));
#10919 = ADVANCED_FACE('',(#10920),#10931,.F.);
#10920 = FACE_BOUND('',#10921,.F.);
#10921 = EDGE_LOOP('',(#10922,#10923,#10924,#10930));
#10922 = ORIENTED_EDGE('',*,*,#10908,.T.);
#10923 = ORIENTED_EDGE('',*,*,#10035,.T.);
#10924 = ORIENTED_EDGE('',*,*,#10925,.F.);
#10925 = EDGE_CURVE('',#9955,#10028,#10926,.T.);
#10926 = LINE('',#10927,#10928);
#10927 = CARTESIAN_POINT('',(-0.127,-7.3915,-2.843));
#10928 = VECTOR('',#10929,1.);
#10929 = DIRECTION('',(1.,4.440892098501E-16,0.));
#10930 = ORIENTED_EDGE('',*,*,#9962,.F.);
#10931 = PLANE('',#10932);
#10932 = AXIS2_PLACEMENT_3D('',#10933,#10934,#10935);
#10933 = CARTESIAN_POINT('',(-0.127,-7.50575,-3.3));
#10934 = DIRECTION('',(4.308298163317E-16,-0.970142500145,0.242535625036
    ));
#10935 = DIRECTION('',(-1.077074540829E-16,0.242535625036,0.970142500145
    ));
#10936 = ADVANCED_FACE('',(#10937),#10943,.F.);
#10937 = FACE_BOUND('',#10938,.F.);
#10938 = EDGE_LOOP('',(#10939,#10940,#10941,#10942));
#10939 = ORIENTED_EDGE('',*,*,#10925,.T.);
#10940 = ORIENTED_EDGE('',*,*,#10027,.T.);
#10941 = ORIENTED_EDGE('',*,*,#10106,.F.);
#10942 = ORIENTED_EDGE('',*,*,#9954,.F.);
#10943 = PLANE('',#10944);
#10944 = AXIS2_PLACEMENT_3D('',#10945,#10946,#10947);
#10945 = CARTESIAN_POINT('',(-0.127,-7.3915,-2.843));
#10946 = DIRECTION('',(4.440892098501E-16,-1.,0.));
#10947 = DIRECTION('',(0.,0.,1.));
#10948 = ADVANCED_FACE('',(#10949),#10960,.T.);
#10949 = FACE_BOUND('',#10950,.T.);
#10950 = EDGE_LOOP('',(#10951,#10952,#10953,#10959));
#10951 = ORIENTED_EDGE('',*,*,#10233,.T.);
#10952 = ORIENTED_EDGE('',*,*,#10291,.T.);
#10953 = ORIENTED_EDGE('',*,*,#10954,.F.);
#10954 = EDGE_CURVE('',#10195,#10284,#10955,.T.);
#10955 = LINE('',#10956,#10957);
#10956 = CARTESIAN_POINT('',(-0.127,-2.3115,-2.843));
#10957 = VECTOR('',#10958,1.);
#10958 = DIRECTION('',(1.,4.440892098501E-16,0.));
#10959 = ORIENTED_EDGE('',*,*,#10202,.F.);
#10960 = PLANE('',#10961);
#10961 = AXIS2_PLACEMENT_3D('',#10962,#10963,#10964);
#10962 = CARTESIAN_POINT('',(-0.127,-2.3115,0.));
#10963 = DIRECTION('',(-4.440892098501E-16,1.,0.));
#10964 = DIRECTION('',(0.,0.,-1.));
#10965 = ADVANCED_FACE('',(#10966),#10977,.T.);
#10966 = FACE_BOUND('',#10967,.T.);
#10967 = EDGE_LOOP('',(#10968,#10969,#10970,#10976));
#10968 = ORIENTED_EDGE('',*,*,#10954,.T.);
#10969 = ORIENTED_EDGE('',*,*,#10283,.T.);
#10970 = ORIENTED_EDGE('',*,*,#10971,.F.);
#10971 = EDGE_CURVE('',#10187,#10276,#10972,.T.);
#10972 = LINE('',#10973,#10974);
#10973 = CARTESIAN_POINT('',(-0.127,-2.42575,-3.3));
#10974 = VECTOR('',#10975,1.);
#10975 = DIRECTION('',(1.,4.440892098501E-16,0.));
#10976 = ORIENTED_EDGE('',*,*,#10194,.F.);
#10977 = PLANE('',#10978);
#10978 = AXIS2_PLACEMENT_3D('',#10979,#10980,#10981);
#10979 = CARTESIAN_POINT('',(-0.127,-2.3115,-2.843));
#10980 = DIRECTION('',(-4.308298163317E-16,0.970142500145,
    -0.242535625036));
#10981 = DIRECTION('',(1.077074540829E-16,-0.242535625036,
    -0.970142500145));
#10982 = ADVANCED_FACE('',(#10983),#10994,.T.);
#10983 = FACE_BOUND('',#10984,.T.);
#10984 = EDGE_LOOP('',(#10985,#10991,#10992,#10993));
#10985 = ORIENTED_EDGE('',*,*,#10986,.T.);
#10986 = EDGE_CURVE('',#10171,#10260,#10987,.T.);
#10987 = LINE('',#10988,#10989);
#10988 = CARTESIAN_POINT('',(-0.127,-2.7685,-2.843));
#10989 = VECTOR('',#10990,1.);
#10990 = DIRECTION('',(1.,4.440892098501E-16,0.));
#10991 = ORIENTED_EDGE('',*,*,#10259,.T.);
#10992 = ORIENTED_EDGE('',*,*,#10489,.F.);
#10993 = ORIENTED_EDGE('',*,*,#10170,.F.);
#10994 = PLANE('',#10995);
#10995 = AXIS2_PLACEMENT_3D('',#10996,#10997,#10998);
#10996 = CARTESIAN_POINT('',(-0.127,-2.7685,-2.843));
#10997 = DIRECTION('',(4.440892098501E-16,-1.,0.));
#10998 = DIRECTION('',(0.,0.,1.));
#10999 = ADVANCED_FACE('',(#11000),#11011,.T.);
#11000 = FACE_BOUND('',#11001,.T.);
#11001 = EDGE_LOOP('',(#11002,#11003,#11004,#11010));
#11002 = ORIENTED_EDGE('',*,*,#10971,.T.);
#11003 = ORIENTED_EDGE('',*,*,#10275,.T.);
#11004 = ORIENTED_EDGE('',*,*,#11005,.F.);
#11005 = EDGE_CURVE('',#10179,#10268,#11006,.T.);
#11006 = LINE('',#11007,#11008);
#11007 = CARTESIAN_POINT('',(-0.127,-2.65425,-3.3));
#11008 = VECTOR('',#11009,1.);
#11009 = DIRECTION('',(1.,4.440892098501E-16,0.));
#11010 = ORIENTED_EDGE('',*,*,#10186,.F.);
#11011 = PLANE('',#11012);
#11012 = AXIS2_PLACEMENT_3D('',#11013,#11014,#11015);
#11013 = CARTESIAN_POINT('',(-0.127,-2.42575,-3.3));
#11014 = DIRECTION('',(0.,0.,-1.));
#11015 = DIRECTION('',(4.440892098501E-16,-1.,0.));
#11016 = ADVANCED_FACE('',(#11017),#11023,.T.);
#11017 = FACE_BOUND('',#11018,.T.);
#11018 = EDGE_LOOP('',(#11019,#11020,#11021,#11022));
#11019 = ORIENTED_EDGE('',*,*,#11005,.T.);
#11020 = ORIENTED_EDGE('',*,*,#10267,.T.);
#11021 = ORIENTED_EDGE('',*,*,#10986,.F.);
#11022 = ORIENTED_EDGE('',*,*,#10178,.F.);
#11023 = PLANE('',#11024);
#11024 = AXIS2_PLACEMENT_3D('',#11025,#11026,#11027);
#11025 = CARTESIAN_POINT('',(-0.127,-2.65425,-3.3));
#11026 = DIRECTION('',(4.308298163317E-16,-0.970142500145,
    -0.242535625036));
#11027 = DIRECTION('',(1.077074540829E-16,-0.242535625036,0.970142500145
    ));
#11028 = ADVANCED_FACE('',(#11029),#11040,.T.);
#11029 = FACE_BOUND('',#11030,.T.);
#11030 = EDGE_LOOP('',(#11031,#11032,#11033,#11039));
#11031 = ORIENTED_EDGE('',*,*,#10508,.T.);
#11032 = ORIENTED_EDGE('',*,*,#10453,.T.);
#11033 = ORIENTED_EDGE('',*,*,#11034,.F.);
#11034 = EDGE_CURVE('',#10364,#10446,#11035,.T.);
#11035 = LINE('',#11036,#11037);
#11036 = CARTESIAN_POINT('',(-0.127,-4.8515,-2.843));
#11037 = VECTOR('',#11038,1.);
#11038 = DIRECTION('',(1.,4.440892098501E-16,0.));
#11039 = ORIENTED_EDGE('',*,*,#10371,.F.);
#11040 = PLANE('',#11041);
#11041 = AXIS2_PLACEMENT_3D('',#11042,#11043,#11044);
#11042 = CARTESIAN_POINT('',(-0.127,-4.8515,0.));
#11043 = DIRECTION('',(-4.440892098501E-16,1.,0.));
#11044 = DIRECTION('',(0.,0.,-1.));
#11045 = ADVANCED_FACE('',(#11046),#11057,.T.);
#11046 = FACE_BOUND('',#11047,.T.);
#11047 = EDGE_LOOP('',(#11048,#11049,#11050,#11056));
#11048 = ORIENTED_EDGE('',*,*,#11034,.T.);
#11049 = ORIENTED_EDGE('',*,*,#10445,.T.);
#11050 = ORIENTED_EDGE('',*,*,#11051,.F.);
#11051 = EDGE_CURVE('',#10356,#10438,#11052,.T.);
#11052 = LINE('',#11053,#11054);
#11053 = CARTESIAN_POINT('',(-0.127,-4.96575,-3.3));
#11054 = VECTOR('',#11055,1.);
#11055 = DIRECTION('',(1.,4.440892098501E-16,0.));
#11056 = ORIENTED_EDGE('',*,*,#10363,.F.);
#11057 = PLANE('',#11058);
#11058 = AXIS2_PLACEMENT_3D('',#11059,#11060,#11061);
#11059 = CARTESIAN_POINT('',(-0.127,-4.8515,-2.843));
#11060 = DIRECTION('',(-4.308298163317E-16,0.970142500145,
    -0.242535625036));
#11061 = DIRECTION('',(1.077074540829E-16,-0.242535625036,
    -0.970142500145));
#11062 = ADVANCED_FACE('',(#11063),#11074,.T.);
#11063 = FACE_BOUND('',#11064,.T.);
#11064 = EDGE_LOOP('',(#11065,#11071,#11072,#11073));
#11065 = ORIENTED_EDGE('',*,*,#11066,.T.);
#11066 = EDGE_CURVE('',#10340,#10422,#11067,.T.);
#11067 = LINE('',#11068,#11069);
#11068 = CARTESIAN_POINT('',(-0.127,-5.3085,-2.843));
#11069 = VECTOR('',#11070,1.);
#11070 = DIRECTION('',(1.,4.440892098501E-16,0.));
#11071 = ORIENTED_EDGE('',*,*,#10421,.T.);
#11072 = ORIENTED_EDGE('',*,*,#10393,.F.);
#11073 = ORIENTED_EDGE('',*,*,#10339,.F.);
#11074 = PLANE('',#11075);
#11075 = AXIS2_PLACEMENT_3D('',#11076,#11077,#11078);
#11076 = CARTESIAN_POINT('',(-0.127,-5.3085,-2.843));
#11077 = DIRECTION('',(4.440892098501E-16,-1.,0.));
#11078 = DIRECTION('',(0.,0.,1.));
#11079 = ADVANCED_FACE('',(#11080),#11091,.T.);
#11080 = FACE_BOUND('',#11081,.T.);
#11081 = EDGE_LOOP('',(#11082,#11083,#11084,#11090));
#11082 = ORIENTED_EDGE('',*,*,#11051,.T.);
#11083 = ORIENTED_EDGE('',*,*,#10437,.T.);
#11084 = ORIENTED_EDGE('',*,*,#11085,.F.);
#11085 = EDGE_CURVE('',#10348,#10430,#11086,.T.);
#11086 = LINE('',#11087,#11088);
#11087 = CARTESIAN_POINT('',(-0.127,-5.19425,-3.3));
#11088 = VECTOR('',#11089,1.);
#11089 = DIRECTION('',(1.,4.440892098501E-16,0.));
#11090 = ORIENTED_EDGE('',*,*,#10355,.F.);
#11091 = PLANE('',#11092);
#11092 = AXIS2_PLACEMENT_3D('',#11093,#11094,#11095);
#11093 = CARTESIAN_POINT('',(-0.127,-4.96575,-3.3));
#11094 = DIRECTION('',(0.,0.,-1.));
#11095 = DIRECTION('',(4.440892098501E-16,-1.,0.));
#11096 = ADVANCED_FACE('',(#11097),#11103,.T.);
#11097 = FACE_BOUND('',#11098,.T.);
#11098 = EDGE_LOOP('',(#11099,#11100,#11101,#11102));
#11099 = ORIENTED_EDGE('',*,*,#11085,.T.);
#11100 = ORIENTED_EDGE('',*,*,#10429,.T.);
#11101 = ORIENTED_EDGE('',*,*,#11066,.F.);
#11102 = ORIENTED_EDGE('',*,*,#10347,.F.);
#11103 = PLANE('',#11104);
#11104 = AXIS2_PLACEMENT_3D('',#11105,#11106,#11107);
#11105 = CARTESIAN_POINT('',(-0.127,-5.19425,-3.3));
#11106 = DIRECTION('',(4.308298163317E-16,-0.970142500145,
    -0.242535625036));
#11107 = DIRECTION('',(1.077074540829E-16,-0.242535625036,0.970142500145
    ));
#11108 = ( GEOMETRIC_REPRESENTATION_CONTEXT(3) 
GLOBAL_UNCERTAINTY_ASSIGNED_CONTEXT((#11112)) 
GLOBAL_UNIT_ASSIGNED_CONTEXT((#11109,#11110,#11111)) 
REPRESENTATION_CONTEXT('Context #1',
  '3D Context with UNIT and UNCERTAINTY') );
#11109 = ( LENGTH_UNIT() NAMED_UNIT(*) SI_UNIT(.MILLI.,.METRE.) );
#11110 = ( NAMED_UNIT(*) PLANE_ANGLE_UNIT() SI_UNIT($,.RADIAN.) );
#11111 = ( NAMED_UNIT(*) SI_UNIT($,.STERADIAN.) SOLID_ANGLE_UNIT() );
#11112 = UNCERTAINTY_MEASURE_WITH_UNIT(LENGTH_MEASURE(1.E-06),#11109,
  'distance_accuracy_value','confusion accuracy');
#11113 = CONTEXT_DEPENDENT_SHAPE_REPRESENTATION(#11114,#11116);
#11114 = ( REPRESENTATION_RELATIONSHIP('','',#6335,#6312) 
REPRESENTATION_RELATIONSHIP_WITH_TRANSFORMATION(#11115) 
SHAPE_REPRESENTATION_RELATIONSHIP() );
#11115 = ITEM_DEFINED_TRANSFORMATION('','',#11,#6313);
#11116 = PRODUCT_DEFINITION_SHAPE('Placement','Placement of an item',
  #11117);
#11117 = NEXT_ASSEMBLY_USAGE_OCCURRENCE('16','=>[0:1:1:11]','',#6307,
  #6330,$);
#11118 = PRODUCT_RELATED_PRODUCT_CATEGORY('part',$,(#6332));
#11119 = CONTEXT_DEPENDENT_SHAPE_REPRESENTATION(#11120,#11122);
#11120 = ( REPRESENTATION_RELATIONSHIP('','',#84,#10) 
REPRESENTATION_RELATIONSHIP_WITH_TRANSFORMATION(#11121) 
SHAPE_REPRESENTATION_RELATIONSHIP() );
#11121 = ITEM_DEFINED_TRANSFORMATION('','',#11,#63);
#11122 = PRODUCT_DEFINITION_SHAPE('Placement','Placement of an item',
  #11123);
#11123 = NEXT_ASSEMBLY_USAGE_OCCURRENCE('18','C4','',#5,#79,$);
#11124 = SHAPE_DEFINITION_REPRESENTATION(#11125,#11131);
#11125 = PRODUCT_DEFINITION_SHAPE('','',#11126);
#11126 = PRODUCT_DEFINITION('design','',#11127,#11130);
#11127 = PRODUCT_DEFINITION_FORMATION('','',#11128);
#11128 = PRODUCT('FM Radio-unsaved-export-ZcrEmY_PCB',
  'FM Radio-unsaved-export-ZcrEmY_PCB','',(#11129));
#11129 = PRODUCT_CONTEXT('',#2,'mechanical');
#11130 = PRODUCT_DEFINITION_CONTEXT('part definition',#2,'design');
#11131 = ADVANCED_BREP_SHAPE_REPRESENTATION('',(#11,#11132),#13948);
#11132 = MANIFOLD_SOLID_BREP('',#11133);
#11133 = CLOSED_SHELL('',(#11134,#11176,#11207,#11238,#11992,#12746,
    #12763,#12780,#12797,#12814,#12826,#12843,#12860,#12877,#12894,
    #12911,#12928,#12945,#12962,#12979,#12996,#13013,#13030,#13047,
    #13064,#13081,#13098,#13115,#13132,#13149,#13171,#13188,#13205,
    #13217,#13234,#13251,#13273,#13290,#13307,#13319,#13341,#13358,
    #13375,#13387,#13404,#13421,#13438,#13455,#13472,#13489,#13506,
    #13523,#13540,#13557,#13574,#13591,#13608,#13625,#13642,#13659,
    #13676,#13693,#13710,#13727,#13744,#13761,#13778,#13795,#13812,
    #13829,#13846,#13863,#13880,#13897,#13914,#13931));
#11134 = ADVANCED_FACE('',(#11135),#11171,.T.);
#11135 = FACE_BOUND('',#11136,.T.);
#11136 = EDGE_LOOP('',(#11137,#11147,#11156,#11164));
#11137 = ORIENTED_EDGE('',*,*,#11138,.T.);
#11138 = EDGE_CURVE('',#11139,#11141,#11143,.T.);
#11139 = VERTEX_POINT('',#11140);
#11140 = CARTESIAN_POINT('',(161.470625,-25.,0.));
#11141 = VERTEX_POINT('',#11142);
#11142 = CARTESIAN_POINT('',(161.470625,-25.,1.51));
#11143 = LINE('',#11144,#11145);
#11144 = CARTESIAN_POINT('',(161.470625,-25.,0.));
#11145 = VECTOR('',#11146,1.);
#11146 = DIRECTION('',(0.,0.,1.));
#11147 = ORIENTED_EDGE('',*,*,#11148,.T.);
#11148 = EDGE_CURVE('',#11141,#11149,#11151,.T.);
#11149 = VERTEX_POINT('',#11150);
#11150 = CARTESIAN_POINT('',(162.740625,-26.27,1.51));
#11151 = CIRCLE('',#11152,1.269998675653);
#11152 = AXIS2_PLACEMENT_3D('',#11153,#11154,#11155);
#11153 = CARTESIAN_POINT('',(161.47062632434,-26.26999867565,1.51));
#11154 = DIRECTION('',(0.,0.,-1.));
#11155 = DIRECTION('',(-1.0427949268E-06,0.999999999999,0.));
#11156 = ORIENTED_EDGE('',*,*,#11157,.F.);
#11157 = EDGE_CURVE('',#11158,#11149,#11160,.T.);
#11158 = VERTEX_POINT('',#11159);
#11159 = CARTESIAN_POINT('',(162.740625,-26.27,0.));
#11160 = LINE('',#11161,#11162);
#11161 = CARTESIAN_POINT('',(162.740625,-26.27,0.));
#11162 = VECTOR('',#11163,1.);
#11163 = DIRECTION('',(0.,0.,1.));
#11164 = ORIENTED_EDGE('',*,*,#11165,.F.);
#11165 = EDGE_CURVE('',#11139,#11158,#11166,.T.);
#11166 = CIRCLE('',#11167,1.269998675653);
#11167 = AXIS2_PLACEMENT_3D('',#11168,#11169,#11170);
#11168 = CARTESIAN_POINT('',(161.47062632434,-26.26999867565,0.));
#11169 = DIRECTION('',(0.,0.,-1.));
#11170 = DIRECTION('',(-1.0427949268E-06,0.999999999999,0.));
#11171 = CYLINDRICAL_SURFACE('',#11172,1.269998675653);
#11172 = AXIS2_PLACEMENT_3D('',#11173,#11174,#11175);
#11173 = CARTESIAN_POINT('',(161.47062632434,-26.26999867565,0.));
#11174 = DIRECTION('',(0.,0.,-1.));
#11175 = DIRECTION('',(-1.0427949268E-06,0.999999999999,0.));
#11176 = ADVANCED_FACE('',(#11177),#11202,.T.);
#11177 = FACE_BOUND('',#11178,.T.);
#11178 = EDGE_LOOP('',(#11179,#11189,#11195,#11196));
#11179 = ORIENTED_EDGE('',*,*,#11180,.T.);
#11180 = EDGE_CURVE('',#11181,#11183,#11185,.T.);
#11181 = VERTEX_POINT('',#11182);
#11182 = CARTESIAN_POINT('',(80.27,-25.,0.));
#11183 = VERTEX_POINT('',#11184);
#11184 = CARTESIAN_POINT('',(80.27,-25.,1.51));
#11185 = LINE('',#11186,#11187);
#11186 = CARTESIAN_POINT('',(80.27,-25.,0.));
#11187 = VECTOR('',#11188,1.);
#11188 = DIRECTION('',(0.,0.,1.));
#11189 = ORIENTED_EDGE('',*,*,#11190,.T.);
#11190 = EDGE_CURVE('',#11183,#11141,#11191,.T.);
#11191 = LINE('',#11192,#11193);
#11192 = CARTESIAN_POINT('',(80.27,-25.,1.51));
#11193 = VECTOR('',#11194,1.);
#11194 = DIRECTION('',(1.,0.,0.));
#11195 = ORIENTED_EDGE('',*,*,#11138,.F.);
#11196 = ORIENTED_EDGE('',*,*,#11197,.F.);
#11197 = EDGE_CURVE('',#11181,#11139,#11198,.T.);
#11198 = LINE('',#11199,#11200);
#11199 = CARTESIAN_POINT('',(80.27,-25.,0.));
#11200 = VECTOR('',#11201,1.);
#11201 = DIRECTION('',(1.,0.,0.));
#11202 = PLANE('',#11203);
#11203 = AXIS2_PLACEMENT_3D('',#11204,#11205,#11206);
#11204 = CARTESIAN_POINT('',(80.27,-25.,0.));
#11205 = DIRECTION('',(0.,1.,0.));
#11206 = DIRECTION('',(1.,0.,0.));
#11207 = ADVANCED_FACE('',(#11208),#11233,.T.);
#11208 = FACE_BOUND('',#11209,.T.);
#11209 = EDGE_LOOP('',(#11210,#11211,#11219,#11227));
#11210 = ORIENTED_EDGE('',*,*,#11157,.T.);
#11211 = ORIENTED_EDGE('',*,*,#11212,.T.);
#11212 = EDGE_CURVE('',#11149,#11213,#11215,.T.);
#11213 = VERTEX_POINT('',#11214);
#11214 = CARTESIAN_POINT('',(162.740625,-61.639375,1.51));
#11215 = LINE('',#11216,#11217);
#11216 = CARTESIAN_POINT('',(162.740625,-26.27,1.51));
#11217 = VECTOR('',#11218,1.);
#11218 = DIRECTION('',(0.,-1.,0.));
#11219 = ORIENTED_EDGE('',*,*,#11220,.F.);
#11220 = EDGE_CURVE('',#11221,#11213,#11223,.T.);
#11221 = VERTEX_POINT('',#11222);
#11222 = CARTESIAN_POINT('',(162.740625,-61.639375,0.));
#11223 = LINE('',#11224,#11225);
#11224 = CARTESIAN_POINT('',(162.740625,-61.639375,0.));
#11225 = VECTOR('',#11226,1.);
#11226 = DIRECTION('',(0.,0.,1.));
#11227 = ORIENTED_EDGE('',*,*,#11228,.F.);
#11228 = EDGE_CURVE('',#11158,#11221,#11229,.T.);
#11229 = LINE('',#11230,#11231);
#11230 = CARTESIAN_POINT('',(162.740625,-26.27,0.));
#11231 = VECTOR('',#11232,1.);
#11232 = DIRECTION('',(0.,-1.,0.));
#11233 = PLANE('',#11234);
#11234 = AXIS2_PLACEMENT_3D('',#11235,#11236,#11237);
#11235 = CARTESIAN_POINT('',(162.740625,-26.27,0.));
#11236 = DIRECTION('',(1.,0.,-0.));
#11237 = DIRECTION('',(0.,-1.,0.));
#11238 = ADVANCED_FACE('',(#11239,#11285,#11296,#11307,#11318,#11329,
    #11340,#11351,#11362,#11373,#11384,#11395,#11406,#11417,#11428,
    #11439,#11450,#11461,#11472,#11483,#11494,#11530,#11541,#11552,
    #11588,#11624,#11635,#11646,#11657,#11668,#11679,#11690,#11701,
    #11712,#11723,#11734,#11745,#11756,#11767,#11778,#11789,#11800,
    #11811,#11822,#11833,#11844,#11855,#11866,#11877,#11888,#11899,
    #11910,#11921,#11932,#11943,#11954,#11965,#11976),#11987,.F.);
#11239 = FACE_BOUND('',#11240,.F.);
#11240 = EDGE_LOOP('',(#11241,#11242,#11243,#11252,#11260,#11269,#11277,
    #11284));
#11241 = ORIENTED_EDGE('',*,*,#11165,.F.);
#11242 = ORIENTED_EDGE('',*,*,#11197,.F.);
#11243 = ORIENTED_EDGE('',*,*,#11244,.F.);
#11244 = EDGE_CURVE('',#11245,#11181,#11247,.T.);
#11245 = VERTEX_POINT('',#11246);
#11246 = CARTESIAN_POINT('',(79.,-26.27,0.));
#11247 = CIRCLE('',#11248,1.269998675653);
#11248 = AXIS2_PLACEMENT_3D('',#11249,#11250,#11251);
#11249 = CARTESIAN_POINT('',(80.269998675652,-26.26999867565,0.));
#11250 = DIRECTION('',(0.,0.,-1.));
#11251 = DIRECTION('',(-0.999999999999,-1.042794918407E-06,-0.));
#11252 = ORIENTED_EDGE('',*,*,#11253,.F.);
#11253 = EDGE_CURVE('',#11254,#11245,#11256,.T.);
#11254 = VERTEX_POINT('',#11255);
#11255 = CARTESIAN_POINT('',(79.,-61.639375,0.));
#11256 = LINE('',#11257,#11258);
#11257 = CARTESIAN_POINT('',(79.,-61.639375,0.));
#11258 = VECTOR('',#11259,1.);
#11259 = DIRECTION('',(0.,1.,0.));
#11260 = ORIENTED_EDGE('',*,*,#11261,.F.);
#11261 = EDGE_CURVE('',#11262,#11254,#11264,.T.);
#11262 = VERTEX_POINT('',#11263);
#11263 = CARTESIAN_POINT('',(80.27,-62.909375,0.));
#11264 = CIRCLE('',#11265,1.269998675653);
#11265 = AXIS2_PLACEMENT_3D('',#11266,#11267,#11268);
#11266 = CARTESIAN_POINT('',(80.269998675652,-61.63937632434,0.));
#11267 = DIRECTION('',(0.,0.,-1.));
#11268 = DIRECTION('',(1.0427949268E-06,-0.999999999999,0.));
#11269 = ORIENTED_EDGE('',*,*,#11270,.F.);
#11270 = EDGE_CURVE('',#11271,#11262,#11273,.T.);
#11271 = VERTEX_POINT('',#11272);
#11272 = CARTESIAN_POINT('',(161.470625,-62.909375,0.));
#11273 = LINE('',#11274,#11275);
#11274 = CARTESIAN_POINT('',(161.470625,-62.909375,0.));
#11275 = VECTOR('',#11276,1.);
#11276 = DIRECTION('',(-1.,0.,0.));
#11277 = ORIENTED_EDGE('',*,*,#11278,.F.);
#11278 = EDGE_CURVE('',#11221,#11271,#11279,.T.);
#11279 = CIRCLE('',#11280,1.269938931819);
#11280 = AXIS2_PLACEMENT_3D('',#11281,#11282,#11283);
#11281 = CARTESIAN_POINT('',(161.47068606964,-61.63943606964,0.));
#11282 = DIRECTION('',(0.,0.,-1.));
#11283 = DIRECTION('',(0.999999998844,4.808865026984E-05,0.));
#11284 = ORIENTED_EDGE('',*,*,#11228,.F.);
#11285 = FACE_BOUND('',#11286,.F.);
#11286 = EDGE_LOOP('',(#11287));
#11287 = ORIENTED_EDGE('',*,*,#11288,.T.);
#11288 = EDGE_CURVE('',#11289,#11289,#11291,.T.);
#11289 = VERTEX_POINT('',#11290);
#11290 = CARTESIAN_POINT('',(83.,-60.35,0.));
#11291 = CIRCLE('',#11292,1.35);
#11292 = AXIS2_PLACEMENT_3D('',#11293,#11294,#11295);
#11293 = CARTESIAN_POINT('',(83.,-59.,0.));
#11294 = DIRECTION('',(-0.,0.,-1.));
#11295 = DIRECTION('',(-0.,-1.,0.));
#11296 = FACE_BOUND('',#11297,.F.);
#11297 = EDGE_LOOP('',(#11298));
#11298 = ORIENTED_EDGE('',*,*,#11299,.T.);
#11299 = EDGE_CURVE('',#11300,#11300,#11302,.T.);
#11300 = VERTEX_POINT('',#11301);
#11301 = CARTESIAN_POINT('',(82.38,-53.0645,0.));
#11302 = CIRCLE('',#11303,0.4445);
#11303 = AXIS2_PLACEMENT_3D('',#11304,#11305,#11306);
#11304 = CARTESIAN_POINT('',(82.38,-52.62,0.));
#11305 = DIRECTION('',(-0.,0.,-1.));
#11306 = DIRECTION('',(-0.,-1.,0.));
#11307 = FACE_BOUND('',#11308,.F.);
#11308 = EDGE_LOOP('',(#11309));
#11309 = ORIENTED_EDGE('',*,*,#11310,.T.);
#11310 = EDGE_CURVE('',#11311,#11311,#11313,.T.);
#11311 = VERTEX_POINT('',#11312);
#11312 = CARTESIAN_POINT('',(84.92,-53.0645,0.));
#11313 = CIRCLE('',#11314,0.4445);
#11314 = AXIS2_PLACEMENT_3D('',#11315,#11316,#11317);
#11315 = CARTESIAN_POINT('',(84.92,-52.62,0.));
#11316 = DIRECTION('',(-0.,0.,-1.));
#11317 = DIRECTION('',(-0.,-1.,0.));
#11318 = FACE_BOUND('',#11319,.F.);
#11319 = EDGE_LOOP('',(#11320));
#11320 = ORIENTED_EDGE('',*,*,#11321,.T.);
#11321 = EDGE_CURVE('',#11322,#11322,#11324,.T.);
#11322 = VERTEX_POINT('',#11323);
#11323 = CARTESIAN_POINT('',(87.46,-53.0645,0.));
#11324 = CIRCLE('',#11325,0.4445);
#11325 = AXIS2_PLACEMENT_3D('',#11326,#11327,#11328);
#11326 = CARTESIAN_POINT('',(87.46,-52.62,0.));
#11327 = DIRECTION('',(-0.,0.,-1.));
#11328 = DIRECTION('',(-3.197042680585E-14,-1.,0.));
#11329 = FACE_BOUND('',#11330,.F.);
#11330 = EDGE_LOOP('',(#11331));
#11331 = ORIENTED_EDGE('',*,*,#11332,.T.);
#11332 = EDGE_CURVE('',#11333,#11333,#11335,.T.);
#11333 = VERTEX_POINT('',#11334);
#11334 = CARTESIAN_POINT('',(90.,-53.0645,0.));
#11335 = CIRCLE('',#11336,0.4445);
#11336 = AXIS2_PLACEMENT_3D('',#11337,#11338,#11339);
#11337 = CARTESIAN_POINT('',(90.,-52.62,0.));
#11338 = DIRECTION('',(-0.,0.,-1.));
#11339 = DIRECTION('',(-0.,-1.,0.));
#11340 = FACE_BOUND('',#11341,.F.);
#11341 = EDGE_LOOP('',(#11342));
#11342 = ORIENTED_EDGE('',*,*,#11343,.T.);
#11343 = EDGE_CURVE('',#11344,#11344,#11346,.T.);
#11344 = VERTEX_POINT('',#11345);
#11345 = CARTESIAN_POINT('',(92.54,-53.0645,0.));
#11346 = CIRCLE('',#11347,0.4445);
#11347 = AXIS2_PLACEMENT_3D('',#11348,#11349,#11350);
#11348 = CARTESIAN_POINT('',(92.54,-52.62,0.));
#11349 = DIRECTION('',(-0.,0.,-1.));
#11350 = DIRECTION('',(3.197042680585E-14,-1.,-0.));
#11351 = FACE_BOUND('',#11352,.F.);
#11352 = EDGE_LOOP('',(#11353));
#11353 = ORIENTED_EDGE('',*,*,#11354,.T.);
#11354 = EDGE_CURVE('',#11355,#11355,#11357,.T.);
#11355 = VERTEX_POINT('',#11356);
#11356 = CARTESIAN_POINT('',(95.08,-53.0645,0.));
#11357 = CIRCLE('',#11358,0.4445);
#11358 = AXIS2_PLACEMENT_3D('',#11359,#11360,#11361);
#11359 = CARTESIAN_POINT('',(95.08,-52.62,0.));
#11360 = DIRECTION('',(-0.,0.,-1.));
#11361 = DIRECTION('',(-0.,-1.,0.));
#11362 = FACE_BOUND('',#11363,.F.);
#11363 = EDGE_LOOP('',(#11364));
#11364 = ORIENTED_EDGE('',*,*,#11365,.T.);
#11365 = EDGE_CURVE('',#11366,#11366,#11368,.T.);
#11366 = VERTEX_POINT('',#11367);
#11367 = CARTESIAN_POINT('',(97.62,-53.0645,0.));
#11368 = CIRCLE('',#11369,0.4445);
#11369 = AXIS2_PLACEMENT_3D('',#11370,#11371,#11372);
#11370 = CARTESIAN_POINT('',(97.62,-52.62,0.));
#11371 = DIRECTION('',(-0.,0.,-1.));
#11372 = DIRECTION('',(-0.,-1.,0.));
#11373 = FACE_BOUND('',#11374,.F.);
#11374 = EDGE_LOOP('',(#11375));
#11375 = ORIENTED_EDGE('',*,*,#11376,.T.);
#11376 = EDGE_CURVE('',#11377,#11377,#11379,.T.);
#11377 = VERTEX_POINT('',#11378);
#11378 = CARTESIAN_POINT('',(113.19,-50.21,0.));
#11379 = CIRCLE('',#11380,0.4);
#11380 = AXIS2_PLACEMENT_3D('',#11381,#11382,#11383);
#11381 = CARTESIAN_POINT('',(113.19,-49.81,0.));
#11382 = DIRECTION('',(-0.,0.,-1.));
#11383 = DIRECTION('',(-0.,-1.,0.));
#11384 = FACE_BOUND('',#11385,.F.);
#11385 = EDGE_LOOP('',(#11386));
#11386 = ORIENTED_EDGE('',*,*,#11387,.T.);
#11387 = EDGE_CURVE('',#11388,#11388,#11390,.T.);
#11388 = VERTEX_POINT('',#11389);
#11389 = CARTESIAN_POINT('',(120.81,-50.21,0.));
#11390 = CIRCLE('',#11391,0.4);
#11391 = AXIS2_PLACEMENT_3D('',#11392,#11393,#11394);
#11392 = CARTESIAN_POINT('',(120.81,-49.81,0.));
#11393 = DIRECTION('',(-0.,0.,-1.));
#11394 = DIRECTION('',(-0.,-1.,0.));
#11395 = FACE_BOUND('',#11396,.F.);
#11396 = EDGE_LOOP('',(#11397));
#11397 = ORIENTED_EDGE('',*,*,#11398,.T.);
#11398 = EDGE_CURVE('',#11399,#11399,#11401,.T.);
#11399 = VERTEX_POINT('',#11400);
#11400 = CARTESIAN_POINT('',(104.5,-47.4,0.));
#11401 = CIRCLE('',#11402,0.4);
#11402 = AXIS2_PLACEMENT_3D('',#11403,#11404,#11405);
#11403 = CARTESIAN_POINT('',(104.5,-47.,0.));
#11404 = DIRECTION('',(-0.,0.,-1.));
#11405 = DIRECTION('',(-0.,-1.,0.));
#11406 = FACE_BOUND('',#11407,.F.);
#11407 = EDGE_LOOP('',(#11408));
#11408 = ORIENTED_EDGE('',*,*,#11409,.T.);
#11409 = EDGE_CURVE('',#11410,#11410,#11412,.T.);
#11410 = VERTEX_POINT('',#11411);
#11411 = CARTESIAN_POINT('',(107.,-47.4,0.));
#11412 = CIRCLE('',#11413,0.4);
#11413 = AXIS2_PLACEMENT_3D('',#11414,#11415,#11416);
#11414 = CARTESIAN_POINT('',(107.,-47.,0.));
#11415 = DIRECTION('',(-0.,0.,-1.));
#11416 = DIRECTION('',(-0.,-1.,0.));
#11417 = FACE_BOUND('',#11418,.F.);
#11418 = EDGE_LOOP('',(#11419));
#11419 = ORIENTED_EDGE('',*,*,#11420,.T.);
#11420 = EDGE_CURVE('',#11421,#11421,#11423,.T.);
#11421 = VERTEX_POINT('',#11422);
#11422 = CARTESIAN_POINT('',(113.19,-47.67,0.));
#11423 = CIRCLE('',#11424,0.4);
#11424 = AXIS2_PLACEMENT_3D('',#11425,#11426,#11427);
#11425 = CARTESIAN_POINT('',(113.19,-47.27,0.));
#11426 = DIRECTION('',(-0.,0.,-1.));
#11427 = DIRECTION('',(-0.,-1.,0.));
#11428 = FACE_BOUND('',#11429,.F.);
#11429 = EDGE_LOOP('',(#11430));
#11430 = ORIENTED_EDGE('',*,*,#11431,.T.);
#11431 = EDGE_CURVE('',#11432,#11432,#11434,.T.);
#11432 = VERTEX_POINT('',#11433);
#11433 = CARTESIAN_POINT('',(120.81,-47.67,0.));
#11434 = CIRCLE('',#11435,0.4);
#11435 = AXIS2_PLACEMENT_3D('',#11436,#11437,#11438);
#11436 = CARTESIAN_POINT('',(120.81,-47.27,0.));
#11437 = DIRECTION('',(-0.,0.,-1.));
#11438 = DIRECTION('',(-0.,-1.,0.));
#11439 = FACE_BOUND('',#11440,.F.);
#11440 = EDGE_LOOP('',(#11441));
#11441 = ORIENTED_EDGE('',*,*,#11442,.T.);
#11442 = EDGE_CURVE('',#11443,#11443,#11445,.T.);
#11443 = VERTEX_POINT('',#11444);
#11444 = CARTESIAN_POINT('',(113.19,-45.13,0.));
#11445 = CIRCLE('',#11446,0.4);
#11446 = AXIS2_PLACEMENT_3D('',#11447,#11448,#11449);
#11447 = CARTESIAN_POINT('',(113.19,-44.73,0.));
#11448 = DIRECTION('',(-0.,0.,-1.));
#11449 = DIRECTION('',(-0.,-1.,0.));
#11450 = FACE_BOUND('',#11451,.F.);
#11451 = EDGE_LOOP('',(#11452));
#11452 = ORIENTED_EDGE('',*,*,#11453,.T.);
#11453 = EDGE_CURVE('',#11454,#11454,#11456,.T.);
#11454 = VERTEX_POINT('',#11455);
#11455 = CARTESIAN_POINT('',(120.81,-45.13,0.));
#11456 = CIRCLE('',#11457,0.4);
#11457 = AXIS2_PLACEMENT_3D('',#11458,#11459,#11460);
#11458 = CARTESIAN_POINT('',(120.81,-44.73,0.));
#11459 = DIRECTION('',(-0.,0.,-1.));
#11460 = DIRECTION('',(-0.,-1.,0.));
#11461 = FACE_BOUND('',#11462,.F.);
#11462 = EDGE_LOOP('',(#11463));
#11463 = ORIENTED_EDGE('',*,*,#11464,.T.);
#11464 = EDGE_CURVE('',#11465,#11465,#11467,.T.);
#11465 = VERTEX_POINT('',#11466);
#11466 = CARTESIAN_POINT('',(159.,-60.35,0.));
#11467 = CIRCLE('',#11468,1.35);
#11468 = AXIS2_PLACEMENT_3D('',#11469,#11470,#11471);
#11469 = CARTESIAN_POINT('',(159.,-59.,0.));
#11470 = DIRECTION('',(-0.,0.,-1.));
#11471 = DIRECTION('',(-0.,-1.,0.));
#11472 = FACE_BOUND('',#11473,.F.);
#11473 = EDGE_LOOP('',(#11474));
#11474 = ORIENTED_EDGE('',*,*,#11475,.T.);
#11475 = EDGE_CURVE('',#11476,#11476,#11478,.T.);
#11476 = VERTEX_POINT('',#11477);
#11477 = CARTESIAN_POINT('',(125.5,-51.4,0.));
#11478 = CIRCLE('',#11479,0.4);
#11479 = AXIS2_PLACEMENT_3D('',#11480,#11481,#11482);
#11480 = CARTESIAN_POINT('',(125.5,-51.,0.));
#11481 = DIRECTION('',(-0.,0.,-1.));
#11482 = DIRECTION('',(-0.,-1.,0.));
#11483 = FACE_BOUND('',#11484,.F.);
#11484 = EDGE_LOOP('',(#11485));
#11485 = ORIENTED_EDGE('',*,*,#11486,.T.);
#11486 = EDGE_CURVE('',#11487,#11487,#11489,.T.);
#11487 = VERTEX_POINT('',#11488);
#11488 = CARTESIAN_POINT('',(128.,-51.4,0.));
#11489 = CIRCLE('',#11490,0.4);
#11490 = AXIS2_PLACEMENT_3D('',#11491,#11492,#11493);
#11491 = CARTESIAN_POINT('',(128.,-51.,0.));
#11492 = DIRECTION('',(-0.,0.,-1.));
#11493 = DIRECTION('',(-0.,-1.,0.));
#11494 = FACE_BOUND('',#11495,.F.);
#11495 = EDGE_LOOP('',(#11496,#11507,#11515,#11524));
#11496 = ORIENTED_EDGE('',*,*,#11497,.T.);
#11497 = EDGE_CURVE('',#11498,#11500,#11502,.T.);
#11498 = VERTEX_POINT('',#11499);
#11499 = CARTESIAN_POINT('',(156.7,-51.699999,0.));
#11500 = VERTEX_POINT('',#11501);
#11501 = CARTESIAN_POINT('',(156.7,-51.100001,0.));
#11502 = CIRCLE('',#11503,0.299999);
#11503 = AXIS2_PLACEMENT_3D('',#11504,#11505,#11506);
#11504 = CARTESIAN_POINT('',(156.7,-51.4,0.));
#11505 = DIRECTION('',(-0.,0.,-1.));
#11506 = DIRECTION('',(-9.47393472325E-14,1.,0.));
#11507 = ORIENTED_EDGE('',*,*,#11508,.T.);
#11508 = EDGE_CURVE('',#11500,#11509,#11511,.T.);
#11509 = VERTEX_POINT('',#11510);
#11510 = CARTESIAN_POINT('',(157.3,-51.100001,0.));
#11511 = LINE('',#11512,#11513);
#11512 = CARTESIAN_POINT('',(78.65,-51.100001,0.));
#11513 = VECTOR('',#11514,1.);
#11514 = DIRECTION('',(1.,0.,-0.));
#11515 = ORIENTED_EDGE('',*,*,#11516,.T.);
#11516 = EDGE_CURVE('',#11509,#11517,#11519,.T.);
#11517 = VERTEX_POINT('',#11518);
#11518 = CARTESIAN_POINT('',(157.3,-51.699999,0.));
#11519 = CIRCLE('',#11520,0.299999);
#11520 = AXIS2_PLACEMENT_3D('',#11521,#11522,#11523);
#11521 = CARTESIAN_POINT('',(157.3,-51.4,0.));
#11522 = DIRECTION('',(-0.,0.,-1.));
#11523 = DIRECTION('',(9.47393472325E-14,-1.,-0.));
#11524 = ORIENTED_EDGE('',*,*,#11525,.T.);
#11525 = EDGE_CURVE('',#11517,#11498,#11526,.T.);
#11526 = LINE('',#11527,#11528);
#11527 = CARTESIAN_POINT('',(78.35,-51.699999,0.));
#11528 = VECTOR('',#11529,1.);
#11529 = DIRECTION('',(-1.,0.,0.));
#11530 = FACE_BOUND('',#11531,.F.);
#11531 = EDGE_LOOP('',(#11532));
#11532 = ORIENTED_EDGE('',*,*,#11533,.T.);
#11533 = EDGE_CURVE('',#11534,#11534,#11536,.T.);
#11534 = VERTEX_POINT('',#11535);
#11535 = CARTESIAN_POINT('',(153.,-49.6,0.));
#11536 = CIRCLE('',#11537,0.6);
#11537 = AXIS2_PLACEMENT_3D('',#11538,#11539,#11540);
#11538 = CARTESIAN_POINT('',(153.,-49.,0.));
#11539 = DIRECTION('',(-0.,0.,-1.));
#11540 = DIRECTION('',(-0.,-1.,0.));
#11541 = FACE_BOUND('',#11542,.F.);
#11542 = EDGE_LOOP('',(#11543));
#11543 = ORIENTED_EDGE('',*,*,#11544,.T.);
#11544 = EDGE_CURVE('',#11545,#11545,#11547,.T.);
#11545 = VERTEX_POINT('',#11546);
#11546 = CARTESIAN_POINT('',(159.,-49.6,0.));
#11547 = CIRCLE('',#11548,0.6);
#11548 = AXIS2_PLACEMENT_3D('',#11549,#11550,#11551);
#11549 = CARTESIAN_POINT('',(159.,-49.,0.));
#11550 = DIRECTION('',(-0.,0.,-1.));
#11551 = DIRECTION('',(-0.,-1.,0.));
#11552 = FACE_BOUND('',#11553,.F.);
#11553 = EDGE_LOOP('',(#11554,#11565,#11573,#11582));
#11554 = ORIENTED_EDGE('',*,*,#11555,.T.);
#11555 = EDGE_CURVE('',#11556,#11558,#11560,.T.);
#11556 = VERTEX_POINT('',#11557);
#11557 = CARTESIAN_POINT('',(151.7,-46.899999,0.));
#11558 = VERTEX_POINT('',#11559);
#11559 = CARTESIAN_POINT('',(151.7,-46.300001,0.));
#11560 = CIRCLE('',#11561,0.299999);
#11561 = AXIS2_PLACEMENT_3D('',#11562,#11563,#11564);
#11562 = CARTESIAN_POINT('',(151.7,-46.6,0.));
#11563 = DIRECTION('',(-0.,0.,-1.));
#11564 = DIRECTION('',(-9.47393472325E-14,1.,0.));
#11565 = ORIENTED_EDGE('',*,*,#11566,.T.);
#11566 = EDGE_CURVE('',#11558,#11567,#11569,.T.);
#11567 = VERTEX_POINT('',#11568);
#11568 = CARTESIAN_POINT('',(152.3,-46.300001,0.));
#11569 = LINE('',#11570,#11571);
#11570 = CARTESIAN_POINT('',(76.15,-46.300001,0.));
#11571 = VECTOR('',#11572,1.);
#11572 = DIRECTION('',(1.,0.,-0.));
#11573 = ORIENTED_EDGE('',*,*,#11574,.T.);
#11574 = EDGE_CURVE('',#11567,#11575,#11577,.T.);
#11575 = VERTEX_POINT('',#11576);
#11576 = CARTESIAN_POINT('',(152.3,-46.899999,0.));
#11577 = CIRCLE('',#11578,0.299999);
#11578 = AXIS2_PLACEMENT_3D('',#11579,#11580,#11581);
#11579 = CARTESIAN_POINT('',(152.3,-46.6,0.));
#11580 = DIRECTION('',(-0.,0.,-1.));
#11581 = DIRECTION('',(9.47393472325E-14,-1.,-0.));
#11582 = ORIENTED_EDGE('',*,*,#11583,.T.);
#11583 = EDGE_CURVE('',#11575,#11556,#11584,.T.);
#11584 = LINE('',#11585,#11586);
#11585 = CARTESIAN_POINT('',(75.85,-46.899999,0.));
#11586 = VECTOR('',#11587,1.);
#11587 = DIRECTION('',(-1.,0.,0.));
#11588 = FACE_BOUND('',#11589,.F.);
#11589 = EDGE_LOOP('',(#11590,#11601,#11609,#11618));
#11590 = ORIENTED_EDGE('',*,*,#11591,.T.);
#11591 = EDGE_CURVE('',#11592,#11594,#11596,.T.);
#11592 = VERTEX_POINT('',#11593);
#11593 = CARTESIAN_POINT('',(158.7,-46.899999,0.));
#11594 = VERTEX_POINT('',#11595);
#11595 = CARTESIAN_POINT('',(158.7,-46.300001,0.));
#11596 = CIRCLE('',#11597,0.299999);
#11597 = AXIS2_PLACEMENT_3D('',#11598,#11599,#11600);
#11598 = CARTESIAN_POINT('',(158.7,-46.6,0.));
#11599 = DIRECTION('',(-0.,0.,-1.));
#11600 = DIRECTION('',(-9.47393472325E-14,1.,0.));
#11601 = ORIENTED_EDGE('',*,*,#11602,.T.);
#11602 = EDGE_CURVE('',#11594,#11603,#11605,.T.);
#11603 = VERTEX_POINT('',#11604);
#11604 = CARTESIAN_POINT('',(159.3,-46.300001,0.));
#11605 = LINE('',#11606,#11607);
#11606 = CARTESIAN_POINT('',(79.65,-46.300001,0.));
#11607 = VECTOR('',#11608,1.);
#11608 = DIRECTION('',(1.,0.,-0.));
#11609 = ORIENTED_EDGE('',*,*,#11610,.T.);
#11610 = EDGE_CURVE('',#11603,#11611,#11613,.T.);
#11611 = VERTEX_POINT('',#11612);
#11612 = CARTESIAN_POINT('',(159.3,-46.899999,0.));
#11613 = CIRCLE('',#11614,0.299999);
#11614 = AXIS2_PLACEMENT_3D('',#11615,#11616,#11617);
#11615 = CARTESIAN_POINT('',(159.3,-46.6,0.));
#11616 = DIRECTION('',(-0.,0.,-1.));
#11617 = DIRECTION('',(9.47393472325E-14,-1.,-0.));
#11618 = ORIENTED_EDGE('',*,*,#11619,.T.);
#11619 = EDGE_CURVE('',#11611,#11592,#11620,.T.);
#11620 = LINE('',#11621,#11622);
#11621 = CARTESIAN_POINT('',(79.35,-46.899999,0.));
#11622 = VECTOR('',#11623,1.);
#11623 = DIRECTION('',(-1.,0.,0.));
#11624 = FACE_BOUND('',#11625,.F.);
#11625 = EDGE_LOOP('',(#11626));
#11626 = ORIENTED_EDGE('',*,*,#11627,.T.);
#11627 = EDGE_CURVE('',#11628,#11628,#11630,.T.);
#11628 = VERTEX_POINT('',#11629);
#11629 = CARTESIAN_POINT('',(82.38,-37.8245,0.));
#11630 = CIRCLE('',#11631,0.4445);
#11631 = AXIS2_PLACEMENT_3D('',#11632,#11633,#11634);
#11632 = CARTESIAN_POINT('',(82.38,-37.38,0.));
#11633 = DIRECTION('',(-0.,0.,-1.));
#11634 = DIRECTION('',(-0.,-1.,0.));
#11635 = FACE_BOUND('',#11636,.F.);
#11636 = EDGE_LOOP('',(#11637));
#11637 = ORIENTED_EDGE('',*,*,#11638,.T.);
#11638 = EDGE_CURVE('',#11639,#11639,#11641,.T.);
#11639 = VERTEX_POINT('',#11640);
#11640 = CARTESIAN_POINT('',(84.92,-37.8245,0.));
#11641 = CIRCLE('',#11642,0.4445);
#11642 = AXIS2_PLACEMENT_3D('',#11643,#11644,#11645);
#11643 = CARTESIAN_POINT('',(84.92,-37.38,0.));
#11644 = DIRECTION('',(-0.,0.,-1.));
#11645 = DIRECTION('',(-0.,-1.,0.));
#11646 = FACE_BOUND('',#11647,.F.);
#11647 = EDGE_LOOP('',(#11648));
#11648 = ORIENTED_EDGE('',*,*,#11649,.T.);
#11649 = EDGE_CURVE('',#11650,#11650,#11652,.T.);
#11650 = VERTEX_POINT('',#11651);
#11651 = CARTESIAN_POINT('',(87.46,-37.8245,0.));
#11652 = CIRCLE('',#11653,0.4445);
#11653 = AXIS2_PLACEMENT_3D('',#11654,#11655,#11656);
#11654 = CARTESIAN_POINT('',(87.46,-37.38,0.));
#11655 = DIRECTION('',(-0.,0.,-1.));
#11656 = DIRECTION('',(-3.197042680585E-14,-1.,0.));
#11657 = FACE_BOUND('',#11658,.F.);
#11658 = EDGE_LOOP('',(#11659));
#11659 = ORIENTED_EDGE('',*,*,#11660,.T.);
#11660 = EDGE_CURVE('',#11661,#11661,#11663,.T.);
#11661 = VERTEX_POINT('',#11662);
#11662 = CARTESIAN_POINT('',(90.,-37.8245,0.));
#11663 = CIRCLE('',#11664,0.4445);
#11664 = AXIS2_PLACEMENT_3D('',#11665,#11666,#11667);
#11665 = CARTESIAN_POINT('',(90.,-37.38,0.));
#11666 = DIRECTION('',(-0.,0.,-1.));
#11667 = DIRECTION('',(-0.,-1.,0.));
#11668 = FACE_BOUND('',#11669,.F.);
#11669 = EDGE_LOOP('',(#11670));
#11670 = ORIENTED_EDGE('',*,*,#11671,.T.);
#11671 = EDGE_CURVE('',#11672,#11672,#11674,.T.);
#11672 = VERTEX_POINT('',#11673);
#11673 = CARTESIAN_POINT('',(92.54,-37.8245,0.));
#11674 = CIRCLE('',#11675,0.4445);
#11675 = AXIS2_PLACEMENT_3D('',#11676,#11677,#11678);
#11676 = CARTESIAN_POINT('',(92.54,-37.38,0.));
#11677 = DIRECTION('',(-0.,0.,-1.));
#11678 = DIRECTION('',(3.197042680585E-14,-1.,-0.));
#11679 = FACE_BOUND('',#11680,.F.);
#11680 = EDGE_LOOP('',(#11681));
#11681 = ORIENTED_EDGE('',*,*,#11682,.T.);
#11682 = EDGE_CURVE('',#11683,#11683,#11685,.T.);
#11683 = VERTEX_POINT('',#11684);
#11684 = CARTESIAN_POINT('',(95.08,-37.8245,0.));
#11685 = CIRCLE('',#11686,0.4445);
#11686 = AXIS2_PLACEMENT_3D('',#11687,#11688,#11689);
#11687 = CARTESIAN_POINT('',(95.08,-37.38,0.));
#11688 = DIRECTION('',(-0.,0.,-1.));
#11689 = DIRECTION('',(-0.,-1.,0.));
#11690 = FACE_BOUND('',#11691,.F.);
#11691 = EDGE_LOOP('',(#11692));
#11692 = ORIENTED_EDGE('',*,*,#11693,.T.);
#11693 = EDGE_CURVE('',#11694,#11694,#11696,.T.);
#11694 = VERTEX_POINT('',#11695);
#11695 = CARTESIAN_POINT('',(97.62,-37.8245,0.));
#11696 = CIRCLE('',#11697,0.4445);
#11697 = AXIS2_PLACEMENT_3D('',#11698,#11699,#11700);
#11698 = CARTESIAN_POINT('',(97.62,-37.38,0.));
#11699 = DIRECTION('',(-0.,0.,-1.));
#11700 = DIRECTION('',(-0.,-1.,0.));
#11701 = FACE_BOUND('',#11702,.F.);
#11702 = EDGE_LOOP('',(#11703));
#11703 = ORIENTED_EDGE('',*,*,#11704,.T.);
#11704 = EDGE_CURVE('',#11705,#11705,#11707,.T.);
#11705 = VERTEX_POINT('',#11706);
#11706 = CARTESIAN_POINT('',(113.19,-42.59,0.));
#11707 = CIRCLE('',#11708,0.4);
#11708 = AXIS2_PLACEMENT_3D('',#11709,#11710,#11711);
#11709 = CARTESIAN_POINT('',(113.19,-42.19,0.));
#11710 = DIRECTION('',(-0.,0.,-1.));
#11711 = DIRECTION('',(-0.,-1.,0.));
#11712 = FACE_BOUND('',#11713,.F.);
#11713 = EDGE_LOOP('',(#11714));
#11714 = ORIENTED_EDGE('',*,*,#11715,.T.);
#11715 = EDGE_CURVE('',#11716,#11716,#11718,.T.);
#11716 = VERTEX_POINT('',#11717);
#11717 = CARTESIAN_POINT('',(120.81,-42.59,0.));
#11718 = CIRCLE('',#11719,0.4);
#11719 = AXIS2_PLACEMENT_3D('',#11720,#11721,#11722);
#11720 = CARTESIAN_POINT('',(120.81,-42.19,0.));
#11721 = DIRECTION('',(-0.,0.,-1.));
#11722 = DIRECTION('',(-0.,-1.,0.));
#11723 = FACE_BOUND('',#11724,.F.);
#11724 = EDGE_LOOP('',(#11725));
#11725 = ORIENTED_EDGE('',*,*,#11726,.T.);
#11726 = EDGE_CURVE('',#11727,#11727,#11729,.T.);
#11727 = VERTEX_POINT('',#11728);
#11728 = CARTESIAN_POINT('',(105.5,-37.4,0.));
#11729 = CIRCLE('',#11730,0.4);
#11730 = AXIS2_PLACEMENT_3D('',#11731,#11732,#11733);
#11731 = CARTESIAN_POINT('',(105.5,-37.,0.));
#11732 = DIRECTION('',(-0.,0.,-1.));
#11733 = DIRECTION('',(-0.,-1.,0.));
#11734 = FACE_BOUND('',#11735,.F.);
#11735 = EDGE_LOOP('',(#11736));
#11736 = ORIENTED_EDGE('',*,*,#11737,.T.);
#11737 = EDGE_CURVE('',#11738,#11738,#11740,.T.);
#11738 = VERTEX_POINT('',#11739);
#11739 = CARTESIAN_POINT('',(108.,-37.4,0.));
#11740 = CIRCLE('',#11741,0.4);
#11741 = AXIS2_PLACEMENT_3D('',#11742,#11743,#11744);
#11742 = CARTESIAN_POINT('',(108.,-37.,0.));
#11743 = DIRECTION('',(-0.,0.,-1.));
#11744 = DIRECTION('',(-0.,-1.,0.));
#11745 = FACE_BOUND('',#11746,.F.);
#11746 = EDGE_LOOP('',(#11747));
#11747 = ORIENTED_EDGE('',*,*,#11748,.T.);
#11748 = EDGE_CURVE('',#11749,#11749,#11751,.T.);
#11749 = VERTEX_POINT('',#11750);
#11750 = CARTESIAN_POINT('',(83.,-31.35,0.));
#11751 = CIRCLE('',#11752,1.35);
#11752 = AXIS2_PLACEMENT_3D('',#11753,#11754,#11755);
#11753 = CARTESIAN_POINT('',(83.,-30.,0.));
#11754 = DIRECTION('',(-0.,0.,-1.));
#11755 = DIRECTION('',(-0.,-1.,0.));
#11756 = FACE_BOUND('',#11757,.F.);
#11757 = EDGE_LOOP('',(#11758));
#11758 = ORIENTED_EDGE('',*,*,#11759,.T.);
#11759 = EDGE_CURVE('',#11760,#11760,#11762,.T.);
#11760 = VERTEX_POINT('',#11761);
#11761 = CARTESIAN_POINT('',(92.,-29.5,0.));
#11762 = CIRCLE('',#11763,0.5);
#11763 = AXIS2_PLACEMENT_3D('',#11764,#11765,#11766);
#11764 = CARTESIAN_POINT('',(92.,-29.,0.));
#11765 = DIRECTION('',(-0.,0.,-1.));
#11766 = DIRECTION('',(-0.,-1.,0.));
#11767 = FACE_BOUND('',#11768,.F.);
#11768 = EDGE_LOOP('',(#11769));
#11769 = ORIENTED_EDGE('',*,*,#11770,.T.);
#11770 = EDGE_CURVE('',#11771,#11771,#11773,.T.);
#11771 = VERTEX_POINT('',#11772);
#11772 = CARTESIAN_POINT('',(94.54,-29.5,0.));
#11773 = CIRCLE('',#11774,0.5);
#11774 = AXIS2_PLACEMENT_3D('',#11775,#11776,#11777);
#11775 = CARTESIAN_POINT('',(94.54,-29.,0.));
#11776 = DIRECTION('',(-0.,0.,-1.));
#11777 = DIRECTION('',(-0.,-1.,0.));
#11778 = FACE_BOUND('',#11779,.F.);
#11779 = EDGE_LOOP('',(#11780));
#11780 = ORIENTED_EDGE('',*,*,#11781,.T.);
#11781 = EDGE_CURVE('',#11782,#11782,#11784,.T.);
#11782 = VERTEX_POINT('',#11783);
#11783 = CARTESIAN_POINT('',(101.,-29.5,0.));
#11784 = CIRCLE('',#11785,0.5);
#11785 = AXIS2_PLACEMENT_3D('',#11786,#11787,#11788);
#11786 = CARTESIAN_POINT('',(101.,-29.,0.));
#11787 = DIRECTION('',(-0.,0.,-1.));
#11788 = DIRECTION('',(-0.,-1.,0.));
#11789 = FACE_BOUND('',#11790,.F.);
#11790 = EDGE_LOOP('',(#11791));
#11791 = ORIENTED_EDGE('',*,*,#11792,.T.);
#11792 = EDGE_CURVE('',#11793,#11793,#11795,.T.);
#11793 = VERTEX_POINT('',#11794);
#11794 = CARTESIAN_POINT('',(116.5,-34.4,0.));
#11795 = CIRCLE('',#11796,0.4);
#11796 = AXIS2_PLACEMENT_3D('',#11797,#11798,#11799);
#11797 = CARTESIAN_POINT('',(116.5,-34.,0.));
#11798 = DIRECTION('',(-0.,0.,-1.));
#11799 = DIRECTION('',(-0.,-1.,0.));
#11800 = FACE_BOUND('',#11801,.F.);
#11801 = EDGE_LOOP('',(#11802));
#11802 = ORIENTED_EDGE('',*,*,#11803,.T.);
#11803 = EDGE_CURVE('',#11804,#11804,#11806,.T.);
#11804 = VERTEX_POINT('',#11805);
#11805 = CARTESIAN_POINT('',(119.,-34.4,0.));
#11806 = CIRCLE('',#11807,0.4);
#11807 = AXIS2_PLACEMENT_3D('',#11808,#11809,#11810);
#11808 = CARTESIAN_POINT('',(119.,-34.,0.));
#11809 = DIRECTION('',(-0.,0.,-1.));
#11810 = DIRECTION('',(-0.,-1.,0.));
#11811 = FACE_BOUND('',#11812,.F.);
#11812 = EDGE_LOOP('',(#11813));
#11813 = ORIENTED_EDGE('',*,*,#11814,.T.);
#11814 = EDGE_CURVE('',#11815,#11815,#11817,.T.);
#11815 = VERTEX_POINT('',#11816);
#11816 = CARTESIAN_POINT('',(103.54,-29.5,0.));
#11817 = CIRCLE('',#11818,0.5);
#11818 = AXIS2_PLACEMENT_3D('',#11819,#11820,#11821);
#11819 = CARTESIAN_POINT('',(103.54,-29.,0.));
#11820 = DIRECTION('',(-0.,0.,-1.));
#11821 = DIRECTION('',(-0.,-1.,0.));
#11822 = FACE_BOUND('',#11823,.F.);
#11823 = EDGE_LOOP('',(#11824));
#11824 = ORIENTED_EDGE('',*,*,#11825,.T.);
#11825 = EDGE_CURVE('',#11826,#11826,#11828,.T.);
#11826 = VERTEX_POINT('',#11827);
#11827 = CARTESIAN_POINT('',(109.46,-29.5,0.));
#11828 = CIRCLE('',#11829,0.5);
#11829 = AXIS2_PLACEMENT_3D('',#11830,#11831,#11832);
#11830 = CARTESIAN_POINT('',(109.46,-29.,0.));
#11831 = DIRECTION('',(-0.,0.,-1.));
#11832 = DIRECTION('',(-0.,-1.,0.));
#11833 = FACE_BOUND('',#11834,.F.);
#11834 = EDGE_LOOP('',(#11835));
#11835 = ORIENTED_EDGE('',*,*,#11836,.T.);
#11836 = EDGE_CURVE('',#11837,#11837,#11839,.T.);
#11837 = VERTEX_POINT('',#11838);
#11838 = CARTESIAN_POINT('',(112.,-29.5,0.));
#11839 = CIRCLE('',#11840,0.5);
#11840 = AXIS2_PLACEMENT_3D('',#11841,#11842,#11843);
#11841 = CARTESIAN_POINT('',(112.,-29.,0.));
#11842 = DIRECTION('',(-0.,0.,-1.));
#11843 = DIRECTION('',(-0.,-1.,0.));
#11844 = FACE_BOUND('',#11845,.F.);
#11845 = EDGE_LOOP('',(#11846));
#11846 = ORIENTED_EDGE('',*,*,#11847,.T.);
#11847 = EDGE_CURVE('',#11848,#11848,#11850,.T.);
#11848 = VERTEX_POINT('',#11849);
#11849 = CARTESIAN_POINT('',(127.5,-40.4,0.));
#11850 = CIRCLE('',#11851,0.4);
#11851 = AXIS2_PLACEMENT_3D('',#11852,#11853,#11854);
#11852 = CARTESIAN_POINT('',(127.5,-40.,0.));
#11853 = DIRECTION('',(-0.,0.,-1.));
#11854 = DIRECTION('',(-0.,-1.,0.));
#11855 = FACE_BOUND('',#11856,.F.);
#11856 = EDGE_LOOP('',(#11857));
#11857 = ORIENTED_EDGE('',*,*,#11858,.T.);
#11858 = EDGE_CURVE('',#11859,#11859,#11861,.T.);
#11859 = VERTEX_POINT('',#11860);
#11860 = CARTESIAN_POINT('',(130.,-40.4,0.));
#11861 = CIRCLE('',#11862,0.4);
#11862 = AXIS2_PLACEMENT_3D('',#11863,#11864,#11865);
#11863 = CARTESIAN_POINT('',(130.,-40.,0.));
#11864 = DIRECTION('',(-0.,0.,-1.));
#11865 = DIRECTION('',(-0.,-1.,0.));
#11866 = FACE_BOUND('',#11867,.F.);
#11867 = EDGE_LOOP('',(#11868));
#11868 = ORIENTED_EDGE('',*,*,#11869,.T.);
#11869 = EDGE_CURVE('',#11870,#11870,#11872,.T.);
#11870 = VERTEX_POINT('',#11871);
#11871 = CARTESIAN_POINT('',(133.19,-34.58,0.));
#11872 = CIRCLE('',#11873,0.5);
#11873 = AXIS2_PLACEMENT_3D('',#11874,#11875,#11876);
#11874 = CARTESIAN_POINT('',(133.19,-34.08,0.));
#11875 = DIRECTION('',(-0.,0.,-1.));
#11876 = DIRECTION('',(-0.,-1.,0.));
#11877 = FACE_BOUND('',#11878,.F.);
#11878 = EDGE_LOOP('',(#11879));
#11879 = ORIENTED_EDGE('',*,*,#11880,.T.);
#11880 = EDGE_CURVE('',#11881,#11881,#11883,.T.);
#11881 = VERTEX_POINT('',#11882);
#11882 = CARTESIAN_POINT('',(139.,-34.5,0.));
#11883 = CIRCLE('',#11884,0.5);
#11884 = AXIS2_PLACEMENT_3D('',#11885,#11886,#11887);
#11885 = CARTESIAN_POINT('',(139.,-34.,0.));
#11886 = DIRECTION('',(-0.,0.,-1.));
#11887 = DIRECTION('',(-0.,-1.,0.));
#11888 = FACE_BOUND('',#11889,.F.);
#11889 = EDGE_LOOP('',(#11890));
#11890 = ORIENTED_EDGE('',*,*,#11891,.T.);
#11891 = EDGE_CURVE('',#11892,#11892,#11894,.T.);
#11892 = VERTEX_POINT('',#11893);
#11893 = CARTESIAN_POINT('',(133.19,-32.04,0.));
#11894 = CIRCLE('',#11895,0.5);
#11895 = AXIS2_PLACEMENT_3D('',#11896,#11897,#11898);
#11896 = CARTESIAN_POINT('',(133.19,-31.54,0.));
#11897 = DIRECTION('',(-0.,0.,-1.));
#11898 = DIRECTION('',(-0.,-1.,0.));
#11899 = FACE_BOUND('',#11900,.F.);
#11900 = EDGE_LOOP('',(#11901));
#11901 = ORIENTED_EDGE('',*,*,#11902,.T.);
#11902 = EDGE_CURVE('',#11903,#11903,#11905,.T.);
#11903 = VERTEX_POINT('',#11904);
#11904 = CARTESIAN_POINT('',(139.,-31.96,0.));
#11905 = CIRCLE('',#11906,0.5);
#11906 = AXIS2_PLACEMENT_3D('',#11907,#11908,#11909);
#11907 = CARTESIAN_POINT('',(139.,-31.46,0.));
#11908 = DIRECTION('',(-0.,0.,-1.));
#11909 = DIRECTION('',(-0.,-1.,0.));
#11910 = FACE_BOUND('',#11911,.F.);
#11911 = EDGE_LOOP('',(#11912));
#11912 = ORIENTED_EDGE('',*,*,#11913,.T.);
#11913 = EDGE_CURVE('',#11914,#11914,#11916,.T.);
#11914 = VERTEX_POINT('',#11915);
#11915 = CARTESIAN_POINT('',(133.19,-29.5,0.));
#11916 = CIRCLE('',#11917,0.5);
#11917 = AXIS2_PLACEMENT_3D('',#11918,#11919,#11920);
#11918 = CARTESIAN_POINT('',(133.19,-29.,0.));
#11919 = DIRECTION('',(-0.,0.,-1.));
#11920 = DIRECTION('',(-0.,-1.,0.));
#11921 = FACE_BOUND('',#11922,.F.);
#11922 = EDGE_LOOP('',(#11923));
#11923 = ORIENTED_EDGE('',*,*,#11924,.T.);
#11924 = EDGE_CURVE('',#11925,#11925,#11927,.T.);
#11925 = VERTEX_POINT('',#11926);
#11926 = CARTESIAN_POINT('',(139.,-29.42,0.));
#11927 = CIRCLE('',#11928,0.5);
#11928 = AXIS2_PLACEMENT_3D('',#11929,#11930,#11931);
#11929 = CARTESIAN_POINT('',(139.,-28.92,0.));
#11930 = DIRECTION('',(-0.,0.,-1.));
#11931 = DIRECTION('',(-0.,-1.,0.));
#11932 = FACE_BOUND('',#11933,.F.);
#11933 = EDGE_LOOP('',(#11934));
#11934 = ORIENTED_EDGE('',*,*,#11935,.T.);
#11935 = EDGE_CURVE('',#11936,#11936,#11938,.T.);
#11936 = VERTEX_POINT('',#11937);
#11937 = CARTESIAN_POINT('',(144.38,-35.4,0.));
#11938 = CIRCLE('',#11939,0.4);
#11939 = AXIS2_PLACEMENT_3D('',#11940,#11941,#11942);
#11940 = CARTESIAN_POINT('',(144.38,-35.,0.));
#11941 = DIRECTION('',(-0.,0.,-1.));
#11942 = DIRECTION('',(-0.,-1.,0.));
#11943 = FACE_BOUND('',#11944,.F.);
#11944 = EDGE_LOOP('',(#11945));
#11945 = ORIENTED_EDGE('',*,*,#11946,.T.);
#11946 = EDGE_CURVE('',#11947,#11947,#11949,.T.);
#11947 = VERTEX_POINT('',#11948);
#11948 = CARTESIAN_POINT('',(152.,-35.4,0.));
#11949 = CIRCLE('',#11950,0.4);
#11950 = AXIS2_PLACEMENT_3D('',#11951,#11952,#11953);
#11951 = CARTESIAN_POINT('',(152.,-35.,0.));
#11952 = DIRECTION('',(-0.,0.,-1.));
#11953 = DIRECTION('',(-0.,-1.,0.));
#11954 = FACE_BOUND('',#11955,.F.);
#11955 = EDGE_LOOP('',(#11956));
#11956 = ORIENTED_EDGE('',*,*,#11957,.T.);
#11957 = EDGE_CURVE('',#11958,#11958,#11960,.T.);
#11958 = VERTEX_POINT('',#11959);
#11959 = CARTESIAN_POINT('',(146.,-29.4,0.));
#11960 = CIRCLE('',#11961,0.4);
#11961 = AXIS2_PLACEMENT_3D('',#11962,#11963,#11964);
#11962 = CARTESIAN_POINT('',(146.,-29.,0.));
#11963 = DIRECTION('',(-0.,0.,-1.));
#11964 = DIRECTION('',(-0.,-1.,0.));
#11965 = FACE_BOUND('',#11966,.F.);
#11966 = EDGE_LOOP('',(#11967));
#11967 = ORIENTED_EDGE('',*,*,#11968,.T.);
#11968 = EDGE_CURVE('',#11969,#11969,#11971,.T.);
#11969 = VERTEX_POINT('',#11970);
#11970 = CARTESIAN_POINT('',(153.62,-29.4,0.));
#11971 = CIRCLE('',#11972,0.4);
#11972 = AXIS2_PLACEMENT_3D('',#11973,#11974,#11975);
#11973 = CARTESIAN_POINT('',(153.62,-29.,0.));
#11974 = DIRECTION('',(-0.,0.,-1.));
#11975 = DIRECTION('',(-0.,-1.,0.));
#11976 = FACE_BOUND('',#11977,.F.);
#11977 = EDGE_LOOP('',(#11978));
#11978 = ORIENTED_EDGE('',*,*,#11979,.T.);
#11979 = EDGE_CURVE('',#11980,#11980,#11982,.T.);
#11980 = VERTEX_POINT('',#11981);
#11981 = CARTESIAN_POINT('',(159.,-31.35,0.));
#11982 = CIRCLE('',#11983,1.35);
#11983 = AXIS2_PLACEMENT_3D('',#11984,#11985,#11986);
#11984 = CARTESIAN_POINT('',(159.,-30.,0.));
#11985 = DIRECTION('',(-0.,0.,-1.));
#11986 = DIRECTION('',(-0.,-1.,0.));
#11987 = PLANE('',#11988);
#11988 = AXIS2_PLACEMENT_3D('',#11989,#11990,#11991);
#11989 = CARTESIAN_POINT('',(0.,0.,0.));
#11990 = DIRECTION('',(0.,0.,1.));
#11991 = DIRECTION('',(1.,0.,-0.));
#11992 = ADVANCED_FACE('',(#11993,#12039,#12050,#12061,#12072,#12083,
    #12094,#12105,#12116,#12127,#12138,#12149,#12160,#12171,#12182,
    #12193,#12204,#12215,#12226,#12237,#12248,#12284,#12295,#12306,
    #12342,#12378,#12389,#12400,#12411,#12422,#12433,#12444,#12455,
    #12466,#12477,#12488,#12499,#12510,#12521,#12532,#12543,#12554,
    #12565,#12576,#12587,#12598,#12609,#12620,#12631,#12642,#12653,
    #12664,#12675,#12686,#12697,#12708,#12719,#12730),#12741,.T.);
#11993 = FACE_BOUND('',#11994,.T.);
#11994 = EDGE_LOOP('',(#11995,#11996,#11997,#12006,#12014,#12023,#12031,
    #12038));
#11995 = ORIENTED_EDGE('',*,*,#11148,.F.);
#11996 = ORIENTED_EDGE('',*,*,#11190,.F.);
#11997 = ORIENTED_EDGE('',*,*,#11998,.F.);
#11998 = EDGE_CURVE('',#11999,#11183,#12001,.T.);
#11999 = VERTEX_POINT('',#12000);
#12000 = CARTESIAN_POINT('',(79.,-26.27,1.51));
#12001 = CIRCLE('',#12002,1.269998675653);
#12002 = AXIS2_PLACEMENT_3D('',#12003,#12004,#12005);
#12003 = CARTESIAN_POINT('',(80.269998675652,-26.26999867565,1.51));
#12004 = DIRECTION('',(0.,0.,-1.));
#12005 = DIRECTION('',(-0.999999999999,-1.042794918407E-06,-0.));
#12006 = ORIENTED_EDGE('',*,*,#12007,.F.);
#12007 = EDGE_CURVE('',#12008,#11999,#12010,.T.);
#12008 = VERTEX_POINT('',#12009);
#12009 = CARTESIAN_POINT('',(79.,-61.639375,1.51));
#12010 = LINE('',#12011,#12012);
#12011 = CARTESIAN_POINT('',(79.,-61.639375,1.51));
#12012 = VECTOR('',#12013,1.);
#12013 = DIRECTION('',(0.,1.,0.));
#12014 = ORIENTED_EDGE('',*,*,#12015,.F.);
#12015 = EDGE_CURVE('',#12016,#12008,#12018,.T.);
#12016 = VERTEX_POINT('',#12017);
#12017 = CARTESIAN_POINT('',(80.27,-62.909375,1.51));
#12018 = CIRCLE('',#12019,1.269998675653);
#12019 = AXIS2_PLACEMENT_3D('',#12020,#12021,#12022);
#12020 = CARTESIAN_POINT('',(80.269998675652,-61.63937632434,1.51));
#12021 = DIRECTION('',(0.,0.,-1.));
#12022 = DIRECTION('',(1.0427949268E-06,-0.999999999999,0.));
#12023 = ORIENTED_EDGE('',*,*,#12024,.F.);
#12024 = EDGE_CURVE('',#12025,#12016,#12027,.T.);
#12025 = VERTEX_POINT('',#12026);
#12026 = CARTESIAN_POINT('',(161.470625,-62.909375,1.51));
#12027 = LINE('',#12028,#12029);
#12028 = CARTESIAN_POINT('',(161.470625,-62.909375,1.51));
#12029 = VECTOR('',#12030,1.);
#12030 = DIRECTION('',(-1.,0.,0.));
#12031 = ORIENTED_EDGE('',*,*,#12032,.F.);
#12032 = EDGE_CURVE('',#11213,#12025,#12033,.T.);
#12033 = CIRCLE('',#12034,1.269938931819);
#12034 = AXIS2_PLACEMENT_3D('',#12035,#12036,#12037);
#12035 = CARTESIAN_POINT('',(161.47068606964,-61.63943606964,1.51));
#12036 = DIRECTION('',(0.,0.,-1.));
#12037 = DIRECTION('',(0.999999998844,4.808865026984E-05,0.));
#12038 = ORIENTED_EDGE('',*,*,#11212,.F.);
#12039 = FACE_BOUND('',#12040,.T.);
#12040 = EDGE_LOOP('',(#12041));
#12041 = ORIENTED_EDGE('',*,*,#12042,.T.);
#12042 = EDGE_CURVE('',#12043,#12043,#12045,.T.);
#12043 = VERTEX_POINT('',#12044);
#12044 = CARTESIAN_POINT('',(83.,-60.35,1.51));
#12045 = CIRCLE('',#12046,1.35);
#12046 = AXIS2_PLACEMENT_3D('',#12047,#12048,#12049);
#12047 = CARTESIAN_POINT('',(83.,-59.,1.51));
#12048 = DIRECTION('',(-0.,0.,-1.));
#12049 = DIRECTION('',(-0.,-1.,0.));
#12050 = FACE_BOUND('',#12051,.T.);
#12051 = EDGE_LOOP('',(#12052));
#12052 = ORIENTED_EDGE('',*,*,#12053,.T.);
#12053 = EDGE_CURVE('',#12054,#12054,#12056,.T.);
#12054 = VERTEX_POINT('',#12055);
#12055 = CARTESIAN_POINT('',(82.38,-53.0645,1.51));
#12056 = CIRCLE('',#12057,0.4445);
#12057 = AXIS2_PLACEMENT_3D('',#12058,#12059,#12060);
#12058 = CARTESIAN_POINT('',(82.38,-52.62,1.51));
#12059 = DIRECTION('',(-0.,0.,-1.));
#12060 = DIRECTION('',(-0.,-1.,0.));
#12061 = FACE_BOUND('',#12062,.T.);
#12062 = EDGE_LOOP('',(#12063));
#12063 = ORIENTED_EDGE('',*,*,#12064,.T.);
#12064 = EDGE_CURVE('',#12065,#12065,#12067,.T.);
#12065 = VERTEX_POINT('',#12066);
#12066 = CARTESIAN_POINT('',(84.92,-53.0645,1.51));
#12067 = CIRCLE('',#12068,0.4445);
#12068 = AXIS2_PLACEMENT_3D('',#12069,#12070,#12071);
#12069 = CARTESIAN_POINT('',(84.92,-52.62,1.51));
#12070 = DIRECTION('',(-0.,0.,-1.));
#12071 = DIRECTION('',(-0.,-1.,0.));
#12072 = FACE_BOUND('',#12073,.T.);
#12073 = EDGE_LOOP('',(#12074));
#12074 = ORIENTED_EDGE('',*,*,#12075,.T.);
#12075 = EDGE_CURVE('',#12076,#12076,#12078,.T.);
#12076 = VERTEX_POINT('',#12077);
#12077 = CARTESIAN_POINT('',(87.46,-53.0645,1.51));
#12078 = CIRCLE('',#12079,0.4445);
#12079 = AXIS2_PLACEMENT_3D('',#12080,#12081,#12082);
#12080 = CARTESIAN_POINT('',(87.46,-52.62,1.51));
#12081 = DIRECTION('',(-0.,0.,-1.));
#12082 = DIRECTION('',(-3.197042680585E-14,-1.,0.));
#12083 = FACE_BOUND('',#12084,.T.);
#12084 = EDGE_LOOP('',(#12085));
#12085 = ORIENTED_EDGE('',*,*,#12086,.T.);
#12086 = EDGE_CURVE('',#12087,#12087,#12089,.T.);
#12087 = VERTEX_POINT('',#12088);
#12088 = CARTESIAN_POINT('',(90.,-53.0645,1.51));
#12089 = CIRCLE('',#12090,0.4445);
#12090 = AXIS2_PLACEMENT_3D('',#12091,#12092,#12093);
#12091 = CARTESIAN_POINT('',(90.,-52.62,1.51));
#12092 = DIRECTION('',(-0.,0.,-1.));
#12093 = DIRECTION('',(-0.,-1.,0.));
#12094 = FACE_BOUND('',#12095,.T.);
#12095 = EDGE_LOOP('',(#12096));
#12096 = ORIENTED_EDGE('',*,*,#12097,.T.);
#12097 = EDGE_CURVE('',#12098,#12098,#12100,.T.);
#12098 = VERTEX_POINT('',#12099);
#12099 = CARTESIAN_POINT('',(92.54,-53.0645,1.51));
#12100 = CIRCLE('',#12101,0.4445);
#12101 = AXIS2_PLACEMENT_3D('',#12102,#12103,#12104);
#12102 = CARTESIAN_POINT('',(92.54,-52.62,1.51));
#12103 = DIRECTION('',(-0.,0.,-1.));
#12104 = DIRECTION('',(3.197042680585E-14,-1.,-0.));
#12105 = FACE_BOUND('',#12106,.T.);
#12106 = EDGE_LOOP('',(#12107));
#12107 = ORIENTED_EDGE('',*,*,#12108,.T.);
#12108 = EDGE_CURVE('',#12109,#12109,#12111,.T.);
#12109 = VERTEX_POINT('',#12110);
#12110 = CARTESIAN_POINT('',(95.08,-53.0645,1.51));
#12111 = CIRCLE('',#12112,0.4445);
#12112 = AXIS2_PLACEMENT_3D('',#12113,#12114,#12115);
#12113 = CARTESIAN_POINT('',(95.08,-52.62,1.51));
#12114 = DIRECTION('',(-0.,0.,-1.));
#12115 = DIRECTION('',(-0.,-1.,0.));
#12116 = FACE_BOUND('',#12117,.T.);
#12117 = EDGE_LOOP('',(#12118));
#12118 = ORIENTED_EDGE('',*,*,#12119,.T.);
#12119 = EDGE_CURVE('',#12120,#12120,#12122,.T.);
#12120 = VERTEX_POINT('',#12121);
#12121 = CARTESIAN_POINT('',(97.62,-53.0645,1.51));
#12122 = CIRCLE('',#12123,0.4445);
#12123 = AXIS2_PLACEMENT_3D('',#12124,#12125,#12126);
#12124 = CARTESIAN_POINT('',(97.62,-52.62,1.51));
#12125 = DIRECTION('',(-0.,0.,-1.));
#12126 = DIRECTION('',(-0.,-1.,0.));
#12127 = FACE_BOUND('',#12128,.T.);
#12128 = EDGE_LOOP('',(#12129));
#12129 = ORIENTED_EDGE('',*,*,#12130,.T.);
#12130 = EDGE_CURVE('',#12131,#12131,#12133,.T.);
#12131 = VERTEX_POINT('',#12132);
#12132 = CARTESIAN_POINT('',(113.19,-50.21,1.51));
#12133 = CIRCLE('',#12134,0.4);
#12134 = AXIS2_PLACEMENT_3D('',#12135,#12136,#12137);
#12135 = CARTESIAN_POINT('',(113.19,-49.81,1.51));
#12136 = DIRECTION('',(-0.,0.,-1.));
#12137 = DIRECTION('',(-0.,-1.,0.));
#12138 = FACE_BOUND('',#12139,.T.);
#12139 = EDGE_LOOP('',(#12140));
#12140 = ORIENTED_EDGE('',*,*,#12141,.T.);
#12141 = EDGE_CURVE('',#12142,#12142,#12144,.T.);
#12142 = VERTEX_POINT('',#12143);
#12143 = CARTESIAN_POINT('',(120.81,-50.21,1.51));
#12144 = CIRCLE('',#12145,0.4);
#12145 = AXIS2_PLACEMENT_3D('',#12146,#12147,#12148);
#12146 = CARTESIAN_POINT('',(120.81,-49.81,1.51));
#12147 = DIRECTION('',(-0.,0.,-1.));
#12148 = DIRECTION('',(-0.,-1.,0.));
#12149 = FACE_BOUND('',#12150,.T.);
#12150 = EDGE_LOOP('',(#12151));
#12151 = ORIENTED_EDGE('',*,*,#12152,.T.);
#12152 = EDGE_CURVE('',#12153,#12153,#12155,.T.);
#12153 = VERTEX_POINT('',#12154);
#12154 = CARTESIAN_POINT('',(104.5,-47.4,1.51));
#12155 = CIRCLE('',#12156,0.4);
#12156 = AXIS2_PLACEMENT_3D('',#12157,#12158,#12159);
#12157 = CARTESIAN_POINT('',(104.5,-47.,1.51));
#12158 = DIRECTION('',(-0.,0.,-1.));
#12159 = DIRECTION('',(-0.,-1.,0.));
#12160 = FACE_BOUND('',#12161,.T.);
#12161 = EDGE_LOOP('',(#12162));
#12162 = ORIENTED_EDGE('',*,*,#12163,.T.);
#12163 = EDGE_CURVE('',#12164,#12164,#12166,.T.);
#12164 = VERTEX_POINT('',#12165);
#12165 = CARTESIAN_POINT('',(107.,-47.4,1.51));
#12166 = CIRCLE('',#12167,0.4);
#12167 = AXIS2_PLACEMENT_3D('',#12168,#12169,#12170);
#12168 = CARTESIAN_POINT('',(107.,-47.,1.51));
#12169 = DIRECTION('',(-0.,0.,-1.));
#12170 = DIRECTION('',(-0.,-1.,0.));
#12171 = FACE_BOUND('',#12172,.T.);
#12172 = EDGE_LOOP('',(#12173));
#12173 = ORIENTED_EDGE('',*,*,#12174,.T.);
#12174 = EDGE_CURVE('',#12175,#12175,#12177,.T.);
#12175 = VERTEX_POINT('',#12176);
#12176 = CARTESIAN_POINT('',(113.19,-47.67,1.51));
#12177 = CIRCLE('',#12178,0.4);
#12178 = AXIS2_PLACEMENT_3D('',#12179,#12180,#12181);
#12179 = CARTESIAN_POINT('',(113.19,-47.27,1.51));
#12180 = DIRECTION('',(-0.,0.,-1.));
#12181 = DIRECTION('',(-0.,-1.,0.));
#12182 = FACE_BOUND('',#12183,.T.);
#12183 = EDGE_LOOP('',(#12184));
#12184 = ORIENTED_EDGE('',*,*,#12185,.T.);
#12185 = EDGE_CURVE('',#12186,#12186,#12188,.T.);
#12186 = VERTEX_POINT('',#12187);
#12187 = CARTESIAN_POINT('',(120.81,-47.67,1.51));
#12188 = CIRCLE('',#12189,0.4);
#12189 = AXIS2_PLACEMENT_3D('',#12190,#12191,#12192);
#12190 = CARTESIAN_POINT('',(120.81,-47.27,1.51));
#12191 = DIRECTION('',(-0.,0.,-1.));
#12192 = DIRECTION('',(-0.,-1.,0.));
#12193 = FACE_BOUND('',#12194,.T.);
#12194 = EDGE_LOOP('',(#12195));
#12195 = ORIENTED_EDGE('',*,*,#12196,.T.);
#12196 = EDGE_CURVE('',#12197,#12197,#12199,.T.);
#12197 = VERTEX_POINT('',#12198);
#12198 = CARTESIAN_POINT('',(113.19,-45.13,1.51));
#12199 = CIRCLE('',#12200,0.4);
#12200 = AXIS2_PLACEMENT_3D('',#12201,#12202,#12203);
#12201 = CARTESIAN_POINT('',(113.19,-44.73,1.51));
#12202 = DIRECTION('',(-0.,0.,-1.));
#12203 = DIRECTION('',(-0.,-1.,0.));
#12204 = FACE_BOUND('',#12205,.T.);
#12205 = EDGE_LOOP('',(#12206));
#12206 = ORIENTED_EDGE('',*,*,#12207,.T.);
#12207 = EDGE_CURVE('',#12208,#12208,#12210,.T.);
#12208 = VERTEX_POINT('',#12209);
#12209 = CARTESIAN_POINT('',(120.81,-45.13,1.51));
#12210 = CIRCLE('',#12211,0.4);
#12211 = AXIS2_PLACEMENT_3D('',#12212,#12213,#12214);
#12212 = CARTESIAN_POINT('',(120.81,-44.73,1.51));
#12213 = DIRECTION('',(-0.,0.,-1.));
#12214 = DIRECTION('',(-0.,-1.,0.));
#12215 = FACE_BOUND('',#12216,.T.);
#12216 = EDGE_LOOP('',(#12217));
#12217 = ORIENTED_EDGE('',*,*,#12218,.T.);
#12218 = EDGE_CURVE('',#12219,#12219,#12221,.T.);
#12219 = VERTEX_POINT('',#12220);
#12220 = CARTESIAN_POINT('',(159.,-60.35,1.51));
#12221 = CIRCLE('',#12222,1.35);
#12222 = AXIS2_PLACEMENT_3D('',#12223,#12224,#12225);
#12223 = CARTESIAN_POINT('',(159.,-59.,1.51));
#12224 = DIRECTION('',(-0.,0.,-1.));
#12225 = DIRECTION('',(-0.,-1.,0.));
#12226 = FACE_BOUND('',#12227,.T.);
#12227 = EDGE_LOOP('',(#12228));
#12228 = ORIENTED_EDGE('',*,*,#12229,.T.);
#12229 = EDGE_CURVE('',#12230,#12230,#12232,.T.);
#12230 = VERTEX_POINT('',#12231);
#12231 = CARTESIAN_POINT('',(125.5,-51.4,1.51));
#12232 = CIRCLE('',#12233,0.4);
#12233 = AXIS2_PLACEMENT_3D('',#12234,#12235,#12236);
#12234 = CARTESIAN_POINT('',(125.5,-51.,1.51));
#12235 = DIRECTION('',(-0.,0.,-1.));
#12236 = DIRECTION('',(-0.,-1.,0.));
#12237 = FACE_BOUND('',#12238,.T.);
#12238 = EDGE_LOOP('',(#12239));
#12239 = ORIENTED_EDGE('',*,*,#12240,.T.);
#12240 = EDGE_CURVE('',#12241,#12241,#12243,.T.);
#12241 = VERTEX_POINT('',#12242);
#12242 = CARTESIAN_POINT('',(128.,-51.4,1.51));
#12243 = CIRCLE('',#12244,0.4);
#12244 = AXIS2_PLACEMENT_3D('',#12245,#12246,#12247);
#12245 = CARTESIAN_POINT('',(128.,-51.,1.51));
#12246 = DIRECTION('',(-0.,0.,-1.));
#12247 = DIRECTION('',(-0.,-1.,0.));
#12248 = FACE_BOUND('',#12249,.T.);
#12249 = EDGE_LOOP('',(#12250,#12261,#12269,#12278));
#12250 = ORIENTED_EDGE('',*,*,#12251,.T.);
#12251 = EDGE_CURVE('',#12252,#12254,#12256,.T.);
#12252 = VERTEX_POINT('',#12253);
#12253 = CARTESIAN_POINT('',(156.7,-51.699999,1.51));
#12254 = VERTEX_POINT('',#12255);
#12255 = CARTESIAN_POINT('',(156.7,-51.100001,1.51));
#12256 = CIRCLE('',#12257,0.299999);
#12257 = AXIS2_PLACEMENT_3D('',#12258,#12259,#12260);
#12258 = CARTESIAN_POINT('',(156.7,-51.4,1.51));
#12259 = DIRECTION('',(-0.,0.,-1.));
#12260 = DIRECTION('',(-9.47393472325E-14,1.,0.));
#12261 = ORIENTED_EDGE('',*,*,#12262,.T.);
#12262 = EDGE_CURVE('',#12254,#12263,#12265,.T.);
#12263 = VERTEX_POINT('',#12264);
#12264 = CARTESIAN_POINT('',(157.3,-51.100001,1.51));
#12265 = LINE('',#12266,#12267);
#12266 = CARTESIAN_POINT('',(78.65,-51.100001,1.51));
#12267 = VECTOR('',#12268,1.);
#12268 = DIRECTION('',(1.,0.,-0.));
#12269 = ORIENTED_EDGE('',*,*,#12270,.T.);
#12270 = EDGE_CURVE('',#12263,#12271,#12273,.T.);
#12271 = VERTEX_POINT('',#12272);
#12272 = CARTESIAN_POINT('',(157.3,-51.699999,1.51));
#12273 = CIRCLE('',#12274,0.299999);
#12274 = AXIS2_PLACEMENT_3D('',#12275,#12276,#12277);
#12275 = CARTESIAN_POINT('',(157.3,-51.4,1.51));
#12276 = DIRECTION('',(-0.,0.,-1.));
#12277 = DIRECTION('',(9.47393472325E-14,-1.,-0.));
#12278 = ORIENTED_EDGE('',*,*,#12279,.T.);
#12279 = EDGE_CURVE('',#12271,#12252,#12280,.T.);
#12280 = LINE('',#12281,#12282);
#12281 = CARTESIAN_POINT('',(78.35,-51.699999,1.51));
#12282 = VECTOR('',#12283,1.);
#12283 = DIRECTION('',(-1.,0.,0.));
#12284 = FACE_BOUND('',#12285,.T.);
#12285 = EDGE_LOOP('',(#12286));
#12286 = ORIENTED_EDGE('',*,*,#12287,.T.);
#12287 = EDGE_CURVE('',#12288,#12288,#12290,.T.);
#12288 = VERTEX_POINT('',#12289);
#12289 = CARTESIAN_POINT('',(153.,-49.6,1.51));
#12290 = CIRCLE('',#12291,0.6);
#12291 = AXIS2_PLACEMENT_3D('',#12292,#12293,#12294);
#12292 = CARTESIAN_POINT('',(153.,-49.,1.51));
#12293 = DIRECTION('',(-0.,0.,-1.));
#12294 = DIRECTION('',(-0.,-1.,0.));
#12295 = FACE_BOUND('',#12296,.T.);
#12296 = EDGE_LOOP('',(#12297));
#12297 = ORIENTED_EDGE('',*,*,#12298,.T.);
#12298 = EDGE_CURVE('',#12299,#12299,#12301,.T.);
#12299 = VERTEX_POINT('',#12300);
#12300 = CARTESIAN_POINT('',(159.,-49.6,1.51));
#12301 = CIRCLE('',#12302,0.6);
#12302 = AXIS2_PLACEMENT_3D('',#12303,#12304,#12305);
#12303 = CARTESIAN_POINT('',(159.,-49.,1.51));
#12304 = DIRECTION('',(-0.,0.,-1.));
#12305 = DIRECTION('',(-0.,-1.,0.));
#12306 = FACE_BOUND('',#12307,.T.);
#12307 = EDGE_LOOP('',(#12308,#12319,#12327,#12336));
#12308 = ORIENTED_EDGE('',*,*,#12309,.T.);
#12309 = EDGE_CURVE('',#12310,#12312,#12314,.T.);
#12310 = VERTEX_POINT('',#12311);
#12311 = CARTESIAN_POINT('',(151.7,-46.899999,1.51));
#12312 = VERTEX_POINT('',#12313);
#12313 = CARTESIAN_POINT('',(151.7,-46.300001,1.51));
#12314 = CIRCLE('',#12315,0.299999);
#12315 = AXIS2_PLACEMENT_3D('',#12316,#12317,#12318);
#12316 = CARTESIAN_POINT('',(151.7,-46.6,1.51));
#12317 = DIRECTION('',(-0.,0.,-1.));
#12318 = DIRECTION('',(-9.47393472325E-14,1.,0.));
#12319 = ORIENTED_EDGE('',*,*,#12320,.T.);
#12320 = EDGE_CURVE('',#12312,#12321,#12323,.T.);
#12321 = VERTEX_POINT('',#12322);
#12322 = CARTESIAN_POINT('',(152.3,-46.300001,1.51));
#12323 = LINE('',#12324,#12325);
#12324 = CARTESIAN_POINT('',(76.15,-46.300001,1.51));
#12325 = VECTOR('',#12326,1.);
#12326 = DIRECTION('',(1.,0.,-0.));
#12327 = ORIENTED_EDGE('',*,*,#12328,.T.);
#12328 = EDGE_CURVE('',#12321,#12329,#12331,.T.);
#12329 = VERTEX_POINT('',#12330);
#12330 = CARTESIAN_POINT('',(152.3,-46.899999,1.51));
#12331 = CIRCLE('',#12332,0.299999);
#12332 = AXIS2_PLACEMENT_3D('',#12333,#12334,#12335);
#12333 = CARTESIAN_POINT('',(152.3,-46.6,1.51));
#12334 = DIRECTION('',(-0.,0.,-1.));
#12335 = DIRECTION('',(9.47393472325E-14,-1.,-0.));
#12336 = ORIENTED_EDGE('',*,*,#12337,.T.);
#12337 = EDGE_CURVE('',#12329,#12310,#12338,.T.);
#12338 = LINE('',#12339,#12340);
#12339 = CARTESIAN_POINT('',(75.85,-46.899999,1.51));
#12340 = VECTOR('',#12341,1.);
#12341 = DIRECTION('',(-1.,0.,0.));
#12342 = FACE_BOUND('',#12343,.T.);
#12343 = EDGE_LOOP('',(#12344,#12355,#12363,#12372));
#12344 = ORIENTED_EDGE('',*,*,#12345,.T.);
#12345 = EDGE_CURVE('',#12346,#12348,#12350,.T.);
#12346 = VERTEX_POINT('',#12347);
#12347 = CARTESIAN_POINT('',(158.7,-46.899999,1.51));
#12348 = VERTEX_POINT('',#12349);
#12349 = CARTESIAN_POINT('',(158.7,-46.300001,1.51));
#12350 = CIRCLE('',#12351,0.299999);
#12351 = AXIS2_PLACEMENT_3D('',#12352,#12353,#12354);
#12352 = CARTESIAN_POINT('',(158.7,-46.6,1.51));
#12353 = DIRECTION('',(-0.,0.,-1.));
#12354 = DIRECTION('',(-9.47393472325E-14,1.,0.));
#12355 = ORIENTED_EDGE('',*,*,#12356,.T.);
#12356 = EDGE_CURVE('',#12348,#12357,#12359,.T.);
#12357 = VERTEX_POINT('',#12358);
#12358 = CARTESIAN_POINT('',(159.3,-46.300001,1.51));
#12359 = LINE('',#12360,#12361);
#12360 = CARTESIAN_POINT('',(79.65,-46.300001,1.51));
#12361 = VECTOR('',#12362,1.);
#12362 = DIRECTION('',(1.,0.,-0.));
#12363 = ORIENTED_EDGE('',*,*,#12364,.T.);
#12364 = EDGE_CURVE('',#12357,#12365,#12367,.T.);
#12365 = VERTEX_POINT('',#12366);
#12366 = CARTESIAN_POINT('',(159.3,-46.899999,1.51));
#12367 = CIRCLE('',#12368,0.299999);
#12368 = AXIS2_PLACEMENT_3D('',#12369,#12370,#12371);
#12369 = CARTESIAN_POINT('',(159.3,-46.6,1.51));
#12370 = DIRECTION('',(-0.,0.,-1.));
#12371 = DIRECTION('',(9.47393472325E-14,-1.,-0.));
#12372 = ORIENTED_EDGE('',*,*,#12373,.T.);
#12373 = EDGE_CURVE('',#12365,#12346,#12374,.T.);
#12374 = LINE('',#12375,#12376);
#12375 = CARTESIAN_POINT('',(79.35,-46.899999,1.51));
#12376 = VECTOR('',#12377,1.);
#12377 = DIRECTION('',(-1.,0.,0.));
#12378 = FACE_BOUND('',#12379,.T.);
#12379 = EDGE_LOOP('',(#12380));
#12380 = ORIENTED_EDGE('',*,*,#12381,.T.);
#12381 = EDGE_CURVE('',#12382,#12382,#12384,.T.);
#12382 = VERTEX_POINT('',#12383);
#12383 = CARTESIAN_POINT('',(82.38,-37.8245,1.51));
#12384 = CIRCLE('',#12385,0.4445);
#12385 = AXIS2_PLACEMENT_3D('',#12386,#12387,#12388);
#12386 = CARTESIAN_POINT('',(82.38,-37.38,1.51));
#12387 = DIRECTION('',(-0.,0.,-1.));
#12388 = DIRECTION('',(-0.,-1.,0.));
#12389 = FACE_BOUND('',#12390,.T.);
#12390 = EDGE_LOOP('',(#12391));
#12391 = ORIENTED_EDGE('',*,*,#12392,.T.);
#12392 = EDGE_CURVE('',#12393,#12393,#12395,.T.);
#12393 = VERTEX_POINT('',#12394);
#12394 = CARTESIAN_POINT('',(84.92,-37.8245,1.51));
#12395 = CIRCLE('',#12396,0.4445);
#12396 = AXIS2_PLACEMENT_3D('',#12397,#12398,#12399);
#12397 = CARTESIAN_POINT('',(84.92,-37.38,1.51));
#12398 = DIRECTION('',(-0.,0.,-1.));
#12399 = DIRECTION('',(-0.,-1.,0.));
#12400 = FACE_BOUND('',#12401,.T.);
#12401 = EDGE_LOOP('',(#12402));
#12402 = ORIENTED_EDGE('',*,*,#12403,.T.);
#12403 = EDGE_CURVE('',#12404,#12404,#12406,.T.);
#12404 = VERTEX_POINT('',#12405);
#12405 = CARTESIAN_POINT('',(87.46,-37.8245,1.51));
#12406 = CIRCLE('',#12407,0.4445);
#12407 = AXIS2_PLACEMENT_3D('',#12408,#12409,#12410);
#12408 = CARTESIAN_POINT('',(87.46,-37.38,1.51));
#12409 = DIRECTION('',(-0.,0.,-1.));
#12410 = DIRECTION('',(-3.197042680585E-14,-1.,0.));
#12411 = FACE_BOUND('',#12412,.T.);
#12412 = EDGE_LOOP('',(#12413));
#12413 = ORIENTED_EDGE('',*,*,#12414,.T.);
#12414 = EDGE_CURVE('',#12415,#12415,#12417,.T.);
#12415 = VERTEX_POINT('',#12416);
#12416 = CARTESIAN_POINT('',(90.,-37.8245,1.51));
#12417 = CIRCLE('',#12418,0.4445);
#12418 = AXIS2_PLACEMENT_3D('',#12419,#12420,#12421);
#12419 = CARTESIAN_POINT('',(90.,-37.38,1.51));
#12420 = DIRECTION('',(-0.,0.,-1.));
#12421 = DIRECTION('',(-0.,-1.,0.));
#12422 = FACE_BOUND('',#12423,.T.);
#12423 = EDGE_LOOP('',(#12424));
#12424 = ORIENTED_EDGE('',*,*,#12425,.T.);
#12425 = EDGE_CURVE('',#12426,#12426,#12428,.T.);
#12426 = VERTEX_POINT('',#12427);
#12427 = CARTESIAN_POINT('',(92.54,-37.8245,1.51));
#12428 = CIRCLE('',#12429,0.4445);
#12429 = AXIS2_PLACEMENT_3D('',#12430,#12431,#12432);
#12430 = CARTESIAN_POINT('',(92.54,-37.38,1.51));
#12431 = DIRECTION('',(-0.,0.,-1.));
#12432 = DIRECTION('',(3.197042680585E-14,-1.,-0.));
#12433 = FACE_BOUND('',#12434,.T.);
#12434 = EDGE_LOOP('',(#12435));
#12435 = ORIENTED_EDGE('',*,*,#12436,.T.);
#12436 = EDGE_CURVE('',#12437,#12437,#12439,.T.);
#12437 = VERTEX_POINT('',#12438);
#12438 = CARTESIAN_POINT('',(95.08,-37.8245,1.51));
#12439 = CIRCLE('',#12440,0.4445);
#12440 = AXIS2_PLACEMENT_3D('',#12441,#12442,#12443);
#12441 = CARTESIAN_POINT('',(95.08,-37.38,1.51));
#12442 = DIRECTION('',(-0.,0.,-1.));
#12443 = DIRECTION('',(-0.,-1.,0.));
#12444 = FACE_BOUND('',#12445,.T.);
#12445 = EDGE_LOOP('',(#12446));
#12446 = ORIENTED_EDGE('',*,*,#12447,.T.);
#12447 = EDGE_CURVE('',#12448,#12448,#12450,.T.);
#12448 = VERTEX_POINT('',#12449);
#12449 = CARTESIAN_POINT('',(97.62,-37.8245,1.51));
#12450 = CIRCLE('',#12451,0.4445);
#12451 = AXIS2_PLACEMENT_3D('',#12452,#12453,#12454);
#12452 = CARTESIAN_POINT('',(97.62,-37.38,1.51));
#12453 = DIRECTION('',(-0.,0.,-1.));
#12454 = DIRECTION('',(-0.,-1.,0.));
#12455 = FACE_BOUND('',#12456,.T.);
#12456 = EDGE_LOOP('',(#12457));
#12457 = ORIENTED_EDGE('',*,*,#12458,.T.);
#12458 = EDGE_CURVE('',#12459,#12459,#12461,.T.);
#12459 = VERTEX_POINT('',#12460);
#12460 = CARTESIAN_POINT('',(113.19,-42.59,1.51));
#12461 = CIRCLE('',#12462,0.4);
#12462 = AXIS2_PLACEMENT_3D('',#12463,#12464,#12465);
#12463 = CARTESIAN_POINT('',(113.19,-42.19,1.51));
#12464 = DIRECTION('',(-0.,0.,-1.));
#12465 = DIRECTION('',(-0.,-1.,0.));
#12466 = FACE_BOUND('',#12467,.T.);
#12467 = EDGE_LOOP('',(#12468));
#12468 = ORIENTED_EDGE('',*,*,#12469,.T.);
#12469 = EDGE_CURVE('',#12470,#12470,#12472,.T.);
#12470 = VERTEX_POINT('',#12471);
#12471 = CARTESIAN_POINT('',(120.81,-42.59,1.51));
#12472 = CIRCLE('',#12473,0.4);
#12473 = AXIS2_PLACEMENT_3D('',#12474,#12475,#12476);
#12474 = CARTESIAN_POINT('',(120.81,-42.19,1.51));
#12475 = DIRECTION('',(-0.,0.,-1.));
#12476 = DIRECTION('',(-0.,-1.,0.));
#12477 = FACE_BOUND('',#12478,.T.);
#12478 = EDGE_LOOP('',(#12479));
#12479 = ORIENTED_EDGE('',*,*,#12480,.T.);
#12480 = EDGE_CURVE('',#12481,#12481,#12483,.T.);
#12481 = VERTEX_POINT('',#12482);
#12482 = CARTESIAN_POINT('',(105.5,-37.4,1.51));
#12483 = CIRCLE('',#12484,0.4);
#12484 = AXIS2_PLACEMENT_3D('',#12485,#12486,#12487);
#12485 = CARTESIAN_POINT('',(105.5,-37.,1.51));
#12486 = DIRECTION('',(-0.,0.,-1.));
#12487 = DIRECTION('',(-0.,-1.,0.));
#12488 = FACE_BOUND('',#12489,.T.);
#12489 = EDGE_LOOP('',(#12490));
#12490 = ORIENTED_EDGE('',*,*,#12491,.T.);
#12491 = EDGE_CURVE('',#12492,#12492,#12494,.T.);
#12492 = VERTEX_POINT('',#12493);
#12493 = CARTESIAN_POINT('',(108.,-37.4,1.51));
#12494 = CIRCLE('',#12495,0.4);
#12495 = AXIS2_PLACEMENT_3D('',#12496,#12497,#12498);
#12496 = CARTESIAN_POINT('',(108.,-37.,1.51));
#12497 = DIRECTION('',(-0.,0.,-1.));
#12498 = DIRECTION('',(-0.,-1.,0.));
#12499 = FACE_BOUND('',#12500,.T.);
#12500 = EDGE_LOOP('',(#12501));
#12501 = ORIENTED_EDGE('',*,*,#12502,.T.);
#12502 = EDGE_CURVE('',#12503,#12503,#12505,.T.);
#12503 = VERTEX_POINT('',#12504);
#12504 = CARTESIAN_POINT('',(83.,-31.35,1.51));
#12505 = CIRCLE('',#12506,1.35);
#12506 = AXIS2_PLACEMENT_3D('',#12507,#12508,#12509);
#12507 = CARTESIAN_POINT('',(83.,-30.,1.51));
#12508 = DIRECTION('',(-0.,0.,-1.));
#12509 = DIRECTION('',(-0.,-1.,0.));
#12510 = FACE_BOUND('',#12511,.T.);
#12511 = EDGE_LOOP('',(#12512));
#12512 = ORIENTED_EDGE('',*,*,#12513,.T.);
#12513 = EDGE_CURVE('',#12514,#12514,#12516,.T.);
#12514 = VERTEX_POINT('',#12515);
#12515 = CARTESIAN_POINT('',(92.,-29.5,1.51));
#12516 = CIRCLE('',#12517,0.5);
#12517 = AXIS2_PLACEMENT_3D('',#12518,#12519,#12520);
#12518 = CARTESIAN_POINT('',(92.,-29.,1.51));
#12519 = DIRECTION('',(-0.,0.,-1.));
#12520 = DIRECTION('',(-0.,-1.,0.));
#12521 = FACE_BOUND('',#12522,.T.);
#12522 = EDGE_LOOP('',(#12523));
#12523 = ORIENTED_EDGE('',*,*,#12524,.T.);
#12524 = EDGE_CURVE('',#12525,#12525,#12527,.T.);
#12525 = VERTEX_POINT('',#12526);
#12526 = CARTESIAN_POINT('',(94.54,-29.5,1.51));
#12527 = CIRCLE('',#12528,0.5);
#12528 = AXIS2_PLACEMENT_3D('',#12529,#12530,#12531);
#12529 = CARTESIAN_POINT('',(94.54,-29.,1.51));
#12530 = DIRECTION('',(-0.,0.,-1.));
#12531 = DIRECTION('',(-0.,-1.,0.));
#12532 = FACE_BOUND('',#12533,.T.);
#12533 = EDGE_LOOP('',(#12534));
#12534 = ORIENTED_EDGE('',*,*,#12535,.T.);
#12535 = EDGE_CURVE('',#12536,#12536,#12538,.T.);
#12536 = VERTEX_POINT('',#12537);
#12537 = CARTESIAN_POINT('',(101.,-29.5,1.51));
#12538 = CIRCLE('',#12539,0.5);
#12539 = AXIS2_PLACEMENT_3D('',#12540,#12541,#12542);
#12540 = CARTESIAN_POINT('',(101.,-29.,1.51));
#12541 = DIRECTION('',(-0.,0.,-1.));
#12542 = DIRECTION('',(-0.,-1.,0.));
#12543 = FACE_BOUND('',#12544,.T.);
#12544 = EDGE_LOOP('',(#12545));
#12545 = ORIENTED_EDGE('',*,*,#12546,.T.);
#12546 = EDGE_CURVE('',#12547,#12547,#12549,.T.);
#12547 = VERTEX_POINT('',#12548);
#12548 = CARTESIAN_POINT('',(116.5,-34.4,1.51));
#12549 = CIRCLE('',#12550,0.4);
#12550 = AXIS2_PLACEMENT_3D('',#12551,#12552,#12553);
#12551 = CARTESIAN_POINT('',(116.5,-34.,1.51));
#12552 = DIRECTION('',(-0.,0.,-1.));
#12553 = DIRECTION('',(-0.,-1.,0.));
#12554 = FACE_BOUND('',#12555,.T.);
#12555 = EDGE_LOOP('',(#12556));
#12556 = ORIENTED_EDGE('',*,*,#12557,.T.);
#12557 = EDGE_CURVE('',#12558,#12558,#12560,.T.);
#12558 = VERTEX_POINT('',#12559);
#12559 = CARTESIAN_POINT('',(119.,-34.4,1.51));
#12560 = CIRCLE('',#12561,0.4);
#12561 = AXIS2_PLACEMENT_3D('',#12562,#12563,#12564);
#12562 = CARTESIAN_POINT('',(119.,-34.,1.51));
#12563 = DIRECTION('',(-0.,0.,-1.));
#12564 = DIRECTION('',(-0.,-1.,0.));
#12565 = FACE_BOUND('',#12566,.T.);
#12566 = EDGE_LOOP('',(#12567));
#12567 = ORIENTED_EDGE('',*,*,#12568,.T.);
#12568 = EDGE_CURVE('',#12569,#12569,#12571,.T.);
#12569 = VERTEX_POINT('',#12570);
#12570 = CARTESIAN_POINT('',(103.54,-29.5,1.51));
#12571 = CIRCLE('',#12572,0.5);
#12572 = AXIS2_PLACEMENT_3D('',#12573,#12574,#12575);
#12573 = CARTESIAN_POINT('',(103.54,-29.,1.51));
#12574 = DIRECTION('',(-0.,0.,-1.));
#12575 = DIRECTION('',(-0.,-1.,0.));
#12576 = FACE_BOUND('',#12577,.T.);
#12577 = EDGE_LOOP('',(#12578));
#12578 = ORIENTED_EDGE('',*,*,#12579,.T.);
#12579 = EDGE_CURVE('',#12580,#12580,#12582,.T.);
#12580 = VERTEX_POINT('',#12581);
#12581 = CARTESIAN_POINT('',(109.46,-29.5,1.51));
#12582 = CIRCLE('',#12583,0.5);
#12583 = AXIS2_PLACEMENT_3D('',#12584,#12585,#12586);
#12584 = CARTESIAN_POINT('',(109.46,-29.,1.51));
#12585 = DIRECTION('',(-0.,0.,-1.));
#12586 = DIRECTION('',(-0.,-1.,0.));
#12587 = FACE_BOUND('',#12588,.T.);
#12588 = EDGE_LOOP('',(#12589));
#12589 = ORIENTED_EDGE('',*,*,#12590,.T.);
#12590 = EDGE_CURVE('',#12591,#12591,#12593,.T.);
#12591 = VERTEX_POINT('',#12592);
#12592 = CARTESIAN_POINT('',(112.,-29.5,1.51));
#12593 = CIRCLE('',#12594,0.5);
#12594 = AXIS2_PLACEMENT_3D('',#12595,#12596,#12597);
#12595 = CARTESIAN_POINT('',(112.,-29.,1.51));
#12596 = DIRECTION('',(-0.,0.,-1.));
#12597 = DIRECTION('',(-0.,-1.,0.));
#12598 = FACE_BOUND('',#12599,.T.);
#12599 = EDGE_LOOP('',(#12600));
#12600 = ORIENTED_EDGE('',*,*,#12601,.T.);
#12601 = EDGE_CURVE('',#12602,#12602,#12604,.T.);
#12602 = VERTEX_POINT('',#12603);
#12603 = CARTESIAN_POINT('',(127.5,-40.4,1.51));
#12604 = CIRCLE('',#12605,0.4);
#12605 = AXIS2_PLACEMENT_3D('',#12606,#12607,#12608);
#12606 = CARTESIAN_POINT('',(127.5,-40.,1.51));
#12607 = DIRECTION('',(-0.,0.,-1.));
#12608 = DIRECTION('',(-0.,-1.,0.));
#12609 = FACE_BOUND('',#12610,.T.);
#12610 = EDGE_LOOP('',(#12611));
#12611 = ORIENTED_EDGE('',*,*,#12612,.T.);
#12612 = EDGE_CURVE('',#12613,#12613,#12615,.T.);
#12613 = VERTEX_POINT('',#12614);
#12614 = CARTESIAN_POINT('',(130.,-40.4,1.51));
#12615 = CIRCLE('',#12616,0.4);
#12616 = AXIS2_PLACEMENT_3D('',#12617,#12618,#12619);
#12617 = CARTESIAN_POINT('',(130.,-40.,1.51));
#12618 = DIRECTION('',(-0.,0.,-1.));
#12619 = DIRECTION('',(-0.,-1.,0.));
#12620 = FACE_BOUND('',#12621,.T.);
#12621 = EDGE_LOOP('',(#12622));
#12622 = ORIENTED_EDGE('',*,*,#12623,.T.);
#12623 = EDGE_CURVE('',#12624,#12624,#12626,.T.);
#12624 = VERTEX_POINT('',#12625);
#12625 = CARTESIAN_POINT('',(133.19,-34.58,1.51));
#12626 = CIRCLE('',#12627,0.5);
#12627 = AXIS2_PLACEMENT_3D('',#12628,#12629,#12630);
#12628 = CARTESIAN_POINT('',(133.19,-34.08,1.51));
#12629 = DIRECTION('',(-0.,0.,-1.));
#12630 = DIRECTION('',(-0.,-1.,0.));
#12631 = FACE_BOUND('',#12632,.T.);
#12632 = EDGE_LOOP('',(#12633));
#12633 = ORIENTED_EDGE('',*,*,#12634,.T.);
#12634 = EDGE_CURVE('',#12635,#12635,#12637,.T.);
#12635 = VERTEX_POINT('',#12636);
#12636 = CARTESIAN_POINT('',(139.,-34.5,1.51));
#12637 = CIRCLE('',#12638,0.5);
#12638 = AXIS2_PLACEMENT_3D('',#12639,#12640,#12641);
#12639 = CARTESIAN_POINT('',(139.,-34.,1.51));
#12640 = DIRECTION('',(-0.,0.,-1.));
#12641 = DIRECTION('',(-0.,-1.,0.));
#12642 = FACE_BOUND('',#12643,.T.);
#12643 = EDGE_LOOP('',(#12644));
#12644 = ORIENTED_EDGE('',*,*,#12645,.T.);
#12645 = EDGE_CURVE('',#12646,#12646,#12648,.T.);
#12646 = VERTEX_POINT('',#12647);
#12647 = CARTESIAN_POINT('',(133.19,-32.04,1.51));
#12648 = CIRCLE('',#12649,0.5);
#12649 = AXIS2_PLACEMENT_3D('',#12650,#12651,#12652);
#12650 = CARTESIAN_POINT('',(133.19,-31.54,1.51));
#12651 = DIRECTION('',(-0.,0.,-1.));
#12652 = DIRECTION('',(-0.,-1.,0.));
#12653 = FACE_BOUND('',#12654,.T.);
#12654 = EDGE_LOOP('',(#12655));
#12655 = ORIENTED_EDGE('',*,*,#12656,.T.);
#12656 = EDGE_CURVE('',#12657,#12657,#12659,.T.);
#12657 = VERTEX_POINT('',#12658);
#12658 = CARTESIAN_POINT('',(139.,-31.96,1.51));
#12659 = CIRCLE('',#12660,0.5);
#12660 = AXIS2_PLACEMENT_3D('',#12661,#12662,#12663);
#12661 = CARTESIAN_POINT('',(139.,-31.46,1.51));
#12662 = DIRECTION('',(-0.,0.,-1.));
#12663 = DIRECTION('',(-0.,-1.,0.));
#12664 = FACE_BOUND('',#12665,.T.);
#12665 = EDGE_LOOP('',(#12666));
#12666 = ORIENTED_EDGE('',*,*,#12667,.T.);
#12667 = EDGE_CURVE('',#12668,#12668,#12670,.T.);
#12668 = VERTEX_POINT('',#12669);
#12669 = CARTESIAN_POINT('',(133.19,-29.5,1.51));
#12670 = CIRCLE('',#12671,0.5);
#12671 = AXIS2_PLACEMENT_3D('',#12672,#12673,#12674);
#12672 = CARTESIAN_POINT('',(133.19,-29.,1.51));
#12673 = DIRECTION('',(-0.,0.,-1.));
#12674 = DIRECTION('',(-0.,-1.,0.));
#12675 = FACE_BOUND('',#12676,.T.);
#12676 = EDGE_LOOP('',(#12677));
#12677 = ORIENTED_EDGE('',*,*,#12678,.T.);
#12678 = EDGE_CURVE('',#12679,#12679,#12681,.T.);
#12679 = VERTEX_POINT('',#12680);
#12680 = CARTESIAN_POINT('',(139.,-29.42,1.51));
#12681 = CIRCLE('',#12682,0.5);
#12682 = AXIS2_PLACEMENT_3D('',#12683,#12684,#12685);
#12683 = CARTESIAN_POINT('',(139.,-28.92,1.51));
#12684 = DIRECTION('',(-0.,0.,-1.));
#12685 = DIRECTION('',(-0.,-1.,0.));
#12686 = FACE_BOUND('',#12687,.T.);
#12687 = EDGE_LOOP('',(#12688));
#12688 = ORIENTED_EDGE('',*,*,#12689,.T.);
#12689 = EDGE_CURVE('',#12690,#12690,#12692,.T.);
#12690 = VERTEX_POINT('',#12691);
#12691 = CARTESIAN_POINT('',(144.38,-35.4,1.51));
#12692 = CIRCLE('',#12693,0.4);
#12693 = AXIS2_PLACEMENT_3D('',#12694,#12695,#12696);
#12694 = CARTESIAN_POINT('',(144.38,-35.,1.51));
#12695 = DIRECTION('',(-0.,0.,-1.));
#12696 = DIRECTION('',(-0.,-1.,0.));
#12697 = FACE_BOUND('',#12698,.T.);
#12698 = EDGE_LOOP('',(#12699));
#12699 = ORIENTED_EDGE('',*,*,#12700,.T.);
#12700 = EDGE_CURVE('',#12701,#12701,#12703,.T.);
#12701 = VERTEX_POINT('',#12702);
#12702 = CARTESIAN_POINT('',(152.,-35.4,1.51));
#12703 = CIRCLE('',#12704,0.4);
#12704 = AXIS2_PLACEMENT_3D('',#12705,#12706,#12707);
#12705 = CARTESIAN_POINT('',(152.,-35.,1.51));
#12706 = DIRECTION('',(-0.,0.,-1.));
#12707 = DIRECTION('',(-0.,-1.,0.));
#12708 = FACE_BOUND('',#12709,.T.);
#12709 = EDGE_LOOP('',(#12710));
#12710 = ORIENTED_EDGE('',*,*,#12711,.T.);
#12711 = EDGE_CURVE('',#12712,#12712,#12714,.T.);
#12712 = VERTEX_POINT('',#12713);
#12713 = CARTESIAN_POINT('',(146.,-29.4,1.51));
#12714 = CIRCLE('',#12715,0.4);
#12715 = AXIS2_PLACEMENT_3D('',#12716,#12717,#12718);
#12716 = CARTESIAN_POINT('',(146.,-29.,1.51));
#12717 = DIRECTION('',(-0.,0.,-1.));
#12718 = DIRECTION('',(-0.,-1.,0.));
#12719 = FACE_BOUND('',#12720,.T.);
#12720 = EDGE_LOOP('',(#12721));
#12721 = ORIENTED_EDGE('',*,*,#12722,.T.);
#12722 = EDGE_CURVE('',#12723,#12723,#12725,.T.);
#12723 = VERTEX_POINT('',#12724);
#12724 = CARTESIAN_POINT('',(153.62,-29.4,1.51));
#12725 = CIRCLE('',#12726,0.4);
#12726 = AXIS2_PLACEMENT_3D('',#12727,#12728,#12729);
#12727 = CARTESIAN_POINT('',(153.62,-29.,1.51));
#12728 = DIRECTION('',(-0.,0.,-1.));
#12729 = DIRECTION('',(-0.,-1.,0.));
#12730 = FACE_BOUND('',#12731,.T.);
#12731 = EDGE_LOOP('',(#12732));
#12732 = ORIENTED_EDGE('',*,*,#12733,.T.);
#12733 = EDGE_CURVE('',#12734,#12734,#12736,.T.);
#12734 = VERTEX_POINT('',#12735);
#12735 = CARTESIAN_POINT('',(159.,-31.35,1.51));
#12736 = CIRCLE('',#12737,1.35);
#12737 = AXIS2_PLACEMENT_3D('',#12738,#12739,#12740);
#12738 = CARTESIAN_POINT('',(159.,-30.,1.51));
#12739 = DIRECTION('',(-0.,0.,-1.));
#12740 = DIRECTION('',(-0.,-1.,0.));
#12741 = PLANE('',#12742);
#12742 = AXIS2_PLACEMENT_3D('',#12743,#12744,#12745);
#12743 = CARTESIAN_POINT('',(0.,0.,1.51));
#12744 = DIRECTION('',(0.,0.,1.));
#12745 = DIRECTION('',(1.,0.,-0.));
#12746 = ADVANCED_FACE('',(#12747),#12758,.T.);
#12747 = FACE_BOUND('',#12748,.T.);
#12748 = EDGE_LOOP('',(#12749,#12755,#12756,#12757));
#12749 = ORIENTED_EDGE('',*,*,#12750,.T.);
#12750 = EDGE_CURVE('',#11245,#11999,#12751,.T.);
#12751 = LINE('',#12752,#12753);
#12752 = CARTESIAN_POINT('',(79.,-26.27,0.));
#12753 = VECTOR('',#12754,1.);
#12754 = DIRECTION('',(0.,0.,1.));
#12755 = ORIENTED_EDGE('',*,*,#11998,.T.);
#12756 = ORIENTED_EDGE('',*,*,#11180,.F.);
#12757 = ORIENTED_EDGE('',*,*,#11244,.F.);
#12758 = CYLINDRICAL_SURFACE('',#12759,1.269998675653);
#12759 = AXIS2_PLACEMENT_3D('',#12760,#12761,#12762);
#12760 = CARTESIAN_POINT('',(80.269998675652,-26.26999867565,0.));
#12761 = DIRECTION('',(0.,0.,-1.));
#12762 = DIRECTION('',(-0.999999999999,-1.042794918407E-06,-0.));
#12763 = ADVANCED_FACE('',(#12764),#12775,.T.);
#12764 = FACE_BOUND('',#12765,.T.);
#12765 = EDGE_LOOP('',(#12766,#12767,#12768,#12774));
#12766 = ORIENTED_EDGE('',*,*,#11220,.T.);
#12767 = ORIENTED_EDGE('',*,*,#12032,.T.);
#12768 = ORIENTED_EDGE('',*,*,#12769,.F.);
#12769 = EDGE_CURVE('',#11271,#12025,#12770,.T.);
#12770 = LINE('',#12771,#12772);
#12771 = CARTESIAN_POINT('',(161.470625,-62.909375,0.));
#12772 = VECTOR('',#12773,1.);
#12773 = DIRECTION('',(0.,0.,1.));
#12774 = ORIENTED_EDGE('',*,*,#11278,.F.);
#12775 = CYLINDRICAL_SURFACE('',#12776,1.269938931819);
#12776 = AXIS2_PLACEMENT_3D('',#12777,#12778,#12779);
#12777 = CARTESIAN_POINT('',(161.47068606964,-61.63943606964,0.));
#12778 = DIRECTION('',(0.,0.,-1.));
#12779 = DIRECTION('',(0.999999998844,4.808865026984E-05,0.));
#12780 = ADVANCED_FACE('',(#12781),#12792,.T.);
#12781 = FACE_BOUND('',#12782,.T.);
#12782 = EDGE_LOOP('',(#12783,#12789,#12790,#12791));
#12783 = ORIENTED_EDGE('',*,*,#12784,.T.);
#12784 = EDGE_CURVE('',#11254,#12008,#12785,.T.);
#12785 = LINE('',#12786,#12787);
#12786 = CARTESIAN_POINT('',(79.,-61.639375,0.));
#12787 = VECTOR('',#12788,1.);
#12788 = DIRECTION('',(0.,0.,1.));
#12789 = ORIENTED_EDGE('',*,*,#12007,.T.);
#12790 = ORIENTED_EDGE('',*,*,#12750,.F.);
#12791 = ORIENTED_EDGE('',*,*,#11253,.F.);
#12792 = PLANE('',#12793);
#12793 = AXIS2_PLACEMENT_3D('',#12794,#12795,#12796);
#12794 = CARTESIAN_POINT('',(79.,-61.639375,0.));
#12795 = DIRECTION('',(-1.,0.,0.));
#12796 = DIRECTION('',(0.,1.,0.));
#12797 = ADVANCED_FACE('',(#12798),#12809,.T.);
#12798 = FACE_BOUND('',#12799,.T.);
#12799 = EDGE_LOOP('',(#12800,#12801,#12802,#12808));
#12800 = ORIENTED_EDGE('',*,*,#12769,.T.);
#12801 = ORIENTED_EDGE('',*,*,#12024,.T.);
#12802 = ORIENTED_EDGE('',*,*,#12803,.F.);
#12803 = EDGE_CURVE('',#11262,#12016,#12804,.T.);
#12804 = LINE('',#12805,#12806);
#12805 = CARTESIAN_POINT('',(80.27,-62.909375,0.));
#12806 = VECTOR('',#12807,1.);
#12807 = DIRECTION('',(0.,0.,1.));
#12808 = ORIENTED_EDGE('',*,*,#11270,.F.);
#12809 = PLANE('',#12810);
#12810 = AXIS2_PLACEMENT_3D('',#12811,#12812,#12813);
#12811 = CARTESIAN_POINT('',(161.470625,-62.909375,0.));
#12812 = DIRECTION('',(0.,-1.,0.));
#12813 = DIRECTION('',(-1.,0.,0.));
#12814 = ADVANCED_FACE('',(#12815),#12821,.T.);
#12815 = FACE_BOUND('',#12816,.T.);
#12816 = EDGE_LOOP('',(#12817,#12818,#12819,#12820));
#12817 = ORIENTED_EDGE('',*,*,#12803,.T.);
#12818 = ORIENTED_EDGE('',*,*,#12015,.T.);
#12819 = ORIENTED_EDGE('',*,*,#12784,.F.);
#12820 = ORIENTED_EDGE('',*,*,#11261,.F.);
#12821 = CYLINDRICAL_SURFACE('',#12822,1.269998675653);
#12822 = AXIS2_PLACEMENT_3D('',#12823,#12824,#12825);
#12823 = CARTESIAN_POINT('',(80.269998675652,-61.63937632434,0.));
#12824 = DIRECTION('',(0.,0.,-1.));
#12825 = DIRECTION('',(1.0427949268E-06,-0.999999999999,0.));
#12826 = ADVANCED_FACE('',(#12827),#12838,.F.);
#12827 = FACE_BOUND('',#12828,.T.);
#12828 = EDGE_LOOP('',(#12829,#12830,#12836,#12837));
#12829 = ORIENTED_EDGE('',*,*,#11288,.T.);
#12830 = ORIENTED_EDGE('',*,*,#12831,.T.);
#12831 = EDGE_CURVE('',#11289,#12043,#12832,.T.);
#12832 = LINE('',#12833,#12834);
#12833 = CARTESIAN_POINT('',(83.,-60.35,-4.6E-02));
#12834 = VECTOR('',#12835,1.);
#12835 = DIRECTION('',(0.,0.,1.));
#12836 = ORIENTED_EDGE('',*,*,#12042,.F.);
#12837 = ORIENTED_EDGE('',*,*,#12831,.F.);
#12838 = CYLINDRICAL_SURFACE('',#12839,1.35);
#12839 = AXIS2_PLACEMENT_3D('',#12840,#12841,#12842);
#12840 = CARTESIAN_POINT('',(83.,-59.,-4.6E-02));
#12841 = DIRECTION('',(-0.,-0.,-1.));
#12842 = DIRECTION('',(-0.,-1.,0.));
#12843 = ADVANCED_FACE('',(#12844),#12855,.F.);
#12844 = FACE_BOUND('',#12845,.T.);
#12845 = EDGE_LOOP('',(#12846,#12847,#12853,#12854));
#12846 = ORIENTED_EDGE('',*,*,#11299,.T.);
#12847 = ORIENTED_EDGE('',*,*,#12848,.T.);
#12848 = EDGE_CURVE('',#11300,#12054,#12849,.T.);
#12849 = LINE('',#12850,#12851);
#12850 = CARTESIAN_POINT('',(82.38,-53.0645,-4.6E-02));
#12851 = VECTOR('',#12852,1.);
#12852 = DIRECTION('',(0.,0.,1.));
#12853 = ORIENTED_EDGE('',*,*,#12053,.F.);
#12854 = ORIENTED_EDGE('',*,*,#12848,.F.);
#12855 = CYLINDRICAL_SURFACE('',#12856,0.4445);
#12856 = AXIS2_PLACEMENT_3D('',#12857,#12858,#12859);
#12857 = CARTESIAN_POINT('',(82.38,-52.62,-4.6E-02));
#12858 = DIRECTION('',(-0.,-0.,-1.));
#12859 = DIRECTION('',(-0.,-1.,0.));
#12860 = ADVANCED_FACE('',(#12861),#12872,.F.);
#12861 = FACE_BOUND('',#12862,.T.);
#12862 = EDGE_LOOP('',(#12863,#12864,#12870,#12871));
#12863 = ORIENTED_EDGE('',*,*,#11310,.T.);
#12864 = ORIENTED_EDGE('',*,*,#12865,.T.);
#12865 = EDGE_CURVE('',#11311,#12065,#12866,.T.);
#12866 = LINE('',#12867,#12868);
#12867 = CARTESIAN_POINT('',(84.92,-53.0645,-4.6E-02));
#12868 = VECTOR('',#12869,1.);
#12869 = DIRECTION('',(0.,0.,1.));
#12870 = ORIENTED_EDGE('',*,*,#12064,.F.);
#12871 = ORIENTED_EDGE('',*,*,#12865,.F.);
#12872 = CYLINDRICAL_SURFACE('',#12873,0.4445);
#12873 = AXIS2_PLACEMENT_3D('',#12874,#12875,#12876);
#12874 = CARTESIAN_POINT('',(84.92,-52.62,-4.6E-02));
#12875 = DIRECTION('',(-0.,-0.,-1.));
#12876 = DIRECTION('',(-0.,-1.,0.));
#12877 = ADVANCED_FACE('',(#12878),#12889,.F.);
#12878 = FACE_BOUND('',#12879,.T.);
#12879 = EDGE_LOOP('',(#12880,#12881,#12887,#12888));
#12880 = ORIENTED_EDGE('',*,*,#11321,.T.);
#12881 = ORIENTED_EDGE('',*,*,#12882,.T.);
#12882 = EDGE_CURVE('',#11322,#12076,#12883,.T.);
#12883 = LINE('',#12884,#12885);
#12884 = CARTESIAN_POINT('',(87.46,-53.0645,-4.6E-02));
#12885 = VECTOR('',#12886,1.);
#12886 = DIRECTION('',(0.,0.,1.));
#12887 = ORIENTED_EDGE('',*,*,#12075,.F.);
#12888 = ORIENTED_EDGE('',*,*,#12882,.F.);
#12889 = CYLINDRICAL_SURFACE('',#12890,0.4445);
#12890 = AXIS2_PLACEMENT_3D('',#12891,#12892,#12893);
#12891 = CARTESIAN_POINT('',(87.46,-52.62,-4.6E-02));
#12892 = DIRECTION('',(-0.,-0.,-1.));
#12893 = DIRECTION('',(-3.197042680585E-14,-1.,0.));
#12894 = ADVANCED_FACE('',(#12895),#12906,.F.);
#12895 = FACE_BOUND('',#12896,.T.);
#12896 = EDGE_LOOP('',(#12897,#12898,#12904,#12905));
#12897 = ORIENTED_EDGE('',*,*,#11332,.T.);
#12898 = ORIENTED_EDGE('',*,*,#12899,.T.);
#12899 = EDGE_CURVE('',#11333,#12087,#12900,.T.);
#12900 = LINE('',#12901,#12902);
#12901 = CARTESIAN_POINT('',(90.,-53.0645,-4.6E-02));
#12902 = VECTOR('',#12903,1.);
#12903 = DIRECTION('',(0.,0.,1.));
#12904 = ORIENTED_EDGE('',*,*,#12086,.F.);
#12905 = ORIENTED_EDGE('',*,*,#12899,.F.);
#12906 = CYLINDRICAL_SURFACE('',#12907,0.4445);
#12907 = AXIS2_PLACEMENT_3D('',#12908,#12909,#12910);
#12908 = CARTESIAN_POINT('',(90.,-52.62,-4.6E-02));
#12909 = DIRECTION('',(-0.,-0.,-1.));
#12910 = DIRECTION('',(-0.,-1.,0.));
#12911 = ADVANCED_FACE('',(#12912),#12923,.F.);
#12912 = FACE_BOUND('',#12913,.T.);
#12913 = EDGE_LOOP('',(#12914,#12915,#12921,#12922));
#12914 = ORIENTED_EDGE('',*,*,#11343,.T.);
#12915 = ORIENTED_EDGE('',*,*,#12916,.T.);
#12916 = EDGE_CURVE('',#11344,#12098,#12917,.T.);
#12917 = LINE('',#12918,#12919);
#12918 = CARTESIAN_POINT('',(92.54,-53.0645,-4.6E-02));
#12919 = VECTOR('',#12920,1.);
#12920 = DIRECTION('',(0.,0.,1.));
#12921 = ORIENTED_EDGE('',*,*,#12097,.F.);
#12922 = ORIENTED_EDGE('',*,*,#12916,.F.);
#12923 = CYLINDRICAL_SURFACE('',#12924,0.4445);
#12924 = AXIS2_PLACEMENT_3D('',#12925,#12926,#12927);
#12925 = CARTESIAN_POINT('',(92.54,-52.62,-4.6E-02));
#12926 = DIRECTION('',(-0.,0.,-1.));
#12927 = DIRECTION('',(3.197042680585E-14,-1.,-0.));
#12928 = ADVANCED_FACE('',(#12929),#12940,.F.);
#12929 = FACE_BOUND('',#12930,.T.);
#12930 = EDGE_LOOP('',(#12931,#12932,#12938,#12939));
#12931 = ORIENTED_EDGE('',*,*,#11354,.T.);
#12932 = ORIENTED_EDGE('',*,*,#12933,.T.);
#12933 = EDGE_CURVE('',#11355,#12109,#12934,.T.);
#12934 = LINE('',#12935,#12936);
#12935 = CARTESIAN_POINT('',(95.08,-53.0645,-4.6E-02));
#12936 = VECTOR('',#12937,1.);
#12937 = DIRECTION('',(0.,0.,1.));
#12938 = ORIENTED_EDGE('',*,*,#12108,.F.);
#12939 = ORIENTED_EDGE('',*,*,#12933,.F.);
#12940 = CYLINDRICAL_SURFACE('',#12941,0.4445);
#12941 = AXIS2_PLACEMENT_3D('',#12942,#12943,#12944);
#12942 = CARTESIAN_POINT('',(95.08,-52.62,-4.6E-02));
#12943 = DIRECTION('',(-0.,-0.,-1.));
#12944 = DIRECTION('',(-0.,-1.,0.));
#12945 = ADVANCED_FACE('',(#12946),#12957,.F.);
#12946 = FACE_BOUND('',#12947,.T.);
#12947 = EDGE_LOOP('',(#12948,#12949,#12955,#12956));
#12948 = ORIENTED_EDGE('',*,*,#11365,.T.);
#12949 = ORIENTED_EDGE('',*,*,#12950,.T.);
#12950 = EDGE_CURVE('',#11366,#12120,#12951,.T.);
#12951 = LINE('',#12952,#12953);
#12952 = CARTESIAN_POINT('',(97.62,-53.0645,-4.6E-02));
#12953 = VECTOR('',#12954,1.);
#12954 = DIRECTION('',(0.,0.,1.));
#12955 = ORIENTED_EDGE('',*,*,#12119,.F.);
#12956 = ORIENTED_EDGE('',*,*,#12950,.F.);
#12957 = CYLINDRICAL_SURFACE('',#12958,0.4445);
#12958 = AXIS2_PLACEMENT_3D('',#12959,#12960,#12961);
#12959 = CARTESIAN_POINT('',(97.62,-52.62,-4.6E-02));
#12960 = DIRECTION('',(-0.,-0.,-1.));
#12961 = DIRECTION('',(-0.,-1.,0.));
#12962 = ADVANCED_FACE('',(#12963),#12974,.F.);
#12963 = FACE_BOUND('',#12964,.T.);
#12964 = EDGE_LOOP('',(#12965,#12966,#12972,#12973));
#12965 = ORIENTED_EDGE('',*,*,#11376,.T.);
#12966 = ORIENTED_EDGE('',*,*,#12967,.T.);
#12967 = EDGE_CURVE('',#11377,#12131,#12968,.T.);
#12968 = LINE('',#12969,#12970);
#12969 = CARTESIAN_POINT('',(113.19,-50.21,-4.6E-02));
#12970 = VECTOR('',#12971,1.);
#12971 = DIRECTION('',(0.,0.,1.));
#12972 = ORIENTED_EDGE('',*,*,#12130,.F.);
#12973 = ORIENTED_EDGE('',*,*,#12967,.F.);
#12974 = CYLINDRICAL_SURFACE('',#12975,0.4);
#12975 = AXIS2_PLACEMENT_3D('',#12976,#12977,#12978);
#12976 = CARTESIAN_POINT('',(113.19,-49.81,-4.6E-02));
#12977 = DIRECTION('',(-0.,-0.,-1.));
#12978 = DIRECTION('',(-0.,-1.,0.));
#12979 = ADVANCED_FACE('',(#12980),#12991,.F.);
#12980 = FACE_BOUND('',#12981,.T.);
#12981 = EDGE_LOOP('',(#12982,#12983,#12989,#12990));
#12982 = ORIENTED_EDGE('',*,*,#11387,.T.);
#12983 = ORIENTED_EDGE('',*,*,#12984,.T.);
#12984 = EDGE_CURVE('',#11388,#12142,#12985,.T.);
#12985 = LINE('',#12986,#12987);
#12986 = CARTESIAN_POINT('',(120.81,-50.21,-4.6E-02));
#12987 = VECTOR('',#12988,1.);
#12988 = DIRECTION('',(0.,0.,1.));
#12989 = ORIENTED_EDGE('',*,*,#12141,.F.);
#12990 = ORIENTED_EDGE('',*,*,#12984,.F.);
#12991 = CYLINDRICAL_SURFACE('',#12992,0.4);
#12992 = AXIS2_PLACEMENT_3D('',#12993,#12994,#12995);
#12993 = CARTESIAN_POINT('',(120.81,-49.81,-4.6E-02));
#12994 = DIRECTION('',(-0.,-0.,-1.));
#12995 = DIRECTION('',(-0.,-1.,0.));
#12996 = ADVANCED_FACE('',(#12997),#13008,.F.);
#12997 = FACE_BOUND('',#12998,.T.);
#12998 = EDGE_LOOP('',(#12999,#13000,#13006,#13007));
#12999 = ORIENTED_EDGE('',*,*,#11398,.T.);
#13000 = ORIENTED_EDGE('',*,*,#13001,.T.);
#13001 = EDGE_CURVE('',#11399,#12153,#13002,.T.);
#13002 = LINE('',#13003,#13004);
#13003 = CARTESIAN_POINT('',(104.5,-47.4,-4.6E-02));
#13004 = VECTOR('',#13005,1.);
#13005 = DIRECTION('',(0.,0.,1.));
#13006 = ORIENTED_EDGE('',*,*,#12152,.F.);
#13007 = ORIENTED_EDGE('',*,*,#13001,.F.);
#13008 = CYLINDRICAL_SURFACE('',#13009,0.4);
#13009 = AXIS2_PLACEMENT_3D('',#13010,#13011,#13012);
#13010 = CARTESIAN_POINT('',(104.5,-47.,-4.6E-02));
#13011 = DIRECTION('',(-0.,-0.,-1.));
#13012 = DIRECTION('',(-0.,-1.,0.));
#13013 = ADVANCED_FACE('',(#13014),#13025,.F.);
#13014 = FACE_BOUND('',#13015,.T.);
#13015 = EDGE_LOOP('',(#13016,#13017,#13023,#13024));
#13016 = ORIENTED_EDGE('',*,*,#11409,.T.);
#13017 = ORIENTED_EDGE('',*,*,#13018,.T.);
#13018 = EDGE_CURVE('',#11410,#12164,#13019,.T.);
#13019 = LINE('',#13020,#13021);
#13020 = CARTESIAN_POINT('',(107.,-47.4,-4.6E-02));
#13021 = VECTOR('',#13022,1.);
#13022 = DIRECTION('',(0.,0.,1.));
#13023 = ORIENTED_EDGE('',*,*,#12163,.F.);
#13024 = ORIENTED_EDGE('',*,*,#13018,.F.);
#13025 = CYLINDRICAL_SURFACE('',#13026,0.4);
#13026 = AXIS2_PLACEMENT_3D('',#13027,#13028,#13029);
#13027 = CARTESIAN_POINT('',(107.,-47.,-4.6E-02));
#13028 = DIRECTION('',(-0.,-0.,-1.));
#13029 = DIRECTION('',(-0.,-1.,0.));
#13030 = ADVANCED_FACE('',(#13031),#13042,.F.);
#13031 = FACE_BOUND('',#13032,.T.);
#13032 = EDGE_LOOP('',(#13033,#13034,#13040,#13041));
#13033 = ORIENTED_EDGE('',*,*,#11420,.T.);
#13034 = ORIENTED_EDGE('',*,*,#13035,.T.);
#13035 = EDGE_CURVE('',#11421,#12175,#13036,.T.);
#13036 = LINE('',#13037,#13038);
#13037 = CARTESIAN_POINT('',(113.19,-47.67,-4.6E-02));
#13038 = VECTOR('',#13039,1.);
#13039 = DIRECTION('',(0.,0.,1.));
#13040 = ORIENTED_EDGE('',*,*,#12174,.F.);
#13041 = ORIENTED_EDGE('',*,*,#13035,.F.);
#13042 = CYLINDRICAL_SURFACE('',#13043,0.4);
#13043 = AXIS2_PLACEMENT_3D('',#13044,#13045,#13046);
#13044 = CARTESIAN_POINT('',(113.19,-47.27,-4.6E-02));
#13045 = DIRECTION('',(-0.,-0.,-1.));
#13046 = DIRECTION('',(-0.,-1.,0.));
#13047 = ADVANCED_FACE('',(#13048),#13059,.F.);
#13048 = FACE_BOUND('',#13049,.T.);
#13049 = EDGE_LOOP('',(#13050,#13051,#13057,#13058));
#13050 = ORIENTED_EDGE('',*,*,#11431,.T.);
#13051 = ORIENTED_EDGE('',*,*,#13052,.T.);
#13052 = EDGE_CURVE('',#11432,#12186,#13053,.T.);
#13053 = LINE('',#13054,#13055);
#13054 = CARTESIAN_POINT('',(120.81,-47.67,-4.6E-02));
#13055 = VECTOR('',#13056,1.);
#13056 = DIRECTION('',(0.,0.,1.));
#13057 = ORIENTED_EDGE('',*,*,#12185,.F.);
#13058 = ORIENTED_EDGE('',*,*,#13052,.F.);
#13059 = CYLINDRICAL_SURFACE('',#13060,0.4);
#13060 = AXIS2_PLACEMENT_3D('',#13061,#13062,#13063);
#13061 = CARTESIAN_POINT('',(120.81,-47.27,-4.6E-02));
#13062 = DIRECTION('',(-0.,-0.,-1.));
#13063 = DIRECTION('',(-0.,-1.,0.));
#13064 = ADVANCED_FACE('',(#13065),#13076,.F.);
#13065 = FACE_BOUND('',#13066,.T.);
#13066 = EDGE_LOOP('',(#13067,#13068,#13074,#13075));
#13067 = ORIENTED_EDGE('',*,*,#11442,.T.);
#13068 = ORIENTED_EDGE('',*,*,#13069,.T.);
#13069 = EDGE_CURVE('',#11443,#12197,#13070,.T.);
#13070 = LINE('',#13071,#13072);
#13071 = CARTESIAN_POINT('',(113.19,-45.13,-4.6E-02));
#13072 = VECTOR('',#13073,1.);
#13073 = DIRECTION('',(0.,0.,1.));
#13074 = ORIENTED_EDGE('',*,*,#12196,.F.);
#13075 = ORIENTED_EDGE('',*,*,#13069,.F.);
#13076 = CYLINDRICAL_SURFACE('',#13077,0.4);
#13077 = AXIS2_PLACEMENT_3D('',#13078,#13079,#13080);
#13078 = CARTESIAN_POINT('',(113.19,-44.73,-4.6E-02));
#13079 = DIRECTION('',(-0.,-0.,-1.));
#13080 = DIRECTION('',(-0.,-1.,0.));
#13081 = ADVANCED_FACE('',(#13082),#13093,.F.);
#13082 = FACE_BOUND('',#13083,.T.);
#13083 = EDGE_LOOP('',(#13084,#13085,#13091,#13092));
#13084 = ORIENTED_EDGE('',*,*,#11453,.T.);
#13085 = ORIENTED_EDGE('',*,*,#13086,.T.);
#13086 = EDGE_CURVE('',#11454,#12208,#13087,.T.);
#13087 = LINE('',#13088,#13089);
#13088 = CARTESIAN_POINT('',(120.81,-45.13,-4.6E-02));
#13089 = VECTOR('',#13090,1.);
#13090 = DIRECTION('',(0.,0.,1.));
#13091 = ORIENTED_EDGE('',*,*,#12207,.F.);
#13092 = ORIENTED_EDGE('',*,*,#13086,.F.);
#13093 = CYLINDRICAL_SURFACE('',#13094,0.4);
#13094 = AXIS2_PLACEMENT_3D('',#13095,#13096,#13097);
#13095 = CARTESIAN_POINT('',(120.81,-44.73,-4.6E-02));
#13096 = DIRECTION('',(-0.,-0.,-1.));
#13097 = DIRECTION('',(-0.,-1.,0.));
#13098 = ADVANCED_FACE('',(#13099),#13110,.F.);
#13099 = FACE_BOUND('',#13100,.T.);
#13100 = EDGE_LOOP('',(#13101,#13102,#13108,#13109));
#13101 = ORIENTED_EDGE('',*,*,#11464,.T.);
#13102 = ORIENTED_EDGE('',*,*,#13103,.T.);
#13103 = EDGE_CURVE('',#11465,#12219,#13104,.T.);
#13104 = LINE('',#13105,#13106);
#13105 = CARTESIAN_POINT('',(159.,-60.35,-4.6E-02));
#13106 = VECTOR('',#13107,1.);
#13107 = DIRECTION('',(0.,0.,1.));
#13108 = ORIENTED_EDGE('',*,*,#12218,.F.);
#13109 = ORIENTED_EDGE('',*,*,#13103,.F.);
#13110 = CYLINDRICAL_SURFACE('',#13111,1.35);
#13111 = AXIS2_PLACEMENT_3D('',#13112,#13113,#13114);
#13112 = CARTESIAN_POINT('',(159.,-59.,-4.6E-02));
#13113 = DIRECTION('',(-0.,-0.,-1.));
#13114 = DIRECTION('',(-0.,-1.,0.));
#13115 = ADVANCED_FACE('',(#13116),#13127,.F.);
#13116 = FACE_BOUND('',#13117,.T.);
#13117 = EDGE_LOOP('',(#13118,#13119,#13125,#13126));
#13118 = ORIENTED_EDGE('',*,*,#11475,.T.);
#13119 = ORIENTED_EDGE('',*,*,#13120,.T.);
#13120 = EDGE_CURVE('',#11476,#12230,#13121,.T.);
#13121 = LINE('',#13122,#13123);
#13122 = CARTESIAN_POINT('',(125.5,-51.4,-4.6E-02));
#13123 = VECTOR('',#13124,1.);
#13124 = DIRECTION('',(0.,0.,1.));
#13125 = ORIENTED_EDGE('',*,*,#12229,.F.);
#13126 = ORIENTED_EDGE('',*,*,#13120,.F.);
#13127 = CYLINDRICAL_SURFACE('',#13128,0.4);
#13128 = AXIS2_PLACEMENT_3D('',#13129,#13130,#13131);
#13129 = CARTESIAN_POINT('',(125.5,-51.,-4.6E-02));
#13130 = DIRECTION('',(-0.,-0.,-1.));
#13131 = DIRECTION('',(-0.,-1.,0.));
#13132 = ADVANCED_FACE('',(#13133),#13144,.F.);
#13133 = FACE_BOUND('',#13134,.T.);
#13134 = EDGE_LOOP('',(#13135,#13136,#13142,#13143));
#13135 = ORIENTED_EDGE('',*,*,#11486,.T.);
#13136 = ORIENTED_EDGE('',*,*,#13137,.T.);
#13137 = EDGE_CURVE('',#11487,#12241,#13138,.T.);
#13138 = LINE('',#13139,#13140);
#13139 = CARTESIAN_POINT('',(128.,-51.4,-4.6E-02));
#13140 = VECTOR('',#13141,1.);
#13141 = DIRECTION('',(0.,0.,1.));
#13142 = ORIENTED_EDGE('',*,*,#12240,.F.);
#13143 = ORIENTED_EDGE('',*,*,#13137,.F.);
#13144 = CYLINDRICAL_SURFACE('',#13145,0.4);
#13145 = AXIS2_PLACEMENT_3D('',#13146,#13147,#13148);
#13146 = CARTESIAN_POINT('',(128.,-51.,-4.6E-02));
#13147 = DIRECTION('',(-0.,-0.,-1.));
#13148 = DIRECTION('',(-0.,-1.,0.));
#13149 = ADVANCED_FACE('',(#13150),#13166,.F.);
#13150 = FACE_BOUND('',#13151,.T.);
#13151 = EDGE_LOOP('',(#13152,#13153,#13159,#13160));
#13152 = ORIENTED_EDGE('',*,*,#11497,.T.);
#13153 = ORIENTED_EDGE('',*,*,#13154,.T.);
#13154 = EDGE_CURVE('',#11500,#12254,#13155,.T.);
#13155 = LINE('',#13156,#13157);
#13156 = CARTESIAN_POINT('',(156.7,-51.100001,-4.6E-02));
#13157 = VECTOR('',#13158,1.);
#13158 = DIRECTION('',(0.,0.,1.));
#13159 = ORIENTED_EDGE('',*,*,#12251,.F.);
#13160 = ORIENTED_EDGE('',*,*,#13161,.F.);
#13161 = EDGE_CURVE('',#11498,#12252,#13162,.T.);
#13162 = LINE('',#13163,#13164);
#13163 = CARTESIAN_POINT('',(156.7,-51.699999,-4.6E-02));
#13164 = VECTOR('',#13165,1.);
#13165 = DIRECTION('',(0.,0.,1.));
#13166 = CYLINDRICAL_SURFACE('',#13167,0.299999);
#13167 = AXIS2_PLACEMENT_3D('',#13168,#13169,#13170);
#13168 = CARTESIAN_POINT('',(156.7,-51.4,-4.6E-02));
#13169 = DIRECTION('',(-0.,-0.,-1.));
#13170 = DIRECTION('',(-9.47393472325E-14,1.,0.));
#13171 = ADVANCED_FACE('',(#13172),#13183,.T.);
#13172 = FACE_BOUND('',#13173,.T.);
#13173 = EDGE_LOOP('',(#13174,#13175,#13176,#13177));
#13174 = ORIENTED_EDGE('',*,*,#11525,.T.);
#13175 = ORIENTED_EDGE('',*,*,#13161,.T.);
#13176 = ORIENTED_EDGE('',*,*,#12279,.F.);
#13177 = ORIENTED_EDGE('',*,*,#13178,.F.);
#13178 = EDGE_CURVE('',#11517,#12271,#13179,.T.);
#13179 = LINE('',#13180,#13181);
#13180 = CARTESIAN_POINT('',(157.3,-51.699999,-4.6E-02));
#13181 = VECTOR('',#13182,1.);
#13182 = DIRECTION('',(0.,0.,1.));
#13183 = PLANE('',#13184);
#13184 = AXIS2_PLACEMENT_3D('',#13185,#13186,#13187);
#13185 = CARTESIAN_POINT('',(156.7,-51.699999,-4.6E-02));
#13186 = DIRECTION('',(0.,1.,0.));
#13187 = DIRECTION('',(1.,0.,0.));
#13188 = ADVANCED_FACE('',(#13189),#13200,.F.);
#13189 = FACE_BOUND('',#13190,.T.);
#13190 = EDGE_LOOP('',(#13191,#13192,#13193,#13194));
#13191 = ORIENTED_EDGE('',*,*,#11516,.T.);
#13192 = ORIENTED_EDGE('',*,*,#13178,.T.);
#13193 = ORIENTED_EDGE('',*,*,#12270,.F.);
#13194 = ORIENTED_EDGE('',*,*,#13195,.F.);
#13195 = EDGE_CURVE('',#11509,#12263,#13196,.T.);
#13196 = LINE('',#13197,#13198);
#13197 = CARTESIAN_POINT('',(157.3,-51.100001,-4.6E-02));
#13198 = VECTOR('',#13199,1.);
#13199 = DIRECTION('',(0.,0.,1.));
#13200 = CYLINDRICAL_SURFACE('',#13201,0.299999);
#13201 = AXIS2_PLACEMENT_3D('',#13202,#13203,#13204);
#13202 = CARTESIAN_POINT('',(157.3,-51.4,-4.6E-02));
#13203 = DIRECTION('',(-0.,0.,-1.));
#13204 = DIRECTION('',(9.47393472325E-14,-1.,-0.));
#13205 = ADVANCED_FACE('',(#13206),#13212,.T.);
#13206 = FACE_BOUND('',#13207,.T.);
#13207 = EDGE_LOOP('',(#13208,#13209,#13210,#13211));
#13208 = ORIENTED_EDGE('',*,*,#11508,.T.);
#13209 = ORIENTED_EDGE('',*,*,#13195,.T.);
#13210 = ORIENTED_EDGE('',*,*,#12262,.F.);
#13211 = ORIENTED_EDGE('',*,*,#13154,.F.);
#13212 = PLANE('',#13213);
#13213 = AXIS2_PLACEMENT_3D('',#13214,#13215,#13216);
#13214 = CARTESIAN_POINT('',(157.3,-51.100001,-4.6E-02));
#13215 = DIRECTION('',(0.,-1.,0.));
#13216 = DIRECTION('',(-1.,0.,0.));
#13217 = ADVANCED_FACE('',(#13218),#13229,.F.);
#13218 = FACE_BOUND('',#13219,.T.);
#13219 = EDGE_LOOP('',(#13220,#13221,#13227,#13228));
#13220 = ORIENTED_EDGE('',*,*,#11533,.T.);
#13221 = ORIENTED_EDGE('',*,*,#13222,.T.);
#13222 = EDGE_CURVE('',#11534,#12288,#13223,.T.);
#13223 = LINE('',#13224,#13225);
#13224 = CARTESIAN_POINT('',(153.,-49.6,-4.6E-02));
#13225 = VECTOR('',#13226,1.);
#13226 = DIRECTION('',(0.,0.,1.));
#13227 = ORIENTED_EDGE('',*,*,#12287,.F.);
#13228 = ORIENTED_EDGE('',*,*,#13222,.F.);
#13229 = CYLINDRICAL_SURFACE('',#13230,0.6);
#13230 = AXIS2_PLACEMENT_3D('',#13231,#13232,#13233);
#13231 = CARTESIAN_POINT('',(153.,-49.,-4.6E-02));
#13232 = DIRECTION('',(-0.,-0.,-1.));
#13233 = DIRECTION('',(-0.,-1.,0.));
#13234 = ADVANCED_FACE('',(#13235),#13246,.F.);
#13235 = FACE_BOUND('',#13236,.T.);
#13236 = EDGE_LOOP('',(#13237,#13238,#13244,#13245));
#13237 = ORIENTED_EDGE('',*,*,#11544,.T.);
#13238 = ORIENTED_EDGE('',*,*,#13239,.T.);
#13239 = EDGE_CURVE('',#11545,#12299,#13240,.T.);
#13240 = LINE('',#13241,#13242);
#13241 = CARTESIAN_POINT('',(159.,-49.6,-4.6E-02));
#13242 = VECTOR('',#13243,1.);
#13243 = DIRECTION('',(0.,0.,1.));
#13244 = ORIENTED_EDGE('',*,*,#12298,.F.);
#13245 = ORIENTED_EDGE('',*,*,#13239,.F.);
#13246 = CYLINDRICAL_SURFACE('',#13247,0.6);
#13247 = AXIS2_PLACEMENT_3D('',#13248,#13249,#13250);
#13248 = CARTESIAN_POINT('',(159.,-49.,-4.6E-02));
#13249 = DIRECTION('',(-0.,-0.,-1.));
#13250 = DIRECTION('',(-0.,-1.,0.));
#13251 = ADVANCED_FACE('',(#13252),#13268,.F.);
#13252 = FACE_BOUND('',#13253,.T.);
#13253 = EDGE_LOOP('',(#13254,#13255,#13261,#13262));
#13254 = ORIENTED_EDGE('',*,*,#11555,.T.);
#13255 = ORIENTED_EDGE('',*,*,#13256,.T.);
#13256 = EDGE_CURVE('',#11558,#12312,#13257,.T.);
#13257 = LINE('',#13258,#13259);
#13258 = CARTESIAN_POINT('',(151.7,-46.300001,-4.6E-02));
#13259 = VECTOR('',#13260,1.);
#13260 = DIRECTION('',(0.,0.,1.));
#13261 = ORIENTED_EDGE('',*,*,#12309,.F.);
#13262 = ORIENTED_EDGE('',*,*,#13263,.F.);
#13263 = EDGE_CURVE('',#11556,#12310,#13264,.T.);
#13264 = LINE('',#13265,#13266);
#13265 = CARTESIAN_POINT('',(151.7,-46.899999,-4.6E-02));
#13266 = VECTOR('',#13267,1.);
#13267 = DIRECTION('',(0.,0.,1.));
#13268 = CYLINDRICAL_SURFACE('',#13269,0.299999);
#13269 = AXIS2_PLACEMENT_3D('',#13270,#13271,#13272);
#13270 = CARTESIAN_POINT('',(151.7,-46.6,-4.6E-02));
#13271 = DIRECTION('',(-0.,-0.,-1.));
#13272 = DIRECTION('',(-9.47393472325E-14,1.,0.));
#13273 = ADVANCED_FACE('',(#13274),#13285,.T.);
#13274 = FACE_BOUND('',#13275,.T.);
#13275 = EDGE_LOOP('',(#13276,#13277,#13278,#13279));
#13276 = ORIENTED_EDGE('',*,*,#11583,.T.);
#13277 = ORIENTED_EDGE('',*,*,#13263,.T.);
#13278 = ORIENTED_EDGE('',*,*,#12337,.F.);
#13279 = ORIENTED_EDGE('',*,*,#13280,.F.);
#13280 = EDGE_CURVE('',#11575,#12329,#13281,.T.);
#13281 = LINE('',#13282,#13283);
#13282 = CARTESIAN_POINT('',(152.3,-46.899999,-4.6E-02));
#13283 = VECTOR('',#13284,1.);
#13284 = DIRECTION('',(0.,0.,1.));
#13285 = PLANE('',#13286);
#13286 = AXIS2_PLACEMENT_3D('',#13287,#13288,#13289);
#13287 = CARTESIAN_POINT('',(151.7,-46.899999,-4.6E-02));
#13288 = DIRECTION('',(0.,1.,0.));
#13289 = DIRECTION('',(1.,0.,0.));
#13290 = ADVANCED_FACE('',(#13291),#13302,.F.);
#13291 = FACE_BOUND('',#13292,.T.);
#13292 = EDGE_LOOP('',(#13293,#13294,#13295,#13296));
#13293 = ORIENTED_EDGE('',*,*,#11574,.T.);
#13294 = ORIENTED_EDGE('',*,*,#13280,.T.);
#13295 = ORIENTED_EDGE('',*,*,#12328,.F.);
#13296 = ORIENTED_EDGE('',*,*,#13297,.F.);
#13297 = EDGE_CURVE('',#11567,#12321,#13298,.T.);
#13298 = LINE('',#13299,#13300);
#13299 = CARTESIAN_POINT('',(152.3,-46.300001,-4.6E-02));
#13300 = VECTOR('',#13301,1.);
#13301 = DIRECTION('',(0.,0.,1.));
#13302 = CYLINDRICAL_SURFACE('',#13303,0.299999);
#13303 = AXIS2_PLACEMENT_3D('',#13304,#13305,#13306);
#13304 = CARTESIAN_POINT('',(152.3,-46.6,-4.6E-02));
#13305 = DIRECTION('',(-0.,0.,-1.));
#13306 = DIRECTION('',(9.47393472325E-14,-1.,-0.));
#13307 = ADVANCED_FACE('',(#13308),#13314,.T.);
#13308 = FACE_BOUND('',#13309,.T.);
#13309 = EDGE_LOOP('',(#13310,#13311,#13312,#13313));
#13310 = ORIENTED_EDGE('',*,*,#11566,.T.);
#13311 = ORIENTED_EDGE('',*,*,#13297,.T.);
#13312 = ORIENTED_EDGE('',*,*,#12320,.F.);
#13313 = ORIENTED_EDGE('',*,*,#13256,.F.);
#13314 = PLANE('',#13315);
#13315 = AXIS2_PLACEMENT_3D('',#13316,#13317,#13318);
#13316 = CARTESIAN_POINT('',(152.3,-46.300001,-4.6E-02));
#13317 = DIRECTION('',(0.,-1.,0.));
#13318 = DIRECTION('',(-1.,0.,0.));
#13319 = ADVANCED_FACE('',(#13320),#13336,.F.);
#13320 = FACE_BOUND('',#13321,.T.);
#13321 = EDGE_LOOP('',(#13322,#13323,#13329,#13330));
#13322 = ORIENTED_EDGE('',*,*,#11591,.T.);
#13323 = ORIENTED_EDGE('',*,*,#13324,.T.);
#13324 = EDGE_CURVE('',#11594,#12348,#13325,.T.);
#13325 = LINE('',#13326,#13327);
#13326 = CARTESIAN_POINT('',(158.7,-46.300001,-4.6E-02));
#13327 = VECTOR('',#13328,1.);
#13328 = DIRECTION('',(0.,0.,1.));
#13329 = ORIENTED_EDGE('',*,*,#12345,.F.);
#13330 = ORIENTED_EDGE('',*,*,#13331,.F.);
#13331 = EDGE_CURVE('',#11592,#12346,#13332,.T.);
#13332 = LINE('',#13333,#13334);
#13333 = CARTESIAN_POINT('',(158.7,-46.899999,-4.6E-02));
#13334 = VECTOR('',#13335,1.);
#13335 = DIRECTION('',(0.,0.,1.));
#13336 = CYLINDRICAL_SURFACE('',#13337,0.299999);
#13337 = AXIS2_PLACEMENT_3D('',#13338,#13339,#13340);
#13338 = CARTESIAN_POINT('',(158.7,-46.6,-4.6E-02));
#13339 = DIRECTION('',(-0.,-0.,-1.));
#13340 = DIRECTION('',(-9.47393472325E-14,1.,0.));
#13341 = ADVANCED_FACE('',(#13342),#13353,.T.);
#13342 = FACE_BOUND('',#13343,.T.);
#13343 = EDGE_LOOP('',(#13344,#13345,#13346,#13347));
#13344 = ORIENTED_EDGE('',*,*,#11619,.T.);
#13345 = ORIENTED_EDGE('',*,*,#13331,.T.);
#13346 = ORIENTED_EDGE('',*,*,#12373,.F.);
#13347 = ORIENTED_EDGE('',*,*,#13348,.F.);
#13348 = EDGE_CURVE('',#11611,#12365,#13349,.T.);
#13349 = LINE('',#13350,#13351);
#13350 = CARTESIAN_POINT('',(159.3,-46.899999,-4.6E-02));
#13351 = VECTOR('',#13352,1.);
#13352 = DIRECTION('',(0.,0.,1.));
#13353 = PLANE('',#13354);
#13354 = AXIS2_PLACEMENT_3D('',#13355,#13356,#13357);
#13355 = CARTESIAN_POINT('',(158.7,-46.899999,-4.6E-02));
#13356 = DIRECTION('',(0.,1.,0.));
#13357 = DIRECTION('',(1.,0.,0.));
#13358 = ADVANCED_FACE('',(#13359),#13370,.F.);
#13359 = FACE_BOUND('',#13360,.T.);
#13360 = EDGE_LOOP('',(#13361,#13362,#13363,#13364));
#13361 = ORIENTED_EDGE('',*,*,#11610,.T.);
#13362 = ORIENTED_EDGE('',*,*,#13348,.T.);
#13363 = ORIENTED_EDGE('',*,*,#12364,.F.);
#13364 = ORIENTED_EDGE('',*,*,#13365,.F.);
#13365 = EDGE_CURVE('',#11603,#12357,#13366,.T.);
#13366 = LINE('',#13367,#13368);
#13367 = CARTESIAN_POINT('',(159.3,-46.300001,-4.6E-02));
#13368 = VECTOR('',#13369,1.);
#13369 = DIRECTION('',(0.,0.,1.));
#13370 = CYLINDRICAL_SURFACE('',#13371,0.299999);
#13371 = AXIS2_PLACEMENT_3D('',#13372,#13373,#13374);
#13372 = CARTESIAN_POINT('',(159.3,-46.6,-4.6E-02));
#13373 = DIRECTION('',(-0.,0.,-1.));
#13374 = DIRECTION('',(9.47393472325E-14,-1.,-0.));
#13375 = ADVANCED_FACE('',(#13376),#13382,.T.);
#13376 = FACE_BOUND('',#13377,.T.);
#13377 = EDGE_LOOP('',(#13378,#13379,#13380,#13381));
#13378 = ORIENTED_EDGE('',*,*,#11602,.T.);
#13379 = ORIENTED_EDGE('',*,*,#13365,.T.);
#13380 = ORIENTED_EDGE('',*,*,#12356,.F.);
#13381 = ORIENTED_EDGE('',*,*,#13324,.F.);
#13382 = PLANE('',#13383);
#13383 = AXIS2_PLACEMENT_3D('',#13384,#13385,#13386);
#13384 = CARTESIAN_POINT('',(159.3,-46.300001,-4.6E-02));
#13385 = DIRECTION('',(0.,-1.,0.));
#13386 = DIRECTION('',(-1.,0.,0.));
#13387 = ADVANCED_FACE('',(#13388),#13399,.F.);
#13388 = FACE_BOUND('',#13389,.T.);
#13389 = EDGE_LOOP('',(#13390,#13391,#13397,#13398));
#13390 = ORIENTED_EDGE('',*,*,#11627,.T.);
#13391 = ORIENTED_EDGE('',*,*,#13392,.T.);
#13392 = EDGE_CURVE('',#11628,#12382,#13393,.T.);
#13393 = LINE('',#13394,#13395);
#13394 = CARTESIAN_POINT('',(82.38,-37.8245,-4.6E-02));
#13395 = VECTOR('',#13396,1.);
#13396 = DIRECTION('',(0.,0.,1.));
#13397 = ORIENTED_EDGE('',*,*,#12381,.F.);
#13398 = ORIENTED_EDGE('',*,*,#13392,.F.);
#13399 = CYLINDRICAL_SURFACE('',#13400,0.4445);
#13400 = AXIS2_PLACEMENT_3D('',#13401,#13402,#13403);
#13401 = CARTESIAN_POINT('',(82.38,-37.38,-4.6E-02));
#13402 = DIRECTION('',(-0.,-0.,-1.));
#13403 = DIRECTION('',(-0.,-1.,0.));
#13404 = ADVANCED_FACE('',(#13405),#13416,.F.);
#13405 = FACE_BOUND('',#13406,.T.);
#13406 = EDGE_LOOP('',(#13407,#13408,#13414,#13415));
#13407 = ORIENTED_EDGE('',*,*,#11638,.T.);
#13408 = ORIENTED_EDGE('',*,*,#13409,.T.);
#13409 = EDGE_CURVE('',#11639,#12393,#13410,.T.);
#13410 = LINE('',#13411,#13412);
#13411 = CARTESIAN_POINT('',(84.92,-37.8245,-4.6E-02));
#13412 = VECTOR('',#13413,1.);
#13413 = DIRECTION('',(0.,0.,1.));
#13414 = ORIENTED_EDGE('',*,*,#12392,.F.);
#13415 = ORIENTED_EDGE('',*,*,#13409,.F.);
#13416 = CYLINDRICAL_SURFACE('',#13417,0.4445);
#13417 = AXIS2_PLACEMENT_3D('',#13418,#13419,#13420);
#13418 = CARTESIAN_POINT('',(84.92,-37.38,-4.6E-02));
#13419 = DIRECTION('',(-0.,-0.,-1.));
#13420 = DIRECTION('',(-0.,-1.,0.));
#13421 = ADVANCED_FACE('',(#13422),#13433,.F.);
#13422 = FACE_BOUND('',#13423,.T.);
#13423 = EDGE_LOOP('',(#13424,#13425,#13431,#13432));
#13424 = ORIENTED_EDGE('',*,*,#11649,.T.);
#13425 = ORIENTED_EDGE('',*,*,#13426,.T.);
#13426 = EDGE_CURVE('',#11650,#12404,#13427,.T.);
#13427 = LINE('',#13428,#13429);
#13428 = CARTESIAN_POINT('',(87.46,-37.8245,-4.6E-02));
#13429 = VECTOR('',#13430,1.);
#13430 = DIRECTION('',(0.,0.,1.));
#13431 = ORIENTED_EDGE('',*,*,#12403,.F.);
#13432 = ORIENTED_EDGE('',*,*,#13426,.F.);
#13433 = CYLINDRICAL_SURFACE('',#13434,0.4445);
#13434 = AXIS2_PLACEMENT_3D('',#13435,#13436,#13437);
#13435 = CARTESIAN_POINT('',(87.46,-37.38,-4.6E-02));
#13436 = DIRECTION('',(-0.,-0.,-1.));
#13437 = DIRECTION('',(-3.197042680585E-14,-1.,0.));
#13438 = ADVANCED_FACE('',(#13439),#13450,.F.);
#13439 = FACE_BOUND('',#13440,.T.);
#13440 = EDGE_LOOP('',(#13441,#13442,#13448,#13449));
#13441 = ORIENTED_EDGE('',*,*,#11660,.T.);
#13442 = ORIENTED_EDGE('',*,*,#13443,.T.);
#13443 = EDGE_CURVE('',#11661,#12415,#13444,.T.);
#13444 = LINE('',#13445,#13446);
#13445 = CARTESIAN_POINT('',(90.,-37.8245,-4.6E-02));
#13446 = VECTOR('',#13447,1.);
#13447 = DIRECTION('',(0.,0.,1.));
#13448 = ORIENTED_EDGE('',*,*,#12414,.F.);
#13449 = ORIENTED_EDGE('',*,*,#13443,.F.);
#13450 = CYLINDRICAL_SURFACE('',#13451,0.4445);
#13451 = AXIS2_PLACEMENT_3D('',#13452,#13453,#13454);
#13452 = CARTESIAN_POINT('',(90.,-37.38,-4.6E-02));
#13453 = DIRECTION('',(-0.,-0.,-1.));
#13454 = DIRECTION('',(-0.,-1.,0.));
#13455 = ADVANCED_FACE('',(#13456),#13467,.F.);
#13456 = FACE_BOUND('',#13457,.T.);
#13457 = EDGE_LOOP('',(#13458,#13459,#13465,#13466));
#13458 = ORIENTED_EDGE('',*,*,#11671,.T.);
#13459 = ORIENTED_EDGE('',*,*,#13460,.T.);
#13460 = EDGE_CURVE('',#11672,#12426,#13461,.T.);
#13461 = LINE('',#13462,#13463);
#13462 = CARTESIAN_POINT('',(92.54,-37.8245,-4.6E-02));
#13463 = VECTOR('',#13464,1.);
#13464 = DIRECTION('',(0.,0.,1.));
#13465 = ORIENTED_EDGE('',*,*,#12425,.F.);
#13466 = ORIENTED_EDGE('',*,*,#13460,.F.);
#13467 = CYLINDRICAL_SURFACE('',#13468,0.4445);
#13468 = AXIS2_PLACEMENT_3D('',#13469,#13470,#13471);
#13469 = CARTESIAN_POINT('',(92.54,-37.38,-4.6E-02));
#13470 = DIRECTION('',(-0.,0.,-1.));
#13471 = DIRECTION('',(3.197042680585E-14,-1.,-0.));
#13472 = ADVANCED_FACE('',(#13473),#13484,.F.);
#13473 = FACE_BOUND('',#13474,.T.);
#13474 = EDGE_LOOP('',(#13475,#13476,#13482,#13483));
#13475 = ORIENTED_EDGE('',*,*,#11682,.T.);
#13476 = ORIENTED_EDGE('',*,*,#13477,.T.);
#13477 = EDGE_CURVE('',#11683,#12437,#13478,.T.);
#13478 = LINE('',#13479,#13480);
#13479 = CARTESIAN_POINT('',(95.08,-37.8245,-4.6E-02));
#13480 = VECTOR('',#13481,1.);
#13481 = DIRECTION('',(0.,0.,1.));
#13482 = ORIENTED_EDGE('',*,*,#12436,.F.);
#13483 = ORIENTED_EDGE('',*,*,#13477,.F.);
#13484 = CYLINDRICAL_SURFACE('',#13485,0.4445);
#13485 = AXIS2_PLACEMENT_3D('',#13486,#13487,#13488);
#13486 = CARTESIAN_POINT('',(95.08,-37.38,-4.6E-02));
#13487 = DIRECTION('',(-0.,-0.,-1.));
#13488 = DIRECTION('',(-0.,-1.,0.));
#13489 = ADVANCED_FACE('',(#13490),#13501,.F.);
#13490 = FACE_BOUND('',#13491,.T.);
#13491 = EDGE_LOOP('',(#13492,#13493,#13499,#13500));
#13492 = ORIENTED_EDGE('',*,*,#11693,.T.);
#13493 = ORIENTED_EDGE('',*,*,#13494,.T.);
#13494 = EDGE_CURVE('',#11694,#12448,#13495,.T.);
#13495 = LINE('',#13496,#13497);
#13496 = CARTESIAN_POINT('',(97.62,-37.8245,-4.6E-02));
#13497 = VECTOR('',#13498,1.);
#13498 = DIRECTION('',(0.,0.,1.));
#13499 = ORIENTED_EDGE('',*,*,#12447,.F.);
#13500 = ORIENTED_EDGE('',*,*,#13494,.F.);
#13501 = CYLINDRICAL_SURFACE('',#13502,0.4445);
#13502 = AXIS2_PLACEMENT_3D('',#13503,#13504,#13505);
#13503 = CARTESIAN_POINT('',(97.62,-37.38,-4.6E-02));
#13504 = DIRECTION('',(-0.,-0.,-1.));
#13505 = DIRECTION('',(-0.,-1.,0.));
#13506 = ADVANCED_FACE('',(#13507),#13518,.F.);
#13507 = FACE_BOUND('',#13508,.T.);
#13508 = EDGE_LOOP('',(#13509,#13510,#13516,#13517));
#13509 = ORIENTED_EDGE('',*,*,#11704,.T.);
#13510 = ORIENTED_EDGE('',*,*,#13511,.T.);
#13511 = EDGE_CURVE('',#11705,#12459,#13512,.T.);
#13512 = LINE('',#13513,#13514);
#13513 = CARTESIAN_POINT('',(113.19,-42.59,-4.6E-02));
#13514 = VECTOR('',#13515,1.);
#13515 = DIRECTION('',(0.,0.,1.));
#13516 = ORIENTED_EDGE('',*,*,#12458,.F.);
#13517 = ORIENTED_EDGE('',*,*,#13511,.F.);
#13518 = CYLINDRICAL_SURFACE('',#13519,0.4);
#13519 = AXIS2_PLACEMENT_3D('',#13520,#13521,#13522);
#13520 = CARTESIAN_POINT('',(113.19,-42.19,-4.6E-02));
#13521 = DIRECTION('',(-0.,-0.,-1.));
#13522 = DIRECTION('',(-0.,-1.,0.));
#13523 = ADVANCED_FACE('',(#13524),#13535,.F.);
#13524 = FACE_BOUND('',#13525,.T.);
#13525 = EDGE_LOOP('',(#13526,#13527,#13533,#13534));
#13526 = ORIENTED_EDGE('',*,*,#11715,.T.);
#13527 = ORIENTED_EDGE('',*,*,#13528,.T.);
#13528 = EDGE_CURVE('',#11716,#12470,#13529,.T.);
#13529 = LINE('',#13530,#13531);
#13530 = CARTESIAN_POINT('',(120.81,-42.59,-4.6E-02));
#13531 = VECTOR('',#13532,1.);
#13532 = DIRECTION('',(0.,0.,1.));
#13533 = ORIENTED_EDGE('',*,*,#12469,.F.);
#13534 = ORIENTED_EDGE('',*,*,#13528,.F.);
#13535 = CYLINDRICAL_SURFACE('',#13536,0.4);
#13536 = AXIS2_PLACEMENT_3D('',#13537,#13538,#13539);
#13537 = CARTESIAN_POINT('',(120.81,-42.19,-4.6E-02));
#13538 = DIRECTION('',(-0.,-0.,-1.));
#13539 = DIRECTION('',(-0.,-1.,0.));
#13540 = ADVANCED_FACE('',(#13541),#13552,.F.);
#13541 = FACE_BOUND('',#13542,.T.);
#13542 = EDGE_LOOP('',(#13543,#13544,#13550,#13551));
#13543 = ORIENTED_EDGE('',*,*,#11726,.T.);
#13544 = ORIENTED_EDGE('',*,*,#13545,.T.);
#13545 = EDGE_CURVE('',#11727,#12481,#13546,.T.);
#13546 = LINE('',#13547,#13548);
#13547 = CARTESIAN_POINT('',(105.5,-37.4,-4.6E-02));
#13548 = VECTOR('',#13549,1.);
#13549 = DIRECTION('',(0.,0.,1.));
#13550 = ORIENTED_EDGE('',*,*,#12480,.F.);
#13551 = ORIENTED_EDGE('',*,*,#13545,.F.);
#13552 = CYLINDRICAL_SURFACE('',#13553,0.4);
#13553 = AXIS2_PLACEMENT_3D('',#13554,#13555,#13556);
#13554 = CARTESIAN_POINT('',(105.5,-37.,-4.6E-02));
#13555 = DIRECTION('',(-0.,-0.,-1.));
#13556 = DIRECTION('',(-0.,-1.,0.));
#13557 = ADVANCED_FACE('',(#13558),#13569,.F.);
#13558 = FACE_BOUND('',#13559,.T.);
#13559 = EDGE_LOOP('',(#13560,#13561,#13567,#13568));
#13560 = ORIENTED_EDGE('',*,*,#11737,.T.);
#13561 = ORIENTED_EDGE('',*,*,#13562,.T.);
#13562 = EDGE_CURVE('',#11738,#12492,#13563,.T.);
#13563 = LINE('',#13564,#13565);
#13564 = CARTESIAN_POINT('',(108.,-37.4,-4.6E-02));
#13565 = VECTOR('',#13566,1.);
#13566 = DIRECTION('',(0.,0.,1.));
#13567 = ORIENTED_EDGE('',*,*,#12491,.F.);
#13568 = ORIENTED_EDGE('',*,*,#13562,.F.);
#13569 = CYLINDRICAL_SURFACE('',#13570,0.4);
#13570 = AXIS2_PLACEMENT_3D('',#13571,#13572,#13573);
#13571 = CARTESIAN_POINT('',(108.,-37.,-4.6E-02));
#13572 = DIRECTION('',(-0.,-0.,-1.));
#13573 = DIRECTION('',(-0.,-1.,0.));
#13574 = ADVANCED_FACE('',(#13575),#13586,.F.);
#13575 = FACE_BOUND('',#13576,.T.);
#13576 = EDGE_LOOP('',(#13577,#13578,#13584,#13585));
#13577 = ORIENTED_EDGE('',*,*,#11748,.T.);
#13578 = ORIENTED_EDGE('',*,*,#13579,.T.);
#13579 = EDGE_CURVE('',#11749,#12503,#13580,.T.);
#13580 = LINE('',#13581,#13582);
#13581 = CARTESIAN_POINT('',(83.,-31.35,-4.6E-02));
#13582 = VECTOR('',#13583,1.);
#13583 = DIRECTION('',(0.,0.,1.));
#13584 = ORIENTED_EDGE('',*,*,#12502,.F.);
#13585 = ORIENTED_EDGE('',*,*,#13579,.F.);
#13586 = CYLINDRICAL_SURFACE('',#13587,1.35);
#13587 = AXIS2_PLACEMENT_3D('',#13588,#13589,#13590);
#13588 = CARTESIAN_POINT('',(83.,-30.,-4.6E-02));
#13589 = DIRECTION('',(-0.,-0.,-1.));
#13590 = DIRECTION('',(-0.,-1.,0.));
#13591 = ADVANCED_FACE('',(#13592),#13603,.F.);
#13592 = FACE_BOUND('',#13593,.T.);
#13593 = EDGE_LOOP('',(#13594,#13595,#13601,#13602));
#13594 = ORIENTED_EDGE('',*,*,#11759,.T.);
#13595 = ORIENTED_EDGE('',*,*,#13596,.T.);
#13596 = EDGE_CURVE('',#11760,#12514,#13597,.T.);
#13597 = LINE('',#13598,#13599);
#13598 = CARTESIAN_POINT('',(92.,-29.5,-4.6E-02));
#13599 = VECTOR('',#13600,1.);
#13600 = DIRECTION('',(0.,0.,1.));
#13601 = ORIENTED_EDGE('',*,*,#12513,.F.);
#13602 = ORIENTED_EDGE('',*,*,#13596,.F.);
#13603 = CYLINDRICAL_SURFACE('',#13604,0.5);
#13604 = AXIS2_PLACEMENT_3D('',#13605,#13606,#13607);
#13605 = CARTESIAN_POINT('',(92.,-29.,-4.6E-02));
#13606 = DIRECTION('',(-0.,-0.,-1.));
#13607 = DIRECTION('',(-0.,-1.,0.));
#13608 = ADVANCED_FACE('',(#13609),#13620,.F.);
#13609 = FACE_BOUND('',#13610,.T.);
#13610 = EDGE_LOOP('',(#13611,#13612,#13618,#13619));
#13611 = ORIENTED_EDGE('',*,*,#11770,.T.);
#13612 = ORIENTED_EDGE('',*,*,#13613,.T.);
#13613 = EDGE_CURVE('',#11771,#12525,#13614,.T.);
#13614 = LINE('',#13615,#13616);
#13615 = CARTESIAN_POINT('',(94.54,-29.5,-4.6E-02));
#13616 = VECTOR('',#13617,1.);
#13617 = DIRECTION('',(0.,0.,1.));
#13618 = ORIENTED_EDGE('',*,*,#12524,.F.);
#13619 = ORIENTED_EDGE('',*,*,#13613,.F.);
#13620 = CYLINDRICAL_SURFACE('',#13621,0.5);
#13621 = AXIS2_PLACEMENT_3D('',#13622,#13623,#13624);
#13622 = CARTESIAN_POINT('',(94.54,-29.,-4.6E-02));
#13623 = DIRECTION('',(-0.,-0.,-1.));
#13624 = DIRECTION('',(-0.,-1.,0.));
#13625 = ADVANCED_FACE('',(#13626),#13637,.F.);
#13626 = FACE_BOUND('',#13627,.T.);
#13627 = EDGE_LOOP('',(#13628,#13629,#13635,#13636));
#13628 = ORIENTED_EDGE('',*,*,#11781,.T.);
#13629 = ORIENTED_EDGE('',*,*,#13630,.T.);
#13630 = EDGE_CURVE('',#11782,#12536,#13631,.T.);
#13631 = LINE('',#13632,#13633);
#13632 = CARTESIAN_POINT('',(101.,-29.5,-4.6E-02));
#13633 = VECTOR('',#13634,1.);
#13634 = DIRECTION('',(0.,0.,1.));
#13635 = ORIENTED_EDGE('',*,*,#12535,.F.);
#13636 = ORIENTED_EDGE('',*,*,#13630,.F.);
#13637 = CYLINDRICAL_SURFACE('',#13638,0.5);
#13638 = AXIS2_PLACEMENT_3D('',#13639,#13640,#13641);
#13639 = CARTESIAN_POINT('',(101.,-29.,-4.6E-02));
#13640 = DIRECTION('',(-0.,-0.,-1.));
#13641 = DIRECTION('',(-0.,-1.,0.));
#13642 = ADVANCED_FACE('',(#13643),#13654,.F.);
#13643 = FACE_BOUND('',#13644,.T.);
#13644 = EDGE_LOOP('',(#13645,#13646,#13652,#13653));
#13645 = ORIENTED_EDGE('',*,*,#11792,.T.);
#13646 = ORIENTED_EDGE('',*,*,#13647,.T.);
#13647 = EDGE_CURVE('',#11793,#12547,#13648,.T.);
#13648 = LINE('',#13649,#13650);
#13649 = CARTESIAN_POINT('',(116.5,-34.4,-4.6E-02));
#13650 = VECTOR('',#13651,1.);
#13651 = DIRECTION('',(0.,0.,1.));
#13652 = ORIENTED_EDGE('',*,*,#12546,.F.);
#13653 = ORIENTED_EDGE('',*,*,#13647,.F.);
#13654 = CYLINDRICAL_SURFACE('',#13655,0.4);
#13655 = AXIS2_PLACEMENT_3D('',#13656,#13657,#13658);
#13656 = CARTESIAN_POINT('',(116.5,-34.,-4.6E-02));
#13657 = DIRECTION('',(-0.,-0.,-1.));
#13658 = DIRECTION('',(-0.,-1.,0.));
#13659 = ADVANCED_FACE('',(#13660),#13671,.F.);
#13660 = FACE_BOUND('',#13661,.T.);
#13661 = EDGE_LOOP('',(#13662,#13663,#13669,#13670));
#13662 = ORIENTED_EDGE('',*,*,#11803,.T.);
#13663 = ORIENTED_EDGE('',*,*,#13664,.T.);
#13664 = EDGE_CURVE('',#11804,#12558,#13665,.T.);
#13665 = LINE('',#13666,#13667);
#13666 = CARTESIAN_POINT('',(119.,-34.4,-4.6E-02));
#13667 = VECTOR('',#13668,1.);
#13668 = DIRECTION('',(0.,0.,1.));
#13669 = ORIENTED_EDGE('',*,*,#12557,.F.);
#13670 = ORIENTED_EDGE('',*,*,#13664,.F.);
#13671 = CYLINDRICAL_SURFACE('',#13672,0.4);
#13672 = AXIS2_PLACEMENT_3D('',#13673,#13674,#13675);
#13673 = CARTESIAN_POINT('',(119.,-34.,-4.6E-02));
#13674 = DIRECTION('',(-0.,-0.,-1.));
#13675 = DIRECTION('',(-0.,-1.,0.));
#13676 = ADVANCED_FACE('',(#13677),#13688,.F.);
#13677 = FACE_BOUND('',#13678,.T.);
#13678 = EDGE_LOOP('',(#13679,#13680,#13686,#13687));
#13679 = ORIENTED_EDGE('',*,*,#11814,.T.);
#13680 = ORIENTED_EDGE('',*,*,#13681,.T.);
#13681 = EDGE_CURVE('',#11815,#12569,#13682,.T.);
#13682 = LINE('',#13683,#13684);
#13683 = CARTESIAN_POINT('',(103.54,-29.5,-4.6E-02));
#13684 = VECTOR('',#13685,1.);
#13685 = DIRECTION('',(0.,0.,1.));
#13686 = ORIENTED_EDGE('',*,*,#12568,.F.);
#13687 = ORIENTED_EDGE('',*,*,#13681,.F.);
#13688 = CYLINDRICAL_SURFACE('',#13689,0.5);
#13689 = AXIS2_PLACEMENT_3D('',#13690,#13691,#13692);
#13690 = CARTESIAN_POINT('',(103.54,-29.,-4.6E-02));
#13691 = DIRECTION('',(-0.,-0.,-1.));
#13692 = DIRECTION('',(-0.,-1.,0.));
#13693 = ADVANCED_FACE('',(#13694),#13705,.F.);
#13694 = FACE_BOUND('',#13695,.T.);
#13695 = EDGE_LOOP('',(#13696,#13697,#13703,#13704));
#13696 = ORIENTED_EDGE('',*,*,#11825,.T.);
#13697 = ORIENTED_EDGE('',*,*,#13698,.T.);
#13698 = EDGE_CURVE('',#11826,#12580,#13699,.T.);
#13699 = LINE('',#13700,#13701);
#13700 = CARTESIAN_POINT('',(109.46,-29.5,-4.6E-02));
#13701 = VECTOR('',#13702,1.);
#13702 = DIRECTION('',(0.,0.,1.));
#13703 = ORIENTED_EDGE('',*,*,#12579,.F.);
#13704 = ORIENTED_EDGE('',*,*,#13698,.F.);
#13705 = CYLINDRICAL_SURFACE('',#13706,0.5);
#13706 = AXIS2_PLACEMENT_3D('',#13707,#13708,#13709);
#13707 = CARTESIAN_POINT('',(109.46,-29.,-4.6E-02));
#13708 = DIRECTION('',(-0.,-0.,-1.));
#13709 = DIRECTION('',(-0.,-1.,0.));
#13710 = ADVANCED_FACE('',(#13711),#13722,.F.);
#13711 = FACE_BOUND('',#13712,.T.);
#13712 = EDGE_LOOP('',(#13713,#13714,#13720,#13721));
#13713 = ORIENTED_EDGE('',*,*,#11836,.T.);
#13714 = ORIENTED_EDGE('',*,*,#13715,.T.);
#13715 = EDGE_CURVE('',#11837,#12591,#13716,.T.);
#13716 = LINE('',#13717,#13718);
#13717 = CARTESIAN_POINT('',(112.,-29.5,-4.6E-02));
#13718 = VECTOR('',#13719,1.);
#13719 = DIRECTION('',(0.,0.,1.));
#13720 = ORIENTED_EDGE('',*,*,#12590,.F.);
#13721 = ORIENTED_EDGE('',*,*,#13715,.F.);
#13722 = CYLINDRICAL_SURFACE('',#13723,0.5);
#13723 = AXIS2_PLACEMENT_3D('',#13724,#13725,#13726);
#13724 = CARTESIAN_POINT('',(112.,-29.,-4.6E-02));
#13725 = DIRECTION('',(-0.,-0.,-1.));
#13726 = DIRECTION('',(-0.,-1.,0.));
#13727 = ADVANCED_FACE('',(#13728),#13739,.F.);
#13728 = FACE_BOUND('',#13729,.T.);
#13729 = EDGE_LOOP('',(#13730,#13731,#13737,#13738));
#13730 = ORIENTED_EDGE('',*,*,#11847,.T.);
#13731 = ORIENTED_EDGE('',*,*,#13732,.T.);
#13732 = EDGE_CURVE('',#11848,#12602,#13733,.T.);
#13733 = LINE('',#13734,#13735);
#13734 = CARTESIAN_POINT('',(127.5,-40.4,-4.6E-02));
#13735 = VECTOR('',#13736,1.);
#13736 = DIRECTION('',(0.,0.,1.));
#13737 = ORIENTED_EDGE('',*,*,#12601,.F.);
#13738 = ORIENTED_EDGE('',*,*,#13732,.F.);
#13739 = CYLINDRICAL_SURFACE('',#13740,0.4);
#13740 = AXIS2_PLACEMENT_3D('',#13741,#13742,#13743);
#13741 = CARTESIAN_POINT('',(127.5,-40.,-4.6E-02));
#13742 = DIRECTION('',(-0.,-0.,-1.));
#13743 = DIRECTION('',(-0.,-1.,0.));
#13744 = ADVANCED_FACE('',(#13745),#13756,.F.);
#13745 = FACE_BOUND('',#13746,.T.);
#13746 = EDGE_LOOP('',(#13747,#13748,#13754,#13755));
#13747 = ORIENTED_EDGE('',*,*,#11858,.T.);
#13748 = ORIENTED_EDGE('',*,*,#13749,.T.);
#13749 = EDGE_CURVE('',#11859,#12613,#13750,.T.);
#13750 = LINE('',#13751,#13752);
#13751 = CARTESIAN_POINT('',(130.,-40.4,-4.6E-02));
#13752 = VECTOR('',#13753,1.);
#13753 = DIRECTION('',(0.,0.,1.));
#13754 = ORIENTED_EDGE('',*,*,#12612,.F.);
#13755 = ORIENTED_EDGE('',*,*,#13749,.F.);
#13756 = CYLINDRICAL_SURFACE('',#13757,0.4);
#13757 = AXIS2_PLACEMENT_3D('',#13758,#13759,#13760);
#13758 = CARTESIAN_POINT('',(130.,-40.,-4.6E-02));
#13759 = DIRECTION('',(-0.,-0.,-1.));
#13760 = DIRECTION('',(-0.,-1.,0.));
#13761 = ADVANCED_FACE('',(#13762),#13773,.F.);
#13762 = FACE_BOUND('',#13763,.T.);
#13763 = EDGE_LOOP('',(#13764,#13765,#13771,#13772));
#13764 = ORIENTED_EDGE('',*,*,#11869,.T.);
#13765 = ORIENTED_EDGE('',*,*,#13766,.T.);
#13766 = EDGE_CURVE('',#11870,#12624,#13767,.T.);
#13767 = LINE('',#13768,#13769);
#13768 = CARTESIAN_POINT('',(133.19,-34.58,-4.6E-02));
#13769 = VECTOR('',#13770,1.);
#13770 = DIRECTION('',(0.,0.,1.));
#13771 = ORIENTED_EDGE('',*,*,#12623,.F.);
#13772 = ORIENTED_EDGE('',*,*,#13766,.F.);
#13773 = CYLINDRICAL_SURFACE('',#13774,0.5);
#13774 = AXIS2_PLACEMENT_3D('',#13775,#13776,#13777);
#13775 = CARTESIAN_POINT('',(133.19,-34.08,-4.6E-02));
#13776 = DIRECTION('',(-0.,-0.,-1.));
#13777 = DIRECTION('',(-0.,-1.,0.));
#13778 = ADVANCED_FACE('',(#13779),#13790,.F.);
#13779 = FACE_BOUND('',#13780,.T.);
#13780 = EDGE_LOOP('',(#13781,#13782,#13788,#13789));
#13781 = ORIENTED_EDGE('',*,*,#11880,.T.);
#13782 = ORIENTED_EDGE('',*,*,#13783,.T.);
#13783 = EDGE_CURVE('',#11881,#12635,#13784,.T.);
#13784 = LINE('',#13785,#13786);
#13785 = CARTESIAN_POINT('',(139.,-34.5,-4.6E-02));
#13786 = VECTOR('',#13787,1.);
#13787 = DIRECTION('',(0.,0.,1.));
#13788 = ORIENTED_EDGE('',*,*,#12634,.F.);
#13789 = ORIENTED_EDGE('',*,*,#13783,.F.);
#13790 = CYLINDRICAL_SURFACE('',#13791,0.5);
#13791 = AXIS2_PLACEMENT_3D('',#13792,#13793,#13794);
#13792 = CARTESIAN_POINT('',(139.,-34.,-4.6E-02));
#13793 = DIRECTION('',(-0.,-0.,-1.));
#13794 = DIRECTION('',(-0.,-1.,0.));
#13795 = ADVANCED_FACE('',(#13796),#13807,.F.);
#13796 = FACE_BOUND('',#13797,.T.);
#13797 = EDGE_LOOP('',(#13798,#13799,#13805,#13806));
#13798 = ORIENTED_EDGE('',*,*,#11891,.T.);
#13799 = ORIENTED_EDGE('',*,*,#13800,.T.);
#13800 = EDGE_CURVE('',#11892,#12646,#13801,.T.);
#13801 = LINE('',#13802,#13803);
#13802 = CARTESIAN_POINT('',(133.19,-32.04,-4.6E-02));
#13803 = VECTOR('',#13804,1.);
#13804 = DIRECTION('',(0.,0.,1.));
#13805 = ORIENTED_EDGE('',*,*,#12645,.F.);
#13806 = ORIENTED_EDGE('',*,*,#13800,.F.);
#13807 = CYLINDRICAL_SURFACE('',#13808,0.5);
#13808 = AXIS2_PLACEMENT_3D('',#13809,#13810,#13811);
#13809 = CARTESIAN_POINT('',(133.19,-31.54,-4.6E-02));
#13810 = DIRECTION('',(-0.,-0.,-1.));
#13811 = DIRECTION('',(-0.,-1.,0.));
#13812 = ADVANCED_FACE('',(#13813),#13824,.F.);
#13813 = FACE_BOUND('',#13814,.T.);
#13814 = EDGE_LOOP('',(#13815,#13816,#13822,#13823));
#13815 = ORIENTED_EDGE('',*,*,#11902,.T.);
#13816 = ORIENTED_EDGE('',*,*,#13817,.T.);
#13817 = EDGE_CURVE('',#11903,#12657,#13818,.T.);
#13818 = LINE('',#13819,#13820);
#13819 = CARTESIAN_POINT('',(139.,-31.96,-4.6E-02));
#13820 = VECTOR('',#13821,1.);
#13821 = DIRECTION('',(0.,0.,1.));
#13822 = ORIENTED_EDGE('',*,*,#12656,.F.);
#13823 = ORIENTED_EDGE('',*,*,#13817,.F.);
#13824 = CYLINDRICAL_SURFACE('',#13825,0.5);
#13825 = AXIS2_PLACEMENT_3D('',#13826,#13827,#13828);
#13826 = CARTESIAN_POINT('',(139.,-31.46,-4.6E-02));
#13827 = DIRECTION('',(-0.,-0.,-1.));
#13828 = DIRECTION('',(-0.,-1.,0.));
#13829 = ADVANCED_FACE('',(#13830),#13841,.F.);
#13830 = FACE_BOUND('',#13831,.T.);
#13831 = EDGE_LOOP('',(#13832,#13833,#13839,#13840));
#13832 = ORIENTED_EDGE('',*,*,#11913,.T.);
#13833 = ORIENTED_EDGE('',*,*,#13834,.T.);
#13834 = EDGE_CURVE('',#11914,#12668,#13835,.T.);
#13835 = LINE('',#13836,#13837);
#13836 = CARTESIAN_POINT('',(133.19,-29.5,-4.6E-02));
#13837 = VECTOR('',#13838,1.);
#13838 = DIRECTION('',(0.,0.,1.));
#13839 = ORIENTED_EDGE('',*,*,#12667,.F.);
#13840 = ORIENTED_EDGE('',*,*,#13834,.F.);
#13841 = CYLINDRICAL_SURFACE('',#13842,0.5);
#13842 = AXIS2_PLACEMENT_3D('',#13843,#13844,#13845);
#13843 = CARTESIAN_POINT('',(133.19,-29.,-4.6E-02));
#13844 = DIRECTION('',(-0.,-0.,-1.));
#13845 = DIRECTION('',(-0.,-1.,0.));
#13846 = ADVANCED_FACE('',(#13847),#13858,.F.);
#13847 = FACE_BOUND('',#13848,.T.);
#13848 = EDGE_LOOP('',(#13849,#13850,#13856,#13857));
#13849 = ORIENTED_EDGE('',*,*,#11924,.T.);
#13850 = ORIENTED_EDGE('',*,*,#13851,.T.);
#13851 = EDGE_CURVE('',#11925,#12679,#13852,.T.);
#13852 = LINE('',#13853,#13854);
#13853 = CARTESIAN_POINT('',(139.,-29.42,-4.6E-02));
#13854 = VECTOR('',#13855,1.);
#13855 = DIRECTION('',(0.,0.,1.));
#13856 = ORIENTED_EDGE('',*,*,#12678,.F.);
#13857 = ORIENTED_EDGE('',*,*,#13851,.F.);
#13858 = CYLINDRICAL_SURFACE('',#13859,0.5);
#13859 = AXIS2_PLACEMENT_3D('',#13860,#13861,#13862);
#13860 = CARTESIAN_POINT('',(139.,-28.92,-4.6E-02));
#13861 = DIRECTION('',(-0.,-0.,-1.));
#13862 = DIRECTION('',(-0.,-1.,0.));
#13863 = ADVANCED_FACE('',(#13864),#13875,.F.);
#13864 = FACE_BOUND('',#13865,.T.);
#13865 = EDGE_LOOP('',(#13866,#13867,#13873,#13874));
#13866 = ORIENTED_EDGE('',*,*,#11935,.T.);
#13867 = ORIENTED_EDGE('',*,*,#13868,.T.);
#13868 = EDGE_CURVE('',#11936,#12690,#13869,.T.);
#13869 = LINE('',#13870,#13871);
#13870 = CARTESIAN_POINT('',(144.38,-35.4,-4.6E-02));
#13871 = VECTOR('',#13872,1.);
#13872 = DIRECTION('',(0.,0.,1.));
#13873 = ORIENTED_EDGE('',*,*,#12689,.F.);
#13874 = ORIENTED_EDGE('',*,*,#13868,.F.);
#13875 = CYLINDRICAL_SURFACE('',#13876,0.4);
#13876 = AXIS2_PLACEMENT_3D('',#13877,#13878,#13879);
#13877 = CARTESIAN_POINT('',(144.38,-35.,-4.6E-02));
#13878 = DIRECTION('',(-0.,-0.,-1.));
#13879 = DIRECTION('',(-0.,-1.,0.));
#13880 = ADVANCED_FACE('',(#13881),#13892,.F.);
#13881 = FACE_BOUND('',#13882,.T.);
#13882 = EDGE_LOOP('',(#13883,#13884,#13890,#13891));
#13883 = ORIENTED_EDGE('',*,*,#11946,.T.);
#13884 = ORIENTED_EDGE('',*,*,#13885,.T.);
#13885 = EDGE_CURVE('',#11947,#12701,#13886,.T.);
#13886 = LINE('',#13887,#13888);
#13887 = CARTESIAN_POINT('',(152.,-35.4,-4.6E-02));
#13888 = VECTOR('',#13889,1.);
#13889 = DIRECTION('',(0.,0.,1.));
#13890 = ORIENTED_EDGE('',*,*,#12700,.F.);
#13891 = ORIENTED_EDGE('',*,*,#13885,.F.);
#13892 = CYLINDRICAL_SURFACE('',#13893,0.4);
#13893 = AXIS2_PLACEMENT_3D('',#13894,#13895,#13896);
#13894 = CARTESIAN_POINT('',(152.,-35.,-4.6E-02));
#13895 = DIRECTION('',(-0.,-0.,-1.));
#13896 = DIRECTION('',(-0.,-1.,0.));
#13897 = ADVANCED_FACE('',(#13898),#13909,.F.);
#13898 = FACE_BOUND('',#13899,.T.);
#13899 = EDGE_LOOP('',(#13900,#13901,#13907,#13908));
#13900 = ORIENTED_EDGE('',*,*,#11957,.T.);
#13901 = ORIENTED_EDGE('',*,*,#13902,.T.);
#13902 = EDGE_CURVE('',#11958,#12712,#13903,.T.);
#13903 = LINE('',#13904,#13905);
#13904 = CARTESIAN_POINT('',(146.,-29.4,-4.6E-02));
#13905 = VECTOR('',#13906,1.);
#13906 = DIRECTION('',(0.,0.,1.));
#13907 = ORIENTED_EDGE('',*,*,#12711,.F.);
#13908 = ORIENTED_EDGE('',*,*,#13902,.F.);
#13909 = CYLINDRICAL_SURFACE('',#13910,0.4);
#13910 = AXIS2_PLACEMENT_3D('',#13911,#13912,#13913);
#13911 = CARTESIAN_POINT('',(146.,-29.,-4.6E-02));
#13912 = DIRECTION('',(-0.,-0.,-1.));
#13913 = DIRECTION('',(-0.,-1.,0.));
#13914 = ADVANCED_FACE('',(#13915),#13926,.F.);
#13915 = FACE_BOUND('',#13916,.T.);
#13916 = EDGE_LOOP('',(#13917,#13918,#13924,#13925));
#13917 = ORIENTED_EDGE('',*,*,#11968,.T.);
#13918 = ORIENTED_EDGE('',*,*,#13919,.T.);
#13919 = EDGE_CURVE('',#11969,#12723,#13920,.T.);
#13920 = LINE('',#13921,#13922);
#13921 = CARTESIAN_POINT('',(153.62,-29.4,-4.6E-02));
#13922 = VECTOR('',#13923,1.);
#13923 = DIRECTION('',(0.,0.,1.));
#13924 = ORIENTED_EDGE('',*,*,#12722,.F.);
#13925 = ORIENTED_EDGE('',*,*,#13919,.F.);
#13926 = CYLINDRICAL_SURFACE('',#13927,0.4);
#13927 = AXIS2_PLACEMENT_3D('',#13928,#13929,#13930);
#13928 = CARTESIAN_POINT('',(153.62,-29.,-4.6E-02));
#13929 = DIRECTION('',(-0.,-0.,-1.));
#13930 = DIRECTION('',(-0.,-1.,0.));
#13931 = ADVANCED_FACE('',(#13932),#13943,.F.);
#13932 = FACE_BOUND('',#13933,.T.);
#13933 = EDGE_LOOP('',(#13934,#13935,#13941,#13942));
#13934 = ORIENTED_EDGE('',*,*,#11979,.T.);
#13935 = ORIENTED_EDGE('',*,*,#13936,.T.);
#13936 = EDGE_CURVE('',#11980,#12734,#13937,.T.);
#13937 = LINE('',#13938,#13939);
#13938 = CARTESIAN_POINT('',(159.,-31.35,-4.6E-02));
#13939 = VECTOR('',#13940,1.);
#13940 = DIRECTION('',(0.,0.,1.));
#13941 = ORIENTED_EDGE('',*,*,#12733,.F.);
#13942 = ORIENTED_EDGE('',*,*,#13936,.F.);
#13943 = CYLINDRICAL_SURFACE('',#13944,1.35);
#13944 = AXIS2_PLACEMENT_3D('',#13945,#13946,#13947);
#13945 = CARTESIAN_POINT('',(159.,-30.,-4.6E-02));
#13946 = DIRECTION('',(-0.,-0.,-1.));
#13947 = DIRECTION('',(-0.,-1.,0.));
#13948 = ( GEOMETRIC_REPRESENTATION_CONTEXT(3) 
GLOBAL_UNCERTAINTY_ASSIGNED_CONTEXT((#13952)) 
GLOBAL_UNIT_ASSIGNED_CONTEXT((#13949,#13950,#13951)) 
REPRESENTATION_CONTEXT('Context #1',
  '3D Context with UNIT and UNCERTAINTY') );
#13949 = ( LENGTH_UNIT() NAMED_UNIT(*) SI_UNIT(.MILLI.,.METRE.) );
#13950 = ( NAMED_UNIT(*) PLANE_ANGLE_UNIT() SI_UNIT($,.RADIAN.) );
#13951 = ( NAMED_UNIT(*) SI_UNIT($,.STERADIAN.) SOLID_ANGLE_UNIT() );
#13952 = UNCERTAINTY_MEASURE_WITH_UNIT(LENGTH_MEASURE(1.E-07),#13949,
  'distance_accuracy_value','confusion accuracy');
#13953 = CONTEXT_DEPENDENT_SHAPE_REPRESENTATION(#13954,#13956);
#13954 = ( REPRESENTATION_RELATIONSHIP('','',#11131,#10) 
REPRESENTATION_RELATIONSHIP_WITH_TRANSFORMATION(#13955) 
SHAPE_REPRESENTATION_RELATIONSHIP() );
#13955 = ITEM_DEFINED_TRANSFORMATION('','',#11,#67);
#13956 = PRODUCT_DEFINITION_SHAPE('Placement','Placement of an item',
  #13957);
#13957 = NEXT_ASSEMBLY_USAGE_OCCURRENCE('19','=>[0:1:1:12]','',#5,#11126
  ,$);
#13958 = PRODUCT_RELATED_PRODUCT_CATEGORY('part',$,(#11128));
#13959 = MECHANICAL_DESIGN_GEOMETRIC_PRESENTATION_REPRESENTATION('',(
    #13960,#13968,#13975,#13982,#13989,#13996,#14003,#14010,#14017,
    #14024,#14031,#14038,#14045,#14052,#14059,#14066,#14073,#14080,
    #14087,#14094,#14101,#14108,#14115,#14123,#14130,#14137,#14144,
    #14151,#14158,#14165,#14172,#14179,#14186,#14193,#14200,#14207,
    #14214,#14221,#14228,#14235,#14242,#14249,#14256,#14263,#14270,
    #14277,#14284,#14291,#14298,#14305,#14312,#14319,#14326,#14333,
    #14340,#14347,#14354,#14361,#14368,#14375,#14382,#14389,#14396,
    #14403,#14410,#14417,#14424,#14431,#14438,#14445,#14452,#14459,
    #14466,#14473,#14480,#14487),#6269);
#13960 = STYLED_ITEM('color',(#13961),#4165);
#13961 = PRESENTATION_STYLE_ASSIGNMENT((#13962));
#13962 = SURFACE_STYLE_USAGE(.BOTH.,#13963);
#13963 = SURFACE_SIDE_STYLE('',(#13964));
#13964 = SURFACE_STYLE_FILL_AREA(#13965);
#13965 = FILL_AREA_STYLE('',(#13966));
#13966 = FILL_AREA_STYLE_COLOUR('',#13967);
#13967 = COLOUR_RGB('',0.147999998088,0.144999993226,0.144999993226);
#13968 = STYLED_ITEM('color',(#13969),#4205);
#13969 = PRESENTATION_STYLE_ASSIGNMENT((#13970));
#13970 = SURFACE_STYLE_USAGE(.BOTH.,#13971);
#13971 = SURFACE_SIDE_STYLE('',(#13972));
#13972 = SURFACE_STYLE_FILL_AREA(#13973);
#13973 = FILL_AREA_STYLE('',(#13974));
#13974 = FILL_AREA_STYLE_COLOUR('',#13967);
#13975 = STYLED_ITEM('color',(#13976),#4236);
#13976 = PRESENTATION_STYLE_ASSIGNMENT((#13977));
#13977 = SURFACE_STYLE_USAGE(.BOTH.,#13978);
#13978 = SURFACE_SIDE_STYLE('',(#13979));
#13979 = SURFACE_STYLE_FILL_AREA(#13980);
#13980 = FILL_AREA_STYLE('',(#13981));
#13981 = FILL_AREA_STYLE_COLOUR('',#13967);
#13982 = STYLED_ITEM('color',(#13983),#4267);
#13983 = PRESENTATION_STYLE_ASSIGNMENT((#13984));
#13984 = SURFACE_STYLE_USAGE(.BOTH.,#13985);
#13985 = SURFACE_SIDE_STYLE('',(#13986));
#13986 = SURFACE_STYLE_FILL_AREA(#13987);
#13987 = FILL_AREA_STYLE('',(#13988));
#13988 = FILL_AREA_STYLE_COLOUR('',#13967);
#13989 = STYLED_ITEM('color',(#13990),#4514);
#13990 = PRESENTATION_STYLE_ASSIGNMENT((#13991));
#13991 = SURFACE_STYLE_USAGE(.BOTH.,#13992);
#13992 = SURFACE_SIDE_STYLE('',(#13993));
#13993 = SURFACE_STYLE_FILL_AREA(#13994);
#13994 = FILL_AREA_STYLE('',(#13995));
#13995 = FILL_AREA_STYLE_COLOUR('',#13967);
#13996 = STYLED_ITEM('color',(#13997),#4761);
#13997 = PRESENTATION_STYLE_ASSIGNMENT((#13998));
#13998 = SURFACE_STYLE_USAGE(.BOTH.,#13999);
#13999 = SURFACE_SIDE_STYLE('',(#14000));
#14000 = SURFACE_STYLE_FILL_AREA(#14001);
#14001 = FILL_AREA_STYLE('',(#14002));
#14002 = FILL_AREA_STYLE_COLOUR('',#13967);
#14003 = STYLED_ITEM('color',(#14004),#4778);
#14004 = PRESENTATION_STYLE_ASSIGNMENT((#14005));
#14005 = SURFACE_STYLE_USAGE(.BOTH.,#14006);
#14006 = SURFACE_SIDE_STYLE('',(#14007));
#14007 = SURFACE_STYLE_FILL_AREA(#14008);
#14008 = FILL_AREA_STYLE('',(#14009));
#14009 = FILL_AREA_STYLE_COLOUR('',#13967);
#14010 = STYLED_ITEM('color',(#14011),#4795);
#14011 = PRESENTATION_STYLE_ASSIGNMENT((#14012));
#14012 = SURFACE_STYLE_USAGE(.BOTH.,#14013);
#14013 = SURFACE_SIDE_STYLE('',(#14014));
#14014 = SURFACE_STYLE_FILL_AREA(#14015);
#14015 = FILL_AREA_STYLE('',(#14016));
#14016 = FILL_AREA_STYLE_COLOUR('',#13967);
#14017 = STYLED_ITEM('color',(#14018),#4812);
#14018 = PRESENTATION_STYLE_ASSIGNMENT((#14019));
#14019 = SURFACE_STYLE_USAGE(.BOTH.,#14020);
#14020 = SURFACE_SIDE_STYLE('',(#14021));
#14021 = SURFACE_STYLE_FILL_AREA(#14022);
#14022 = FILL_AREA_STYLE('',(#14023));
#14023 = FILL_AREA_STYLE_COLOUR('',#13967);
#14024 = STYLED_ITEM('color',(#14025),#4829);
#14025 = PRESENTATION_STYLE_ASSIGNMENT((#14026));
#14026 = SURFACE_STYLE_USAGE(.BOTH.,#14027);
#14027 = SURFACE_SIDE_STYLE('',(#14028));
#14028 = SURFACE_STYLE_FILL_AREA(#14029);
#14029 = FILL_AREA_STYLE('',(#14030));
#14030 = FILL_AREA_STYLE_COLOUR('',#13967);
#14031 = STYLED_ITEM('color',(#14032),#4846);
#14032 = PRESENTATION_STYLE_ASSIGNMENT((#14033));
#14033 = SURFACE_STYLE_USAGE(.BOTH.,#14034);
#14034 = SURFACE_SIDE_STYLE('',(#14035));
#14035 = SURFACE_STYLE_FILL_AREA(#14036);
#14036 = FILL_AREA_STYLE('',(#14037));
#14037 = FILL_AREA_STYLE_COLOUR('',#13967);
#14038 = STYLED_ITEM('color',(#14039),#4863);
#14039 = PRESENTATION_STYLE_ASSIGNMENT((#14040));
#14040 = SURFACE_STYLE_USAGE(.BOTH.,#14041);
#14041 = SURFACE_SIDE_STYLE('',(#14042));
#14042 = SURFACE_STYLE_FILL_AREA(#14043);
#14043 = FILL_AREA_STYLE('',(#14044));
#14044 = FILL_AREA_STYLE_COLOUR('',#13967);
#14045 = STYLED_ITEM('color',(#14046),#4880);
#14046 = PRESENTATION_STYLE_ASSIGNMENT((#14047));
#14047 = SURFACE_STYLE_USAGE(.BOTH.,#14048);
#14048 = SURFACE_SIDE_STYLE('',(#14049));
#14049 = SURFACE_STYLE_FILL_AREA(#14050);
#14050 = FILL_AREA_STYLE('',(#14051));
#14051 = FILL_AREA_STYLE_COLOUR('',#13967);
#14052 = STYLED_ITEM('color',(#14053),#4897);
#14053 = PRESENTATION_STYLE_ASSIGNMENT((#14054));
#14054 = SURFACE_STYLE_USAGE(.BOTH.,#14055);
#14055 = SURFACE_SIDE_STYLE('',(#14056));
#14056 = SURFACE_STYLE_FILL_AREA(#14057);
#14057 = FILL_AREA_STYLE('',(#14058));
#14058 = FILL_AREA_STYLE_COLOUR('',#13967);
#14059 = STYLED_ITEM('color',(#14060),#4914);
#14060 = PRESENTATION_STYLE_ASSIGNMENT((#14061));
#14061 = SURFACE_STYLE_USAGE(.BOTH.,#14062);
#14062 = SURFACE_SIDE_STYLE('',(#14063));
#14063 = SURFACE_STYLE_FILL_AREA(#14064);
#14064 = FILL_AREA_STYLE('',(#14065));
#14065 = FILL_AREA_STYLE_COLOUR('',#13967);
#14066 = STYLED_ITEM('color',(#14067),#4931);
#14067 = PRESENTATION_STYLE_ASSIGNMENT((#14068));
#14068 = SURFACE_STYLE_USAGE(.BOTH.,#14069);
#14069 = SURFACE_SIDE_STYLE('',(#14070));
#14070 = SURFACE_STYLE_FILL_AREA(#14071);
#14071 = FILL_AREA_STYLE('',(#14072));
#14072 = FILL_AREA_STYLE_COLOUR('',#13967);
#14073 = STYLED_ITEM('color',(#14074),#4948);
#14074 = PRESENTATION_STYLE_ASSIGNMENT((#14075));
#14075 = SURFACE_STYLE_USAGE(.BOTH.,#14076);
#14076 = SURFACE_SIDE_STYLE('',(#14077));
#14077 = SURFACE_STYLE_FILL_AREA(#14078);
#14078 = FILL_AREA_STYLE('',(#14079));
#14079 = FILL_AREA_STYLE_COLOUR('',#13967);
#14080 = STYLED_ITEM('color',(#14081),#4965);
#14081 = PRESENTATION_STYLE_ASSIGNMENT((#14082));
#14082 = SURFACE_STYLE_USAGE(.BOTH.,#14083);
#14083 = SURFACE_SIDE_STYLE('',(#14084));
#14084 = SURFACE_STYLE_FILL_AREA(#14085);
#14085 = FILL_AREA_STYLE('',(#14086));
#14086 = FILL_AREA_STYLE_COLOUR('',#13967);
#14087 = STYLED_ITEM('color',(#14088),#4982);
#14088 = PRESENTATION_STYLE_ASSIGNMENT((#14089));
#14089 = SURFACE_STYLE_USAGE(.BOTH.,#14090);
#14090 = SURFACE_SIDE_STYLE('',(#14091));
#14091 = SURFACE_STYLE_FILL_AREA(#14092);
#14092 = FILL_AREA_STYLE('',(#14093));
#14093 = FILL_AREA_STYLE_COLOUR('',#13967);
#14094 = STYLED_ITEM('color',(#14095),#4999);
#14095 = PRESENTATION_STYLE_ASSIGNMENT((#14096));
#14096 = SURFACE_STYLE_USAGE(.BOTH.,#14097);
#14097 = SURFACE_SIDE_STYLE('',(#14098));
#14098 = SURFACE_STYLE_FILL_AREA(#14099);
#14099 = FILL_AREA_STYLE('',(#14100));
#14100 = FILL_AREA_STYLE_COLOUR('',#13967);
#14101 = STYLED_ITEM('color',(#14102),#5016);
#14102 = PRESENTATION_STYLE_ASSIGNMENT((#14103));
#14103 = SURFACE_STYLE_USAGE(.BOTH.,#14104);
#14104 = SURFACE_SIDE_STYLE('',(#14105));
#14105 = SURFACE_STYLE_FILL_AREA(#14106);
#14106 = FILL_AREA_STYLE('',(#14107));
#14107 = FILL_AREA_STYLE_COLOUR('',#13967);
#14108 = STYLED_ITEM('color',(#14109),#5033);
#14109 = PRESENTATION_STYLE_ASSIGNMENT((#14110));
#14110 = SURFACE_STYLE_USAGE(.BOTH.,#14111);
#14111 = SURFACE_SIDE_STYLE('',(#14112));
#14112 = SURFACE_STYLE_FILL_AREA(#14113);
#14113 = FILL_AREA_STYLE('',(#14114));
#14114 = FILL_AREA_STYLE_COLOUR('',#13967);
#14115 = STYLED_ITEM('color',(#14116),#5045);
#14116 = PRESENTATION_STYLE_ASSIGNMENT((#14117));
#14117 = SURFACE_STYLE_USAGE(.BOTH.,#14118);
#14118 = SURFACE_SIDE_STYLE('',(#14119));
#14119 = SURFACE_STYLE_FILL_AREA(#14120);
#14120 = FILL_AREA_STYLE('',(#14121));
#14121 = FILL_AREA_STYLE_COLOUR('',#14122);
#14122 = COLOUR_RGB('',0.859000020776,0.737999965183,0.495999988746);
#14123 = STYLED_ITEM('color',(#14124),#5076);
#14124 = PRESENTATION_STYLE_ASSIGNMENT((#14125));
#14125 = SURFACE_STYLE_USAGE(.BOTH.,#14126);
#14126 = SURFACE_SIDE_STYLE('',(#14127));
#14127 = SURFACE_STYLE_FILL_AREA(#14128);
#14128 = FILL_AREA_STYLE('',(#14129));
#14129 = FILL_AREA_STYLE_COLOUR('',#14122);
#14130 = STYLED_ITEM('color',(#14131),#5100);
#14131 = PRESENTATION_STYLE_ASSIGNMENT((#14132));
#14132 = SURFACE_STYLE_USAGE(.BOTH.,#14133);
#14133 = SURFACE_SIDE_STYLE('',(#14134));
#14134 = SURFACE_STYLE_FILL_AREA(#14135);
#14135 = FILL_AREA_STYLE('',(#14136));
#14136 = FILL_AREA_STYLE_COLOUR('',#14122);
#14137 = STYLED_ITEM('color',(#14138),#5124);
#14138 = PRESENTATION_STYLE_ASSIGNMENT((#14139));
#14139 = SURFACE_STYLE_USAGE(.BOTH.,#14140);
#14140 = SURFACE_SIDE_STYLE('',(#14141));
#14141 = SURFACE_STYLE_FILL_AREA(#14142);
#14142 = FILL_AREA_STYLE('',(#14143));
#14143 = FILL_AREA_STYLE_COLOUR('',#14122);
#14144 = STYLED_ITEM('color',(#14145),#5141);
#14145 = PRESENTATION_STYLE_ASSIGNMENT((#14146));
#14146 = SURFACE_STYLE_USAGE(.BOTH.,#14147);
#14147 = SURFACE_SIDE_STYLE('',(#14148));
#14148 = SURFACE_STYLE_FILL_AREA(#14149);
#14149 = FILL_AREA_STYLE('',(#14150));
#14150 = FILL_AREA_STYLE_COLOUR('',#14122);
#14151 = STYLED_ITEM('color',(#14152),#5172);
#14152 = PRESENTATION_STYLE_ASSIGNMENT((#14153));
#14153 = SURFACE_STYLE_USAGE(.BOTH.,#14154);
#14154 = SURFACE_SIDE_STYLE('',(#14155));
#14155 = SURFACE_STYLE_FILL_AREA(#14156);
#14156 = FILL_AREA_STYLE('',(#14157));
#14157 = FILL_AREA_STYLE_COLOUR('',#14122);
#14158 = STYLED_ITEM('color',(#14159),#5196);
#14159 = PRESENTATION_STYLE_ASSIGNMENT((#14160));
#14160 = SURFACE_STYLE_USAGE(.BOTH.,#14161);
#14161 = SURFACE_SIDE_STYLE('',(#14162));
#14162 = SURFACE_STYLE_FILL_AREA(#14163);
#14163 = FILL_AREA_STYLE('',(#14164));
#14164 = FILL_AREA_STYLE_COLOUR('',#14122);
#14165 = STYLED_ITEM('color',(#14166),#5220);
#14166 = PRESENTATION_STYLE_ASSIGNMENT((#14167));
#14167 = SURFACE_STYLE_USAGE(.BOTH.,#14168);
#14168 = SURFACE_SIDE_STYLE('',(#14169));
#14169 = SURFACE_STYLE_FILL_AREA(#14170);
#14170 = FILL_AREA_STYLE('',(#14171));
#14171 = FILL_AREA_STYLE_COLOUR('',#14122);
#14172 = STYLED_ITEM('color',(#14173),#5237);
#14173 = PRESENTATION_STYLE_ASSIGNMENT((#14174));
#14174 = SURFACE_STYLE_USAGE(.BOTH.,#14175);
#14175 = SURFACE_SIDE_STYLE('',(#14176));
#14176 = SURFACE_STYLE_FILL_AREA(#14177);
#14177 = FILL_AREA_STYLE('',(#14178));
#14178 = FILL_AREA_STYLE_COLOUR('',#14122);
#14179 = STYLED_ITEM('color',(#14180),#5268);
#14180 = PRESENTATION_STYLE_ASSIGNMENT((#14181));
#14181 = SURFACE_STYLE_USAGE(.BOTH.,#14182);
#14182 = SURFACE_SIDE_STYLE('',(#14183));
#14183 = SURFACE_STYLE_FILL_AREA(#14184);
#14184 = FILL_AREA_STYLE('',(#14185));
#14185 = FILL_AREA_STYLE_COLOUR('',#14122);
#14186 = STYLED_ITEM('color',(#14187),#5292);
#14187 = PRESENTATION_STYLE_ASSIGNMENT((#14188));
#14188 = SURFACE_STYLE_USAGE(.BOTH.,#14189);
#14189 = SURFACE_SIDE_STYLE('',(#14190));
#14190 = SURFACE_STYLE_FILL_AREA(#14191);
#14191 = FILL_AREA_STYLE('',(#14192));
#14192 = FILL_AREA_STYLE_COLOUR('',#14122);
#14193 = STYLED_ITEM('color',(#14194),#5316);
#14194 = PRESENTATION_STYLE_ASSIGNMENT((#14195));
#14195 = SURFACE_STYLE_USAGE(.BOTH.,#14196);
#14196 = SURFACE_SIDE_STYLE('',(#14197));
#14197 = SURFACE_STYLE_FILL_AREA(#14198);
#14198 = FILL_AREA_STYLE('',(#14199));
#14199 = FILL_AREA_STYLE_COLOUR('',#14122);
#14200 = STYLED_ITEM('color',(#14201),#5333);
#14201 = PRESENTATION_STYLE_ASSIGNMENT((#14202));
#14202 = SURFACE_STYLE_USAGE(.BOTH.,#14203);
#14203 = SURFACE_SIDE_STYLE('',(#14204));
#14204 = SURFACE_STYLE_FILL_AREA(#14205);
#14205 = FILL_AREA_STYLE('',(#14206));
#14206 = FILL_AREA_STYLE_COLOUR('',#14122);
#14207 = STYLED_ITEM('color',(#14208),#5364);
#14208 = PRESENTATION_STYLE_ASSIGNMENT((#14209));
#14209 = SURFACE_STYLE_USAGE(.BOTH.,#14210);
#14210 = SURFACE_SIDE_STYLE('',(#14211));
#14211 = SURFACE_STYLE_FILL_AREA(#14212);
#14212 = FILL_AREA_STYLE('',(#14213));
#14213 = FILL_AREA_STYLE_COLOUR('',#14122);
#14214 = STYLED_ITEM('color',(#14215),#5388);
#14215 = PRESENTATION_STYLE_ASSIGNMENT((#14216));
#14216 = SURFACE_STYLE_USAGE(.BOTH.,#14217);
#14217 = SURFACE_SIDE_STYLE('',(#14218));
#14218 = SURFACE_STYLE_FILL_AREA(#14219);
#14219 = FILL_AREA_STYLE('',(#14220));
#14220 = FILL_AREA_STYLE_COLOUR('',#14122);
#14221 = STYLED_ITEM('color',(#14222),#5412);
#14222 = PRESENTATION_STYLE_ASSIGNMENT((#14223));
#14223 = SURFACE_STYLE_USAGE(.BOTH.,#14224);
#14224 = SURFACE_SIDE_STYLE('',(#14225));
#14225 = SURFACE_STYLE_FILL_AREA(#14226);
#14226 = FILL_AREA_STYLE('',(#14227));
#14227 = FILL_AREA_STYLE_COLOUR('',#14122);
#14228 = STYLED_ITEM('color',(#14229),#5429);
#14229 = PRESENTATION_STYLE_ASSIGNMENT((#14230));
#14230 = SURFACE_STYLE_USAGE(.BOTH.,#14231);
#14231 = SURFACE_SIDE_STYLE('',(#14232));
#14232 = SURFACE_STYLE_FILL_AREA(#14233);
#14233 = FILL_AREA_STYLE('',(#14234));
#14234 = FILL_AREA_STYLE_COLOUR('',#14122);
#14235 = STYLED_ITEM('color',(#14236),#5460);
#14236 = PRESENTATION_STYLE_ASSIGNMENT((#14237));
#14237 = SURFACE_STYLE_USAGE(.BOTH.,#14238);
#14238 = SURFACE_SIDE_STYLE('',(#14239));
#14239 = SURFACE_STYLE_FILL_AREA(#14240);
#14240 = FILL_AREA_STYLE('',(#14241));
#14241 = FILL_AREA_STYLE_COLOUR('',#14122);
#14242 = STYLED_ITEM('color',(#14243),#5484);
#14243 = PRESENTATION_STYLE_ASSIGNMENT((#14244));
#14244 = SURFACE_STYLE_USAGE(.BOTH.,#14245);
#14245 = SURFACE_SIDE_STYLE('',(#14246));
#14246 = SURFACE_STYLE_FILL_AREA(#14247);
#14247 = FILL_AREA_STYLE('',(#14248));
#14248 = FILL_AREA_STYLE_COLOUR('',#14122);
#14249 = STYLED_ITEM('color',(#14250),#5508);
#14250 = PRESENTATION_STYLE_ASSIGNMENT((#14251));
#14251 = SURFACE_STYLE_USAGE(.BOTH.,#14252);
#14252 = SURFACE_SIDE_STYLE('',(#14253));
#14253 = SURFACE_STYLE_FILL_AREA(#14254);
#14254 = FILL_AREA_STYLE('',(#14255));
#14255 = FILL_AREA_STYLE_COLOUR('',#14122);
#14256 = STYLED_ITEM('color',(#14257),#5525);
#14257 = PRESENTATION_STYLE_ASSIGNMENT((#14258));
#14258 = SURFACE_STYLE_USAGE(.BOTH.,#14259);
#14259 = SURFACE_SIDE_STYLE('',(#14260));
#14260 = SURFACE_STYLE_FILL_AREA(#14261);
#14261 = FILL_AREA_STYLE('',(#14262));
#14262 = FILL_AREA_STYLE_COLOUR('',#14122);
#14263 = STYLED_ITEM('color',(#14264),#5556);
#14264 = PRESENTATION_STYLE_ASSIGNMENT((#14265));
#14265 = SURFACE_STYLE_USAGE(.BOTH.,#14266);
#14266 = SURFACE_SIDE_STYLE('',(#14267));
#14267 = SURFACE_STYLE_FILL_AREA(#14268);
#14268 = FILL_AREA_STYLE('',(#14269));
#14269 = FILL_AREA_STYLE_COLOUR('',#14122);
#14270 = STYLED_ITEM('color',(#14271),#5580);
#14271 = PRESENTATION_STYLE_ASSIGNMENT((#14272));
#14272 = SURFACE_STYLE_USAGE(.BOTH.,#14273);
#14273 = SURFACE_SIDE_STYLE('',(#14274));
#14274 = SURFACE_STYLE_FILL_AREA(#14275);
#14275 = FILL_AREA_STYLE('',(#14276));
#14276 = FILL_AREA_STYLE_COLOUR('',#14122);
#14277 = STYLED_ITEM('color',(#14278),#5604);
#14278 = PRESENTATION_STYLE_ASSIGNMENT((#14279));
#14279 = SURFACE_STYLE_USAGE(.BOTH.,#14280);
#14280 = SURFACE_SIDE_STYLE('',(#14281));
#14281 = SURFACE_STYLE_FILL_AREA(#14282);
#14282 = FILL_AREA_STYLE('',(#14283));
#14283 = FILL_AREA_STYLE_COLOUR('',#14122);
#14284 = STYLED_ITEM('color',(#14285),#5621);
#14285 = PRESENTATION_STYLE_ASSIGNMENT((#14286));
#14286 = SURFACE_STYLE_USAGE(.BOTH.,#14287);
#14287 = SURFACE_SIDE_STYLE('',(#14288));
#14288 = SURFACE_STYLE_FILL_AREA(#14289);
#14289 = FILL_AREA_STYLE('',(#14290));
#14290 = FILL_AREA_STYLE_COLOUR('',#14122);
#14291 = STYLED_ITEM('color',(#14292),#5652);
#14292 = PRESENTATION_STYLE_ASSIGNMENT((#14293));
#14293 = SURFACE_STYLE_USAGE(.BOTH.,#14294);
#14294 = SURFACE_SIDE_STYLE('',(#14295));
#14295 = SURFACE_STYLE_FILL_AREA(#14296);
#14296 = FILL_AREA_STYLE('',(#14297));
#14297 = FILL_AREA_STYLE_COLOUR('',#14122);
#14298 = STYLED_ITEM('color',(#14299),#5676);
#14299 = PRESENTATION_STYLE_ASSIGNMENT((#14300));
#14300 = SURFACE_STYLE_USAGE(.BOTH.,#14301);
#14301 = SURFACE_SIDE_STYLE('',(#14302));
#14302 = SURFACE_STYLE_FILL_AREA(#14303);
#14303 = FILL_AREA_STYLE('',(#14304));
#14304 = FILL_AREA_STYLE_COLOUR('',#14122);
#14305 = STYLED_ITEM('color',(#14306),#5700);
#14306 = PRESENTATION_STYLE_ASSIGNMENT((#14307));
#14307 = SURFACE_STYLE_USAGE(.BOTH.,#14308);
#14308 = SURFACE_SIDE_STYLE('',(#14309));
#14309 = SURFACE_STYLE_FILL_AREA(#14310);
#14310 = FILL_AREA_STYLE('',(#14311));
#14311 = FILL_AREA_STYLE_COLOUR('',#14122);
#14312 = STYLED_ITEM('color',(#14313),#5717);
#14313 = PRESENTATION_STYLE_ASSIGNMENT((#14314));
#14314 = SURFACE_STYLE_USAGE(.BOTH.,#14315);
#14315 = SURFACE_SIDE_STYLE('',(#14316));
#14316 = SURFACE_STYLE_FILL_AREA(#14317);
#14317 = FILL_AREA_STYLE('',(#14318));
#14318 = FILL_AREA_STYLE_COLOUR('',#14122);
#14319 = STYLED_ITEM('color',(#14320),#5748);
#14320 = PRESENTATION_STYLE_ASSIGNMENT((#14321));
#14321 = SURFACE_STYLE_USAGE(.BOTH.,#14322);
#14322 = SURFACE_SIDE_STYLE('',(#14323));
#14323 = SURFACE_STYLE_FILL_AREA(#14324);
#14324 = FILL_AREA_STYLE('',(#14325));
#14325 = FILL_AREA_STYLE_COLOUR('',#14122);
#14326 = STYLED_ITEM('color',(#14327),#5772);
#14327 = PRESENTATION_STYLE_ASSIGNMENT((#14328));
#14328 = SURFACE_STYLE_USAGE(.BOTH.,#14329);
#14329 = SURFACE_SIDE_STYLE('',(#14330));
#14330 = SURFACE_STYLE_FILL_AREA(#14331);
#14331 = FILL_AREA_STYLE('',(#14332));
#14332 = FILL_AREA_STYLE_COLOUR('',#14122);
#14333 = STYLED_ITEM('color',(#14334),#5796);
#14334 = PRESENTATION_STYLE_ASSIGNMENT((#14335));
#14335 = SURFACE_STYLE_USAGE(.BOTH.,#14336);
#14336 = SURFACE_SIDE_STYLE('',(#14337));
#14337 = SURFACE_STYLE_FILL_AREA(#14338);
#14338 = FILL_AREA_STYLE('',(#14339));
#14339 = FILL_AREA_STYLE_COLOUR('',#14122);
#14340 = STYLED_ITEM('color',(#14341),#5813);
#14341 = PRESENTATION_STYLE_ASSIGNMENT((#14342));
#14342 = SURFACE_STYLE_USAGE(.BOTH.,#14343);
#14343 = SURFACE_SIDE_STYLE('',(#14344));
#14344 = SURFACE_STYLE_FILL_AREA(#14345);
#14345 = FILL_AREA_STYLE('',(#14346));
#14346 = FILL_AREA_STYLE_COLOUR('',#14122);
#14347 = STYLED_ITEM('color',(#14348),#5844);
#14348 = PRESENTATION_STYLE_ASSIGNMENT((#14349));
#14349 = SURFACE_STYLE_USAGE(.BOTH.,#14350);
#14350 = SURFACE_SIDE_STYLE('',(#14351));
#14351 = SURFACE_STYLE_FILL_AREA(#14352);
#14352 = FILL_AREA_STYLE('',(#14353));
#14353 = FILL_AREA_STYLE_COLOUR('',#14122);
#14354 = STYLED_ITEM('color',(#14355),#5868);
#14355 = PRESENTATION_STYLE_ASSIGNMENT((#14356));
#14356 = SURFACE_STYLE_USAGE(.BOTH.,#14357);
#14357 = SURFACE_SIDE_STYLE('',(#14358));
#14358 = SURFACE_STYLE_FILL_AREA(#14359);
#14359 = FILL_AREA_STYLE('',(#14360));
#14360 = FILL_AREA_STYLE_COLOUR('',#14122);
#14361 = STYLED_ITEM('color',(#14362),#5892);
#14362 = PRESENTATION_STYLE_ASSIGNMENT((#14363));
#14363 = SURFACE_STYLE_USAGE(.BOTH.,#14364);
#14364 = SURFACE_SIDE_STYLE('',(#14365));
#14365 = SURFACE_STYLE_FILL_AREA(#14366);
#14366 = FILL_AREA_STYLE('',(#14367));
#14367 = FILL_AREA_STYLE_COLOUR('',#14122);
#14368 = STYLED_ITEM('color',(#14369),#5909);
#14369 = PRESENTATION_STYLE_ASSIGNMENT((#14370));
#14370 = SURFACE_STYLE_USAGE(.BOTH.,#14371);
#14371 = SURFACE_SIDE_STYLE('',(#14372));
#14372 = SURFACE_STYLE_FILL_AREA(#14373);
#14373 = FILL_AREA_STYLE('',(#14374));
#14374 = FILL_AREA_STYLE_COLOUR('',#14122);
#14375 = STYLED_ITEM('color',(#14376),#5940);
#14376 = PRESENTATION_STYLE_ASSIGNMENT((#14377));
#14377 = SURFACE_STYLE_USAGE(.BOTH.,#14378);
#14378 = SURFACE_SIDE_STYLE('',(#14379));
#14379 = SURFACE_STYLE_FILL_AREA(#14380);
#14380 = FILL_AREA_STYLE('',(#14381));
#14381 = FILL_AREA_STYLE_COLOUR('',#14122);
#14382 = STYLED_ITEM('color',(#14383),#5964);
#14383 = PRESENTATION_STYLE_ASSIGNMENT((#14384));
#14384 = SURFACE_STYLE_USAGE(.BOTH.,#14385);
#14385 = SURFACE_SIDE_STYLE('',(#14386));
#14386 = SURFACE_STYLE_FILL_AREA(#14387);
#14387 = FILL_AREA_STYLE('',(#14388));
#14388 = FILL_AREA_STYLE_COLOUR('',#14122);
#14389 = STYLED_ITEM('color',(#14390),#5988);
#14390 = PRESENTATION_STYLE_ASSIGNMENT((#14391));
#14391 = SURFACE_STYLE_USAGE(.BOTH.,#14392);
#14392 = SURFACE_SIDE_STYLE('',(#14393));
#14393 = SURFACE_STYLE_FILL_AREA(#14394);
#14394 = FILL_AREA_STYLE('',(#14395));
#14395 = FILL_AREA_STYLE_COLOUR('',#14122);
#14396 = STYLED_ITEM('color',(#14397),#6005);
#14397 = PRESENTATION_STYLE_ASSIGNMENT((#14398));
#14398 = SURFACE_STYLE_USAGE(.BOTH.,#14399);
#14399 = SURFACE_SIDE_STYLE('',(#14400));
#14400 = SURFACE_STYLE_FILL_AREA(#14401);
#14401 = FILL_AREA_STYLE('',(#14402));
#14402 = FILL_AREA_STYLE_COLOUR('',#14122);
#14403 = STYLED_ITEM('color',(#14404),#6036);
#14404 = PRESENTATION_STYLE_ASSIGNMENT((#14405));
#14405 = SURFACE_STYLE_USAGE(.BOTH.,#14406);
#14406 = SURFACE_SIDE_STYLE('',(#14407));
#14407 = SURFACE_STYLE_FILL_AREA(#14408);
#14408 = FILL_AREA_STYLE('',(#14409));
#14409 = FILL_AREA_STYLE_COLOUR('',#14122);
#14410 = STYLED_ITEM('color',(#14411),#6060);
#14411 = PRESENTATION_STYLE_ASSIGNMENT((#14412));
#14412 = SURFACE_STYLE_USAGE(.BOTH.,#14413);
#14413 = SURFACE_SIDE_STYLE('',(#14414));
#14414 = SURFACE_STYLE_FILL_AREA(#14415);
#14415 = FILL_AREA_STYLE('',(#14416));
#14416 = FILL_AREA_STYLE_COLOUR('',#14122);
#14417 = STYLED_ITEM('color',(#14418),#6084);
#14418 = PRESENTATION_STYLE_ASSIGNMENT((#14419));
#14419 = SURFACE_STYLE_USAGE(.BOTH.,#14420);
#14420 = SURFACE_SIDE_STYLE('',(#14421));
#14421 = SURFACE_STYLE_FILL_AREA(#14422);
#14422 = FILL_AREA_STYLE('',(#14423));
#14423 = FILL_AREA_STYLE_COLOUR('',#14122);
#14424 = STYLED_ITEM('color',(#14425),#6101);
#14425 = PRESENTATION_STYLE_ASSIGNMENT((#14426));
#14426 = SURFACE_STYLE_USAGE(.BOTH.,#14427);
#14427 = SURFACE_SIDE_STYLE('',(#14428));
#14428 = SURFACE_STYLE_FILL_AREA(#14429);
#14429 = FILL_AREA_STYLE('',(#14430));
#14430 = FILL_AREA_STYLE_COLOUR('',#14122);
#14431 = STYLED_ITEM('color',(#14432),#6132);
#14432 = PRESENTATION_STYLE_ASSIGNMENT((#14433));
#14433 = SURFACE_STYLE_USAGE(.BOTH.,#14434);
#14434 = SURFACE_SIDE_STYLE('',(#14435));
#14435 = SURFACE_STYLE_FILL_AREA(#14436);
#14436 = FILL_AREA_STYLE('',(#14437));
#14437 = FILL_AREA_STYLE_COLOUR('',#14122);
#14438 = STYLED_ITEM('color',(#14439),#6156);
#14439 = PRESENTATION_STYLE_ASSIGNMENT((#14440));
#14440 = SURFACE_STYLE_USAGE(.BOTH.,#14441);
#14441 = SURFACE_SIDE_STYLE('',(#14442));
#14442 = SURFACE_STYLE_FILL_AREA(#14443);
#14443 = FILL_AREA_STYLE('',(#14444));
#14444 = FILL_AREA_STYLE_COLOUR('',#14122);
#14445 = STYLED_ITEM('color',(#14446),#6180);
#14446 = PRESENTATION_STYLE_ASSIGNMENT((#14447));
#14447 = SURFACE_STYLE_USAGE(.BOTH.,#14448);
#14448 = SURFACE_SIDE_STYLE('',(#14449));
#14449 = SURFACE_STYLE_FILL_AREA(#14450);
#14450 = FILL_AREA_STYLE('',(#14451));
#14451 = FILL_AREA_STYLE_COLOUR('',#14122);
#14452 = STYLED_ITEM('color',(#14453),#6197);
#14453 = PRESENTATION_STYLE_ASSIGNMENT((#14454));
#14454 = SURFACE_STYLE_USAGE(.BOTH.,#14455);
#14455 = SURFACE_SIDE_STYLE('',(#14456));
#14456 = SURFACE_STYLE_FILL_AREA(#14457);
#14457 = FILL_AREA_STYLE('',(#14458));
#14458 = FILL_AREA_STYLE_COLOUR('',#14122);
#14459 = STYLED_ITEM('color',(#14460),#6209);
#14460 = PRESENTATION_STYLE_ASSIGNMENT((#14461));
#14461 = SURFACE_STYLE_USAGE(.BOTH.,#14462);
#14462 = SURFACE_SIDE_STYLE('',(#14463));
#14463 = SURFACE_STYLE_FILL_AREA(#14464);
#14464 = FILL_AREA_STYLE('',(#14465));
#14465 = FILL_AREA_STYLE_COLOUR('',#14122);
#14466 = STYLED_ITEM('color',(#14467),#6221);
#14467 = PRESENTATION_STYLE_ASSIGNMENT((#14468));
#14468 = SURFACE_STYLE_USAGE(.BOTH.,#14469);
#14469 = SURFACE_SIDE_STYLE('',(#14470));
#14470 = SURFACE_STYLE_FILL_AREA(#14471);
#14471 = FILL_AREA_STYLE('',(#14472));
#14472 = FILL_AREA_STYLE_COLOUR('',#14122);
#14473 = STYLED_ITEM('color',(#14474),#6233);
#14474 = PRESENTATION_STYLE_ASSIGNMENT((#14475));
#14475 = SURFACE_STYLE_USAGE(.BOTH.,#14476);
#14476 = SURFACE_SIDE_STYLE('',(#14477));
#14477 = SURFACE_STYLE_FILL_AREA(#14478);
#14478 = FILL_AREA_STYLE('',(#14479));
#14479 = FILL_AREA_STYLE_COLOUR('',#14122);
#14480 = STYLED_ITEM('color',(#14481),#6245);
#14481 = PRESENTATION_STYLE_ASSIGNMENT((#14482));
#14482 = SURFACE_STYLE_USAGE(.BOTH.,#14483);
#14483 = SURFACE_SIDE_STYLE('',(#14484));
#14484 = SURFACE_STYLE_FILL_AREA(#14485);
#14485 = FILL_AREA_STYLE('',(#14486));
#14486 = FILL_AREA_STYLE_COLOUR('',#14122);
#14487 = STYLED_ITEM('color',(#14488),#6257);
#14488 = PRESENTATION_STYLE_ASSIGNMENT((#14489));
#14489 = SURFACE_STYLE_USAGE(.BOTH.,#14490);
#14490 = SURFACE_SIDE_STYLE('',(#14491));
#14491 = SURFACE_STYLE_FILL_AREA(#14492);
#14492 = FILL_AREA_STYLE('',(#14493));
#14493 = FILL_AREA_STYLE_COLOUR('',#14122);
#14494 = MECHANICAL_DESIGN_GEOMETRIC_PRESENTATION_REPRESENTATION('',(
    #14495,#14503,#14510,#14518,#14525,#14533,#14540,#14547,#14554,
    #14561,#14568,#14575,#14582,#14589,#14596,#14603,#14610,#14617,
    #14624,#14631,#14638,#14645,#14652,#14659,#14666,#14673,#14680,
    #14687,#14694,#14701,#14708,#14715,#14722,#14729,#14736,#14743,
    #14750,#14757,#14764,#14771,#14778,#14785,#14792,#14799,#14806,
    #14813),#1932);
#14495 = STYLED_ITEM('color',(#14496),#110);
#14496 = PRESENTATION_STYLE_ASSIGNMENT((#14497));
#14497 = SURFACE_STYLE_USAGE(.BOTH.,#14498);
#14498 = SURFACE_SIDE_STYLE('',(#14499));
#14499 = SURFACE_STYLE_FILL_AREA(#14500);
#14500 = FILL_AREA_STYLE('',(#14501));
#14501 = FILL_AREA_STYLE_COLOUR('',#14502);
#14502 = COLOUR_RGB('',0.823999987314,0.819999987296,0.781000009244);
#14503 = STYLED_ITEM('color',(#14504),#127);
#14504 = PRESENTATION_STYLE_ASSIGNMENT((#14505));
#14505 = SURFACE_STYLE_USAGE(.BOTH.,#14506);
#14506 = SURFACE_SIDE_STYLE('',(#14507));
#14507 = SURFACE_STYLE_FILL_AREA(#14508);
#14508 = FILL_AREA_STYLE('',(#14509));
#14509 = FILL_AREA_STYLE_COLOUR('',#14502);
#14510 = STYLED_ITEM('color',(#14511),#152);
#14511 = PRESENTATION_STYLE_ASSIGNMENT((#14512));
#14512 = SURFACE_STYLE_USAGE(.BOTH.,#14513);
#14513 = SURFACE_SIDE_STYLE('',(#14514));
#14514 = SURFACE_STYLE_FILL_AREA(#14515);
#14515 = FILL_AREA_STYLE('',(#14516));
#14516 = FILL_AREA_STYLE_COLOUR('',#14517);
#14517 = COLOUR_RGB('',0.136999991899,0.40200001271,0.726999997272);
#14518 = STYLED_ITEM('color',(#14519),#201);
#14519 = PRESENTATION_STYLE_ASSIGNMENT((#14520));
#14520 = SURFACE_STYLE_USAGE(.BOTH.,#14521);
#14521 = SURFACE_SIDE_STYLE('',(#14522));
#14522 = SURFACE_STYLE_FILL_AREA(#14523);
#14523 = FILL_AREA_STYLE('',(#14524));
#14524 = FILL_AREA_STYLE_COLOUR('',#14517);
#14525 = STYLED_ITEM('color',(#14526),#234);
#14526 = PRESENTATION_STYLE_ASSIGNMENT((#14527));
#14527 = SURFACE_STYLE_USAGE(.BOTH.,#14528);
#14528 = SURFACE_SIDE_STYLE('',(#14529));
#14529 = SURFACE_STYLE_FILL_AREA(#14530);
#14530 = FILL_AREA_STYLE('',(#14531));
#14531 = FILL_AREA_STYLE_COLOUR('',#14532);
#14532 = COLOUR_RGB('',0.690999977303,0.663999984767,0.597999987832);
#14533 = STYLED_ITEM('color',(#14534),#252);
#14534 = PRESENTATION_STYLE_ASSIGNMENT((#14535));
#14535 = SURFACE_STYLE_USAGE(.BOTH.,#14536);
#14536 = SURFACE_SIDE_STYLE('',(#14537));
#14537 = SURFACE_STYLE_FILL_AREA(#14538);
#14538 = FILL_AREA_STYLE('',(#14539));
#14539 = FILL_AREA_STYLE_COLOUR('',#14502);
#14540 = STYLED_ITEM('color',(#14541),#277);
#14541 = PRESENTATION_STYLE_ASSIGNMENT((#14542));
#14542 = SURFACE_STYLE_USAGE(.BOTH.,#14543);
#14543 = SURFACE_SIDE_STYLE('',(#14544));
#14544 = SURFACE_STYLE_FILL_AREA(#14545);
#14545 = FILL_AREA_STYLE('',(#14546));
#14546 = FILL_AREA_STYLE_COLOUR('',#14517);
#14547 = STYLED_ITEM('color',(#14548),#309);
#14548 = PRESENTATION_STYLE_ASSIGNMENT((#14549));
#14549 = SURFACE_STYLE_USAGE(.BOTH.,#14550);
#14550 = SURFACE_SIDE_STYLE('',(#14551));
#14551 = SURFACE_STYLE_FILL_AREA(#14552);
#14552 = FILL_AREA_STYLE('',(#14553));
#14553 = FILL_AREA_STYLE_COLOUR('',#14532);
#14554 = STYLED_ITEM('color',(#14555),#327);
#14555 = PRESENTATION_STYLE_ASSIGNMENT((#14556));
#14556 = SURFACE_STYLE_USAGE(.BOTH.,#14557);
#14557 = SURFACE_SIDE_STYLE('',(#14558));
#14558 = SURFACE_STYLE_FILL_AREA(#14559);
#14559 = FILL_AREA_STYLE('',(#14560));
#14560 = FILL_AREA_STYLE_COLOUR('',#14502);
#14561 = STYLED_ITEM('color',(#14562),#336);
#14562 = PRESENTATION_STYLE_ASSIGNMENT((#14563));
#14563 = SURFACE_STYLE_USAGE(.BOTH.,#14564);
#14564 = SURFACE_SIDE_STYLE('',(#14565));
#14565 = SURFACE_STYLE_FILL_AREA(#14566);
#14566 = FILL_AREA_STYLE('',(#14567));
#14567 = FILL_AREA_STYLE_COLOUR('',#14517);
#14568 = STYLED_ITEM('color',(#14569),#374);
#14569 = PRESENTATION_STYLE_ASSIGNMENT((#14570));
#14570 = SURFACE_STYLE_USAGE(.BOTH.,#14571);
#14571 = SURFACE_SIDE_STYLE('',(#14572));
#14572 = SURFACE_STYLE_FILL_AREA(#14573);
#14573 = FILL_AREA_STYLE('',(#14574));
#14574 = FILL_AREA_STYLE_COLOUR('',#14532);
#14575 = STYLED_ITEM('color',(#14576),#396);
#14576 = PRESENTATION_STYLE_ASSIGNMENT((#14577));
#14577 = SURFACE_STYLE_USAGE(.BOTH.,#14578);
#14578 = SURFACE_SIDE_STYLE('',(#14579));
#14579 = SURFACE_STYLE_FILL_AREA(#14580);
#14580 = FILL_AREA_STYLE('',(#14581));
#14581 = FILL_AREA_STYLE_COLOUR('',#14517);
#14582 = STYLED_ITEM('color',(#14583),#459);
#14583 = PRESENTATION_STYLE_ASSIGNMENT((#14584));
#14584 = SURFACE_STYLE_USAGE(.BOTH.,#14585);
#14585 = SURFACE_SIDE_STYLE('',(#14586));
#14586 = SURFACE_STYLE_FILL_AREA(#14587);
#14587 = FILL_AREA_STYLE('',(#14588));
#14588 = FILL_AREA_STYLE_COLOUR('',#14532);
#14589 = STYLED_ITEM('color',(#14590),#487);
#14590 = PRESENTATION_STYLE_ASSIGNMENT((#14591));
#14591 = SURFACE_STYLE_USAGE(.BOTH.,#14592);
#14592 = SURFACE_SIDE_STYLE('',(#14593));
#14593 = SURFACE_STYLE_FILL_AREA(#14594);
#14594 = FILL_AREA_STYLE('',(#14595));
#14595 = FILL_AREA_STYLE_COLOUR('',#14517);
#14596 = STYLED_ITEM('color',(#14597),#665);
#14597 = PRESENTATION_STYLE_ASSIGNMENT((#14598));
#14598 = SURFACE_STYLE_USAGE(.BOTH.,#14599);
#14599 = SURFACE_SIDE_STYLE('',(#14600));
#14600 = SURFACE_STYLE_FILL_AREA(#14601);
#14601 = FILL_AREA_STYLE('',(#14602));
#14602 = FILL_AREA_STYLE_COLOUR('',#14532);
#14603 = STYLED_ITEM('color',(#14604),#731);
#14604 = PRESENTATION_STYLE_ASSIGNMENT((#14605));
#14605 = SURFACE_STYLE_USAGE(.BOTH.,#14606);
#14606 = SURFACE_SIDE_STYLE('',(#14607));
#14607 = SURFACE_STYLE_FILL_AREA(#14608);
#14608 = FILL_AREA_STYLE('',(#14609));
#14609 = FILL_AREA_STYLE_COLOUR('',#14517);
#14610 = STYLED_ITEM('color',(#14611),#800);
#14611 = PRESENTATION_STYLE_ASSIGNMENT((#14612));
#14612 = SURFACE_STYLE_USAGE(.BOTH.,#14613);
#14613 = SURFACE_SIDE_STYLE('',(#14614));
#14614 = SURFACE_STYLE_FILL_AREA(#14615);
#14615 = FILL_AREA_STYLE('',(#14616));
#14616 = FILL_AREA_STYLE_COLOUR('',#14532);
#14617 = STYLED_ITEM('color',(#14618),#832);
#14618 = PRESENTATION_STYLE_ASSIGNMENT((#14619));
#14619 = SURFACE_STYLE_USAGE(.BOTH.,#14620);
#14620 = SURFACE_SIDE_STYLE('',(#14621));
#14621 = SURFACE_STYLE_FILL_AREA(#14622);
#14622 = FILL_AREA_STYLE('',(#14623));
#14623 = FILL_AREA_STYLE_COLOUR('',#14517);
#14624 = STYLED_ITEM('color',(#14625),#1010);
#14625 = PRESENTATION_STYLE_ASSIGNMENT((#14626));
#14626 = SURFACE_STYLE_USAGE(.BOTH.,#14627);
#14627 = SURFACE_SIDE_STYLE('',(#14628));
#14628 = SURFACE_STYLE_FILL_AREA(#14629);
#14629 = FILL_AREA_STYLE('',(#14630));
#14630 = FILL_AREA_STYLE_COLOUR('',#14532);
#14631 = STYLED_ITEM('color',(#14632),#1076);
#14632 = PRESENTATION_STYLE_ASSIGNMENT((#14633));
#14633 = SURFACE_STYLE_USAGE(.BOTH.,#14634);
#14634 = SURFACE_SIDE_STYLE('',(#14635));
#14635 = SURFACE_STYLE_FILL_AREA(#14636);
#14636 = FILL_AREA_STYLE('',(#14637));
#14637 = FILL_AREA_STYLE_COLOUR('',#14517);
#14638 = STYLED_ITEM('color',(#14639),#1108);
#14639 = PRESENTATION_STYLE_ASSIGNMENT((#14640));
#14640 = SURFACE_STYLE_USAGE(.BOTH.,#14641);
#14641 = SURFACE_SIDE_STYLE('',(#14642));
#14642 = SURFACE_STYLE_FILL_AREA(#14643);
#14643 = FILL_AREA_STYLE('',(#14644));
#14644 = FILL_AREA_STYLE_COLOUR('',#14532);
#14645 = STYLED_ITEM('color',(#14646),#1218);
#14646 = PRESENTATION_STYLE_ASSIGNMENT((#14647));
#14647 = SURFACE_STYLE_USAGE(.BOTH.,#14648);
#14648 = SURFACE_SIDE_STYLE('',(#14649));
#14649 = SURFACE_STYLE_FILL_AREA(#14650);
#14650 = FILL_AREA_STYLE('',(#14651));
#14651 = FILL_AREA_STYLE_COLOUR('',#14517);
#14652 = STYLED_ITEM('color',(#14653),#1252);
#14653 = PRESENTATION_STYLE_ASSIGNMENT((#14654));
#14654 = SURFACE_STYLE_USAGE(.BOTH.,#14655);
#14655 = SURFACE_SIDE_STYLE('',(#14656));
#14656 = SURFACE_STYLE_FILL_AREA(#14657);
#14657 = FILL_AREA_STYLE('',(#14658));
#14658 = FILL_AREA_STYLE_COLOUR('',#14532);
#14659 = STYLED_ITEM('color',(#14660),#1270);
#14660 = PRESENTATION_STYLE_ASSIGNMENT((#14661));
#14661 = SURFACE_STYLE_USAGE(.BOTH.,#14662);
#14662 = SURFACE_SIDE_STYLE('',(#14663));
#14663 = SURFACE_STYLE_FILL_AREA(#14664);
#14664 = FILL_AREA_STYLE('',(#14665));
#14665 = FILL_AREA_STYLE_COLOUR('',#13967);
#14666 = STYLED_ITEM('color',(#14667),#1286);
#14667 = PRESENTATION_STYLE_ASSIGNMENT((#14668));
#14668 = SURFACE_STYLE_USAGE(.BOTH.,#14669);
#14669 = SURFACE_SIDE_STYLE('',(#14670));
#14670 = SURFACE_STYLE_FILL_AREA(#14671);
#14671 = FILL_AREA_STYLE('',(#14672));
#14672 = FILL_AREA_STYLE_COLOUR('',#14517);
#14673 = STYLED_ITEM('color',(#14674),#1318);
#14674 = PRESENTATION_STYLE_ASSIGNMENT((#14675));
#14675 = SURFACE_STYLE_USAGE(.BOTH.,#14676);
#14676 = SURFACE_SIDE_STYLE('',(#14677));
#14677 = SURFACE_STYLE_FILL_AREA(#14678);
#14678 = FILL_AREA_STYLE('',(#14679));
#14679 = FILL_AREA_STYLE_COLOUR('',#14532);
#14680 = STYLED_ITEM('color',(#14681),#1336);
#14681 = PRESENTATION_STYLE_ASSIGNMENT((#14682));
#14682 = SURFACE_STYLE_USAGE(.BOTH.,#14683);
#14683 = SURFACE_SIDE_STYLE('',(#14684));
#14684 = SURFACE_STYLE_FILL_AREA(#14685);
#14685 = FILL_AREA_STYLE('',(#14686));
#14686 = FILL_AREA_STYLE_COLOUR('',#14517);
#14687 = STYLED_ITEM('color',(#14688),#1479);
#14688 = PRESENTATION_STYLE_ASSIGNMENT((#14689));
#14689 = SURFACE_STYLE_USAGE(.BOTH.,#14690);
#14690 = SURFACE_SIDE_STYLE('',(#14691));
#14691 = SURFACE_STYLE_FILL_AREA(#14692);
#14692 = FILL_AREA_STYLE('',(#14693));
#14693 = FILL_AREA_STYLE_COLOUR('',#14532);
#14694 = STYLED_ITEM('color',(#14695),#1531);
#14695 = PRESENTATION_STYLE_ASSIGNMENT((#14696));
#14696 = SURFACE_STYLE_USAGE(.BOTH.,#14697);
#14697 = SURFACE_SIDE_STYLE('',(#14698));
#14698 = SURFACE_STYLE_FILL_AREA(#14699);
#14699 = FILL_AREA_STYLE('',(#14700));
#14700 = FILL_AREA_STYLE_COLOUR('',#14502);
#14701 = STYLED_ITEM('color',(#14702),#1555);
#14702 = PRESENTATION_STYLE_ASSIGNMENT((#14703));
#14703 = SURFACE_STYLE_USAGE(.BOTH.,#14704);
#14704 = SURFACE_SIDE_STYLE('',(#14705));
#14705 = SURFACE_STYLE_FILL_AREA(#14706);
#14706 = FILL_AREA_STYLE('',(#14707));
#14707 = FILL_AREA_STYLE_COLOUR('',#14502);
#14708 = STYLED_ITEM('color',(#14709),#1579);
#14709 = PRESENTATION_STYLE_ASSIGNMENT((#14710));
#14710 = SURFACE_STYLE_USAGE(.BOTH.,#14711);
#14711 = SURFACE_SIDE_STYLE('',(#14712));
#14712 = SURFACE_STYLE_FILL_AREA(#14713);
#14713 = FILL_AREA_STYLE('',(#14714));
#14714 = FILL_AREA_STYLE_COLOUR('',#14502);
#14715 = STYLED_ITEM('color',(#14716),#1603);
#14716 = PRESENTATION_STYLE_ASSIGNMENT((#14717));
#14717 = SURFACE_STYLE_USAGE(.BOTH.,#14718);
#14718 = SURFACE_SIDE_STYLE('',(#14719));
#14719 = SURFACE_STYLE_FILL_AREA(#14720);
#14720 = FILL_AREA_STYLE('',(#14721));
#14721 = FILL_AREA_STYLE_COLOUR('',#14502);
#14722 = STYLED_ITEM('color',(#14723),#1665);
#14723 = PRESENTATION_STYLE_ASSIGNMENT((#14724));
#14724 = SURFACE_STYLE_USAGE(.BOTH.,#14725);
#14725 = SURFACE_SIDE_STYLE('',(#14726));
#14726 = SURFACE_STYLE_FILL_AREA(#14727);
#14727 = FILL_AREA_STYLE('',(#14728));
#14728 = FILL_AREA_STYLE_COLOUR('',#14502);
#14729 = STYLED_ITEM('color',(#14730),#1682);
#14730 = PRESENTATION_STYLE_ASSIGNMENT((#14731));
#14731 = SURFACE_STYLE_USAGE(.BOTH.,#14732);
#14732 = SURFACE_SIDE_STYLE('',(#14733));
#14733 = SURFACE_STYLE_FILL_AREA(#14734);
#14734 = FILL_AREA_STYLE('',(#14735));
#14735 = FILL_AREA_STYLE_COLOUR('',#14502);
#14736 = STYLED_ITEM('color',(#14737),#1706);
#14737 = PRESENTATION_STYLE_ASSIGNMENT((#14738));
#14738 = SURFACE_STYLE_USAGE(.BOTH.,#14739);
#14739 = SURFACE_SIDE_STYLE('',(#14740));
#14740 = SURFACE_STYLE_FILL_AREA(#14741);
#14741 = FILL_AREA_STYLE('',(#14742));
#14742 = FILL_AREA_STYLE_COLOUR('',#14502);
#14743 = STYLED_ITEM('color',(#14744),#1722);
#14744 = PRESENTATION_STYLE_ASSIGNMENT((#14745));
#14745 = SURFACE_STYLE_USAGE(.BOTH.,#14746);
#14746 = SURFACE_SIDE_STYLE('',(#14747));
#14747 = SURFACE_STYLE_FILL_AREA(#14748);
#14748 = FILL_AREA_STYLE('',(#14749));
#14749 = FILL_AREA_STYLE_COLOUR('',#14502);
#14750 = STYLED_ITEM('color',(#14751),#1746);
#14751 = PRESENTATION_STYLE_ASSIGNMENT((#14752));
#14752 = SURFACE_STYLE_USAGE(.BOTH.,#14753);
#14753 = SURFACE_SIDE_STYLE('',(#14754));
#14754 = SURFACE_STYLE_FILL_AREA(#14755);
#14755 = FILL_AREA_STYLE('',(#14756));
#14756 = FILL_AREA_STYLE_COLOUR('',#14502);
#14757 = STYLED_ITEM('color',(#14758),#1758);
#14758 = PRESENTATION_STYLE_ASSIGNMENT((#14759));
#14759 = SURFACE_STYLE_USAGE(.BOTH.,#14760);
#14760 = SURFACE_SIDE_STYLE('',(#14761));
#14761 = SURFACE_STYLE_FILL_AREA(#14762);
#14762 = FILL_AREA_STYLE('',(#14763));
#14763 = FILL_AREA_STYLE_COLOUR('',#14502);
#14764 = STYLED_ITEM('color',(#14765),#1774);
#14765 = PRESENTATION_STYLE_ASSIGNMENT((#14766));
#14766 = SURFACE_STYLE_USAGE(.BOTH.,#14767);
#14767 = SURFACE_SIDE_STYLE('',(#14768));
#14768 = SURFACE_STYLE_FILL_AREA(#14769);
#14769 = FILL_AREA_STYLE('',(#14770));
#14770 = FILL_AREA_STYLE_COLOUR('',#14502);
#14771 = STYLED_ITEM('color',(#14772),#1786);
#14772 = PRESENTATION_STYLE_ASSIGNMENT((#14773));
#14773 = SURFACE_STYLE_USAGE(.BOTH.,#14774);
#14774 = SURFACE_SIDE_STYLE('',(#14775));
#14775 = SURFACE_STYLE_FILL_AREA(#14776);
#14776 = FILL_AREA_STYLE('',(#14777));
#14777 = FILL_AREA_STYLE_COLOUR('',#14502);
#14778 = STYLED_ITEM('color',(#14779),#1798);
#14779 = PRESENTATION_STYLE_ASSIGNMENT((#14780));
#14780 = SURFACE_STYLE_USAGE(.BOTH.,#14781);
#14781 = SURFACE_SIDE_STYLE('',(#14782));
#14782 = SURFACE_STYLE_FILL_AREA(#14783);
#14783 = FILL_AREA_STYLE('',(#14784));
#14784 = FILL_AREA_STYLE_COLOUR('',#14502);
#14785 = STYLED_ITEM('color',(#14786),#1812);
#14786 = PRESENTATION_STYLE_ASSIGNMENT((#14787));
#14787 = SURFACE_STYLE_USAGE(.BOTH.,#14788);
#14788 = SURFACE_SIDE_STYLE('',(#14789));
#14789 = SURFACE_STYLE_FILL_AREA(#14790);
#14790 = FILL_AREA_STYLE('',(#14791));
#14791 = FILL_AREA_STYLE_COLOUR('',#14532);
#14792 = STYLED_ITEM('color',(#14793),#1845);
#14793 = PRESENTATION_STYLE_ASSIGNMENT((#14794));
#14794 = SURFACE_STYLE_USAGE(.BOTH.,#14795);
#14795 = SURFACE_SIDE_STYLE('',(#14796));
#14796 = SURFACE_STYLE_FILL_AREA(#14797);
#14797 = FILL_AREA_STYLE('',(#14798));
#14798 = FILL_AREA_STYLE_COLOUR('',#14532);
#14799 = STYLED_ITEM('color',(#14800),#1877);
#14800 = PRESENTATION_STYLE_ASSIGNMENT((#14801));
#14801 = SURFACE_STYLE_USAGE(.BOTH.,#14802);
#14802 = SURFACE_SIDE_STYLE('',(#14803));
#14803 = SURFACE_STYLE_FILL_AREA(#14804);
#14804 = FILL_AREA_STYLE('',(#14805));
#14805 = FILL_AREA_STYLE_COLOUR('',#14517);
#14806 = STYLED_ITEM('color',(#14807),#1894);
#14807 = PRESENTATION_STYLE_ASSIGNMENT((#14808));
#14808 = SURFACE_STYLE_USAGE(.BOTH.,#14809);
#14809 = SURFACE_SIDE_STYLE('',(#14810));
#14810 = SURFACE_STYLE_FILL_AREA(#14811);
#14811 = FILL_AREA_STYLE('',(#14812));
#14812 = FILL_AREA_STYLE_COLOUR('',#14517);
#14813 = STYLED_ITEM('color',(#14814),#1921);
#14814 = PRESENTATION_STYLE_ASSIGNMENT((#14815));
#14815 = SURFACE_STYLE_USAGE(.BOTH.,#14816);
#14816 = SURFACE_SIDE_STYLE('',(#14817));
#14817 = SURFACE_STYLE_FILL_AREA(#14818);
#14818 = FILL_AREA_STYLE('',(#14819));
#14819 = FILL_AREA_STYLE_COLOUR('',#14502);
#14820 = MECHANICAL_DESIGN_GEOMETRIC_PRESENTATION_REPRESENTATION('',(
    #14821,#14828,#14835,#14842,#14849,#14856,#14863,#14870,#14877,
    #14884,#14891,#14898,#14905,#14912,#14919,#14926,#14933,#14940,
    #14947,#14954,#14961,#14968,#14975,#14982,#14989,#14996,#15003,
    #15010,#15017,#15024,#15031,#15038,#15045,#15052,#15059,#15066,
    #15073,#15080,#15087,#15094,#15101,#15108,#15115,#15122,#15129,
    #15136,#15143,#15150,#15157,#15164,#15171,#15178),#3411);
#14821 = STYLED_ITEM('color',(#14822),#1981);
#14822 = PRESENTATION_STYLE_ASSIGNMENT((#14823));
#14823 = SURFACE_STYLE_USAGE(.BOTH.,#14824);
#14824 = SURFACE_SIDE_STYLE('',(#14825));
#14825 = SURFACE_STYLE_FILL_AREA(#14826);
#14826 = FILL_AREA_STYLE('',(#14827));
#14827 = FILL_AREA_STYLE_COLOUR('',#13967);
#14828 = STYLED_ITEM('color',(#14829),#2021);
#14829 = PRESENTATION_STYLE_ASSIGNMENT((#14830));
#14830 = SURFACE_STYLE_USAGE(.BOTH.,#14831);
#14831 = SURFACE_SIDE_STYLE('',(#14832));
#14832 = SURFACE_STYLE_FILL_AREA(#14833);
#14833 = FILL_AREA_STYLE('',(#14834));
#14834 = FILL_AREA_STYLE_COLOUR('',#13967);
#14835 = STYLED_ITEM('color',(#14836),#2052);
#14836 = PRESENTATION_STYLE_ASSIGNMENT((#14837));
#14837 = SURFACE_STYLE_USAGE(.BOTH.,#14838);
#14838 = SURFACE_SIDE_STYLE('',(#14839));
#14839 = SURFACE_STYLE_FILL_AREA(#14840);
#14840 = FILL_AREA_STYLE('',(#14841));
#14841 = FILL_AREA_STYLE_COLOUR('',#13967);
#14842 = STYLED_ITEM('color',(#14843),#2083);
#14843 = PRESENTATION_STYLE_ASSIGNMENT((#14844));
#14844 = SURFACE_STYLE_USAGE(.BOTH.,#14845);
#14845 = SURFACE_SIDE_STYLE('',(#14846));
#14846 = SURFACE_STYLE_FILL_AREA(#14847);
#14847 = FILL_AREA_STYLE('',(#14848));
#14848 = FILL_AREA_STYLE_COLOUR('',#13967);
#14849 = STYLED_ITEM('color',(#14850),#2248);
#14850 = PRESENTATION_STYLE_ASSIGNMENT((#14851));
#14851 = SURFACE_STYLE_USAGE(.BOTH.,#14852);
#14852 = SURFACE_SIDE_STYLE('',(#14853));
#14853 = SURFACE_STYLE_FILL_AREA(#14854);
#14854 = FILL_AREA_STYLE('',(#14855));
#14855 = FILL_AREA_STYLE_COLOUR('',#13967);
#14856 = STYLED_ITEM('color',(#14857),#2413);
#14857 = PRESENTATION_STYLE_ASSIGNMENT((#14858));
#14858 = SURFACE_STYLE_USAGE(.BOTH.,#14859);
#14859 = SURFACE_SIDE_STYLE('',(#14860));
#14860 = SURFACE_STYLE_FILL_AREA(#14861);
#14861 = FILL_AREA_STYLE('',(#14862));
#14862 = FILL_AREA_STYLE_COLOUR('',#13967);
#14863 = STYLED_ITEM('color',(#14864),#2430);
#14864 = PRESENTATION_STYLE_ASSIGNMENT((#14865));
#14865 = SURFACE_STYLE_USAGE(.BOTH.,#14866);
#14866 = SURFACE_SIDE_STYLE('',(#14867));
#14867 = SURFACE_STYLE_FILL_AREA(#14868);
#14868 = FILL_AREA_STYLE('',(#14869));
#14869 = FILL_AREA_STYLE_COLOUR('',#13967);
#14870 = STYLED_ITEM('color',(#14871),#2447);
#14871 = PRESENTATION_STYLE_ASSIGNMENT((#14872));
#14872 = SURFACE_STYLE_USAGE(.BOTH.,#14873);
#14873 = SURFACE_SIDE_STYLE('',(#14874));
#14874 = SURFACE_STYLE_FILL_AREA(#14875);
#14875 = FILL_AREA_STYLE('',(#14876));
#14876 = FILL_AREA_STYLE_COLOUR('',#13967);
#14877 = STYLED_ITEM('color',(#14878),#2464);
#14878 = PRESENTATION_STYLE_ASSIGNMENT((#14879));
#14879 = SURFACE_STYLE_USAGE(.BOTH.,#14880);
#14880 = SURFACE_SIDE_STYLE('',(#14881));
#14881 = SURFACE_STYLE_FILL_AREA(#14882);
#14882 = FILL_AREA_STYLE('',(#14883));
#14883 = FILL_AREA_STYLE_COLOUR('',#13967);
#14884 = STYLED_ITEM('color',(#14885),#2481);
#14885 = PRESENTATION_STYLE_ASSIGNMENT((#14886));
#14886 = SURFACE_STYLE_USAGE(.BOTH.,#14887);
#14887 = SURFACE_SIDE_STYLE('',(#14888));
#14888 = SURFACE_STYLE_FILL_AREA(#14889);
#14889 = FILL_AREA_STYLE('',(#14890));
#14890 = FILL_AREA_STYLE_COLOUR('',#13967);
#14891 = STYLED_ITEM('color',(#14892),#2498);
#14892 = PRESENTATION_STYLE_ASSIGNMENT((#14893));
#14893 = SURFACE_STYLE_USAGE(.BOTH.,#14894);
#14894 = SURFACE_SIDE_STYLE('',(#14895));
#14895 = SURFACE_STYLE_FILL_AREA(#14896);
#14896 = FILL_AREA_STYLE('',(#14897));
#14897 = FILL_AREA_STYLE_COLOUR('',#13967);
#14898 = STYLED_ITEM('color',(#14899),#2515);
#14899 = PRESENTATION_STYLE_ASSIGNMENT((#14900));
#14900 = SURFACE_STYLE_USAGE(.BOTH.,#14901);
#14901 = SURFACE_SIDE_STYLE('',(#14902));
#14902 = SURFACE_STYLE_FILL_AREA(#14903);
#14903 = FILL_AREA_STYLE('',(#14904));
#14904 = FILL_AREA_STYLE_COLOUR('',#13967);
#14905 = STYLED_ITEM('color',(#14906),#2532);
#14906 = PRESENTATION_STYLE_ASSIGNMENT((#14907));
#14907 = SURFACE_STYLE_USAGE(.BOTH.,#14908);
#14908 = SURFACE_SIDE_STYLE('',(#14909));
#14909 = SURFACE_STYLE_FILL_AREA(#14910);
#14910 = FILL_AREA_STYLE('',(#14911));
#14911 = FILL_AREA_STYLE_COLOUR('',#13967);
#14912 = STYLED_ITEM('color',(#14913),#2549);
#14913 = PRESENTATION_STYLE_ASSIGNMENT((#14914));
#14914 = SURFACE_STYLE_USAGE(.BOTH.,#14915);
#14915 = SURFACE_SIDE_STYLE('',(#14916));
#14916 = SURFACE_STYLE_FILL_AREA(#14917);
#14917 = FILL_AREA_STYLE('',(#14918));
#14918 = FILL_AREA_STYLE_COLOUR('',#13967);
#14919 = STYLED_ITEM('color',(#14920),#2566);
#14920 = PRESENTATION_STYLE_ASSIGNMENT((#14921));
#14921 = SURFACE_STYLE_USAGE(.BOTH.,#14922);
#14922 = SURFACE_SIDE_STYLE('',(#14923));
#14923 = SURFACE_STYLE_FILL_AREA(#14924);
#14924 = FILL_AREA_STYLE('',(#14925));
#14925 = FILL_AREA_STYLE_COLOUR('',#13967);
#14926 = STYLED_ITEM('color',(#14927),#2583);
#14927 = PRESENTATION_STYLE_ASSIGNMENT((#14928));
#14928 = SURFACE_STYLE_USAGE(.BOTH.,#14929);
#14929 = SURFACE_SIDE_STYLE('',(#14930));
#14930 = SURFACE_STYLE_FILL_AREA(#14931);
#14931 = FILL_AREA_STYLE('',(#14932));
#14932 = FILL_AREA_STYLE_COLOUR('',#13967);
#14933 = STYLED_ITEM('color',(#14934),#2595);
#14934 = PRESENTATION_STYLE_ASSIGNMENT((#14935));
#14935 = SURFACE_STYLE_USAGE(.BOTH.,#14936);
#14936 = SURFACE_SIDE_STYLE('',(#14937));
#14937 = SURFACE_STYLE_FILL_AREA(#14938);
#14938 = FILL_AREA_STYLE('',(#14939));
#14939 = FILL_AREA_STYLE_COLOUR('',#14122);
#14940 = STYLED_ITEM('color',(#14941),#2626);
#14941 = PRESENTATION_STYLE_ASSIGNMENT((#14942));
#14942 = SURFACE_STYLE_USAGE(.BOTH.,#14943);
#14943 = SURFACE_SIDE_STYLE('',(#14944));
#14944 = SURFACE_STYLE_FILL_AREA(#14945);
#14945 = FILL_AREA_STYLE('',(#14946));
#14946 = FILL_AREA_STYLE_COLOUR('',#14122);
#14947 = STYLED_ITEM('color',(#14948),#2650);
#14948 = PRESENTATION_STYLE_ASSIGNMENT((#14949));
#14949 = SURFACE_STYLE_USAGE(.BOTH.,#14950);
#14950 = SURFACE_SIDE_STYLE('',(#14951));
#14951 = SURFACE_STYLE_FILL_AREA(#14952);
#14952 = FILL_AREA_STYLE('',(#14953));
#14953 = FILL_AREA_STYLE_COLOUR('',#14122);
#14954 = STYLED_ITEM('color',(#14955),#2674);
#14955 = PRESENTATION_STYLE_ASSIGNMENT((#14956));
#14956 = SURFACE_STYLE_USAGE(.BOTH.,#14957);
#14957 = SURFACE_SIDE_STYLE('',(#14958));
#14958 = SURFACE_STYLE_FILL_AREA(#14959);
#14959 = FILL_AREA_STYLE('',(#14960));
#14960 = FILL_AREA_STYLE_COLOUR('',#14122);
#14961 = STYLED_ITEM('color',(#14962),#2691);
#14962 = PRESENTATION_STYLE_ASSIGNMENT((#14963));
#14963 = SURFACE_STYLE_USAGE(.BOTH.,#14964);
#14964 = SURFACE_SIDE_STYLE('',(#14965));
#14965 = SURFACE_STYLE_FILL_AREA(#14966);
#14966 = FILL_AREA_STYLE('',(#14967));
#14967 = FILL_AREA_STYLE_COLOUR('',#14122);
#14968 = STYLED_ITEM('color',(#14969),#2722);
#14969 = PRESENTATION_STYLE_ASSIGNMENT((#14970));
#14970 = SURFACE_STYLE_USAGE(.BOTH.,#14971);
#14971 = SURFACE_SIDE_STYLE('',(#14972));
#14972 = SURFACE_STYLE_FILL_AREA(#14973);
#14973 = FILL_AREA_STYLE('',(#14974));
#14974 = FILL_AREA_STYLE_COLOUR('',#14122);
#14975 = STYLED_ITEM('color',(#14976),#2746);
#14976 = PRESENTATION_STYLE_ASSIGNMENT((#14977));
#14977 = SURFACE_STYLE_USAGE(.BOTH.,#14978);
#14978 = SURFACE_SIDE_STYLE('',(#14979));
#14979 = SURFACE_STYLE_FILL_AREA(#14980);
#14980 = FILL_AREA_STYLE('',(#14981));
#14981 = FILL_AREA_STYLE_COLOUR('',#14122);
#14982 = STYLED_ITEM('color',(#14983),#2770);
#14983 = PRESENTATION_STYLE_ASSIGNMENT((#14984));
#14984 = SURFACE_STYLE_USAGE(.BOTH.,#14985);
#14985 = SURFACE_SIDE_STYLE('',(#14986));
#14986 = SURFACE_STYLE_FILL_AREA(#14987);
#14987 = FILL_AREA_STYLE('',(#14988));
#14988 = FILL_AREA_STYLE_COLOUR('',#14122);
#14989 = STYLED_ITEM('color',(#14990),#2787);
#14990 = PRESENTATION_STYLE_ASSIGNMENT((#14991));
#14991 = SURFACE_STYLE_USAGE(.BOTH.,#14992);
#14992 = SURFACE_SIDE_STYLE('',(#14993));
#14993 = SURFACE_STYLE_FILL_AREA(#14994);
#14994 = FILL_AREA_STYLE('',(#14995));
#14995 = FILL_AREA_STYLE_COLOUR('',#14122);
#14996 = STYLED_ITEM('color',(#14997),#2818);
#14997 = PRESENTATION_STYLE_ASSIGNMENT((#14998));
#14998 = SURFACE_STYLE_USAGE(.BOTH.,#14999);
#14999 = SURFACE_SIDE_STYLE('',(#15000));
#15000 = SURFACE_STYLE_FILL_AREA(#15001);
#15001 = FILL_AREA_STYLE('',(#15002));
#15002 = FILL_AREA_STYLE_COLOUR('',#14122);
#15003 = STYLED_ITEM('color',(#15004),#2842);
#15004 = PRESENTATION_STYLE_ASSIGNMENT((#15005));
#15005 = SURFACE_STYLE_USAGE(.BOTH.,#15006);
#15006 = SURFACE_SIDE_STYLE('',(#15007));
#15007 = SURFACE_STYLE_FILL_AREA(#15008);
#15008 = FILL_AREA_STYLE('',(#15009));
#15009 = FILL_AREA_STYLE_COLOUR('',#14122);
#15010 = STYLED_ITEM('color',(#15011),#2866);
#15011 = PRESENTATION_STYLE_ASSIGNMENT((#15012));
#15012 = SURFACE_STYLE_USAGE(.BOTH.,#15013);
#15013 = SURFACE_SIDE_STYLE('',(#15014));
#15014 = SURFACE_STYLE_FILL_AREA(#15015);
#15015 = FILL_AREA_STYLE('',(#15016));
#15016 = FILL_AREA_STYLE_COLOUR('',#14122);
#15017 = STYLED_ITEM('color',(#15018),#2883);
#15018 = PRESENTATION_STYLE_ASSIGNMENT((#15019));
#15019 = SURFACE_STYLE_USAGE(.BOTH.,#15020);
#15020 = SURFACE_SIDE_STYLE('',(#15021));
#15021 = SURFACE_STYLE_FILL_AREA(#15022);
#15022 = FILL_AREA_STYLE('',(#15023));
#15023 = FILL_AREA_STYLE_COLOUR('',#14122);
#15024 = STYLED_ITEM('color',(#15025),#2914);
#15025 = PRESENTATION_STYLE_ASSIGNMENT((#15026));
#15026 = SURFACE_STYLE_USAGE(.BOTH.,#15027);
#15027 = SURFACE_SIDE_STYLE('',(#15028));
#15028 = SURFACE_STYLE_FILL_AREA(#15029);
#15029 = FILL_AREA_STYLE('',(#15030));
#15030 = FILL_AREA_STYLE_COLOUR('',#14122);
#15031 = STYLED_ITEM('color',(#15032),#2938);
#15032 = PRESENTATION_STYLE_ASSIGNMENT((#15033));
#15033 = SURFACE_STYLE_USAGE(.BOTH.,#15034);
#15034 = SURFACE_SIDE_STYLE('',(#15035));
#15035 = SURFACE_STYLE_FILL_AREA(#15036);
#15036 = FILL_AREA_STYLE('',(#15037));
#15037 = FILL_AREA_STYLE_COLOUR('',#14122);
#15038 = STYLED_ITEM('color',(#15039),#2962);
#15039 = PRESENTATION_STYLE_ASSIGNMENT((#15040));
#15040 = SURFACE_STYLE_USAGE(.BOTH.,#15041);
#15041 = SURFACE_SIDE_STYLE('',(#15042));
#15042 = SURFACE_STYLE_FILL_AREA(#15043);
#15043 = FILL_AREA_STYLE('',(#15044));
#15044 = FILL_AREA_STYLE_COLOUR('',#14122);
#15045 = STYLED_ITEM('color',(#15046),#2979);
#15046 = PRESENTATION_STYLE_ASSIGNMENT((#15047));
#15047 = SURFACE_STYLE_USAGE(.BOTH.,#15048);
#15048 = SURFACE_SIDE_STYLE('',(#15049));
#15049 = SURFACE_STYLE_FILL_AREA(#15050);
#15050 = FILL_AREA_STYLE('',(#15051));
#15051 = FILL_AREA_STYLE_COLOUR('',#14122);
#15052 = STYLED_ITEM('color',(#15053),#3010);
#15053 = PRESENTATION_STYLE_ASSIGNMENT((#15054));
#15054 = SURFACE_STYLE_USAGE(.BOTH.,#15055);
#15055 = SURFACE_SIDE_STYLE('',(#15056));
#15056 = SURFACE_STYLE_FILL_AREA(#15057);
#15057 = FILL_AREA_STYLE('',(#15058));
#15058 = FILL_AREA_STYLE_COLOUR('',#14122);
#15059 = STYLED_ITEM('color',(#15060),#3034);
#15060 = PRESENTATION_STYLE_ASSIGNMENT((#15061));
#15061 = SURFACE_STYLE_USAGE(.BOTH.,#15062);
#15062 = SURFACE_SIDE_STYLE('',(#15063));
#15063 = SURFACE_STYLE_FILL_AREA(#15064);
#15064 = FILL_AREA_STYLE('',(#15065));
#15065 = FILL_AREA_STYLE_COLOUR('',#14122);
#15066 = STYLED_ITEM('color',(#15067),#3058);
#15067 = PRESENTATION_STYLE_ASSIGNMENT((#15068));
#15068 = SURFACE_STYLE_USAGE(.BOTH.,#15069);
#15069 = SURFACE_SIDE_STYLE('',(#15070));
#15070 = SURFACE_STYLE_FILL_AREA(#15071);
#15071 = FILL_AREA_STYLE('',(#15072));
#15072 = FILL_AREA_STYLE_COLOUR('',#14122);
#15073 = STYLED_ITEM('color',(#15074),#3075);
#15074 = PRESENTATION_STYLE_ASSIGNMENT((#15075));
#15075 = SURFACE_STYLE_USAGE(.BOTH.,#15076);
#15076 = SURFACE_SIDE_STYLE('',(#15077));
#15077 = SURFACE_STYLE_FILL_AREA(#15078);
#15078 = FILL_AREA_STYLE('',(#15079));
#15079 = FILL_AREA_STYLE_COLOUR('',#14122);
#15080 = STYLED_ITEM('color',(#15081),#3106);
#15081 = PRESENTATION_STYLE_ASSIGNMENT((#15082));
#15082 = SURFACE_STYLE_USAGE(.BOTH.,#15083);
#15083 = SURFACE_SIDE_STYLE('',(#15084));
#15084 = SURFACE_STYLE_FILL_AREA(#15085);
#15085 = FILL_AREA_STYLE('',(#15086));
#15086 = FILL_AREA_STYLE_COLOUR('',#14122);
#15087 = STYLED_ITEM('color',(#15088),#3130);
#15088 = PRESENTATION_STYLE_ASSIGNMENT((#15089));
#15089 = SURFACE_STYLE_USAGE(.BOTH.,#15090);
#15090 = SURFACE_SIDE_STYLE('',(#15091));
#15091 = SURFACE_STYLE_FILL_AREA(#15092);
#15092 = FILL_AREA_STYLE('',(#15093));
#15093 = FILL_AREA_STYLE_COLOUR('',#14122);
#15094 = STYLED_ITEM('color',(#15095),#3154);
#15095 = PRESENTATION_STYLE_ASSIGNMENT((#15096));
#15096 = SURFACE_STYLE_USAGE(.BOTH.,#15097);
#15097 = SURFACE_SIDE_STYLE('',(#15098));
#15098 = SURFACE_STYLE_FILL_AREA(#15099);
#15099 = FILL_AREA_STYLE('',(#15100));
#15100 = FILL_AREA_STYLE_COLOUR('',#14122);
#15101 = STYLED_ITEM('color',(#15102),#3171);
#15102 = PRESENTATION_STYLE_ASSIGNMENT((#15103));
#15103 = SURFACE_STYLE_USAGE(.BOTH.,#15104);
#15104 = SURFACE_SIDE_STYLE('',(#15105));
#15105 = SURFACE_STYLE_FILL_AREA(#15106);
#15106 = FILL_AREA_STYLE('',(#15107));
#15107 = FILL_AREA_STYLE_COLOUR('',#14122);
#15108 = STYLED_ITEM('color',(#15109),#3202);
#15109 = PRESENTATION_STYLE_ASSIGNMENT((#15110));
#15110 = SURFACE_STYLE_USAGE(.BOTH.,#15111);
#15111 = SURFACE_SIDE_STYLE('',(#15112));
#15112 = SURFACE_STYLE_FILL_AREA(#15113);
#15113 = FILL_AREA_STYLE('',(#15114));
#15114 = FILL_AREA_STYLE_COLOUR('',#14122);
#15115 = STYLED_ITEM('color',(#15116),#3226);
#15116 = PRESENTATION_STYLE_ASSIGNMENT((#15117));
#15117 = SURFACE_STYLE_USAGE(.BOTH.,#15118);
#15118 = SURFACE_SIDE_STYLE('',(#15119));
#15119 = SURFACE_STYLE_FILL_AREA(#15120);
#15120 = FILL_AREA_STYLE('',(#15121));
#15121 = FILL_AREA_STYLE_COLOUR('',#14122);
#15122 = STYLED_ITEM('color',(#15123),#3250);
#15123 = PRESENTATION_STYLE_ASSIGNMENT((#15124));
#15124 = SURFACE_STYLE_USAGE(.BOTH.,#15125);
#15125 = SURFACE_SIDE_STYLE('',(#15126));
#15126 = SURFACE_STYLE_FILL_AREA(#15127);
#15127 = FILL_AREA_STYLE('',(#15128));
#15128 = FILL_AREA_STYLE_COLOUR('',#14122);
#15129 = STYLED_ITEM('color',(#15130),#3267);
#15130 = PRESENTATION_STYLE_ASSIGNMENT((#15131));
#15131 = SURFACE_STYLE_USAGE(.BOTH.,#15132);
#15132 = SURFACE_SIDE_STYLE('',(#15133));
#15133 = SURFACE_STYLE_FILL_AREA(#15134);
#15134 = FILL_AREA_STYLE('',(#15135));
#15135 = FILL_AREA_STYLE_COLOUR('',#14122);
#15136 = STYLED_ITEM('color',(#15137),#3298);
#15137 = PRESENTATION_STYLE_ASSIGNMENT((#15138));
#15138 = SURFACE_STYLE_USAGE(.BOTH.,#15139);
#15139 = SURFACE_SIDE_STYLE('',(#15140));
#15140 = SURFACE_STYLE_FILL_AREA(#15141);
#15141 = FILL_AREA_STYLE('',(#15142));
#15142 = FILL_AREA_STYLE_COLOUR('',#14122);
#15143 = STYLED_ITEM('color',(#15144),#3322);
#15144 = PRESENTATION_STYLE_ASSIGNMENT((#15145));
#15145 = SURFACE_STYLE_USAGE(.BOTH.,#15146);
#15146 = SURFACE_SIDE_STYLE('',(#15147));
#15147 = SURFACE_STYLE_FILL_AREA(#15148);
#15148 = FILL_AREA_STYLE('',(#15149));
#15149 = FILL_AREA_STYLE_COLOUR('',#14122);
#15150 = STYLED_ITEM('color',(#15151),#3346);
#15151 = PRESENTATION_STYLE_ASSIGNMENT((#15152));
#15152 = SURFACE_STYLE_USAGE(.BOTH.,#15153);
#15153 = SURFACE_SIDE_STYLE('',(#15154));
#15154 = SURFACE_STYLE_FILL_AREA(#15155);
#15155 = FILL_AREA_STYLE('',(#15156));
#15156 = FILL_AREA_STYLE_COLOUR('',#14122);
#15157 = STYLED_ITEM('color',(#15158),#3363);
#15158 = PRESENTATION_STYLE_ASSIGNMENT((#15159));
#15159 = SURFACE_STYLE_USAGE(.BOTH.,#15160);
#15160 = SURFACE_SIDE_STYLE('',(#15161));
#15161 = SURFACE_STYLE_FILL_AREA(#15162);
#15162 = FILL_AREA_STYLE('',(#15163));
#15163 = FILL_AREA_STYLE_COLOUR('',#14122);
#15164 = STYLED_ITEM('color',(#15165),#3375);
#15165 = PRESENTATION_STYLE_ASSIGNMENT((#15166));
#15166 = SURFACE_STYLE_USAGE(.BOTH.,#15167);
#15167 = SURFACE_SIDE_STYLE('',(#15168));
#15168 = SURFACE_STYLE_FILL_AREA(#15169);
#15169 = FILL_AREA_STYLE('',(#15170));
#15170 = FILL_AREA_STYLE_COLOUR('',#14122);
#15171 = STYLED_ITEM('color',(#15172),#3387);
#15172 = PRESENTATION_STYLE_ASSIGNMENT((#15173));
#15173 = SURFACE_STYLE_USAGE(.BOTH.,#15174);
#15174 = SURFACE_SIDE_STYLE('',(#15175));
#15175 = SURFACE_STYLE_FILL_AREA(#15176);
#15176 = FILL_AREA_STYLE('',(#15177));
#15177 = FILL_AREA_STYLE_COLOUR('',#14122);
#15178 = STYLED_ITEM('color',(#15179),#3399);
#15179 = PRESENTATION_STYLE_ASSIGNMENT((#15180));
#15180 = SURFACE_STYLE_USAGE(.BOTH.,#15181);
#15181 = SURFACE_SIDE_STYLE('',(#15182));
#15182 = SURFACE_STYLE_FILL_AREA(#15183);
#15183 = FILL_AREA_STYLE('',(#15184));
#15184 = FILL_AREA_STYLE_COLOUR('',#14122);
#15185 = MECHANICAL_DESIGN_GEOMETRIC_PRESENTATION_REPRESENTATION('',(
    #15186,#15193,#15200,#15207,#15214,#15221,#15228,#15235,#15242,
    #15249,#15256,#15263,#15270,#15277,#15284,#15291,#15298,#15305,
    #15312,#15319,#15326,#15333,#15340,#15347,#15354,#15361,#15368,
    #15375,#15382,#15389,#15396,#15403,#15410,#15417,#15424,#15431,
    #15438,#15445,#15452,#15459,#15466,#15473,#15480,#15487,#15494,
    #15501,#15508,#15515,#15522,#15529,#15536,#15543,#15550,#15557,
    #15564,#15571,#15578,#15585,#15592,#15599,#15606,#15613,#15620,
    #15627,#15634,#15641,#15648,#15655,#15662,#15669,#15676,#15683,
    #15690,#15697,#15704,#15711,#15718,#15725,#15732,#15739,#15746,
    #15753,#15760,#15767,#15774,#15781,#15788,#15795,#15802,#15809,
    #15816,#15823,#15830,#15837,#15844,#15851,#15858,#15865,#15872,
    #15879,#15886,#15893,#15900,#15907,#15914,#15921,#15928,#15935,
    #15942,#15949,#15956,#15963,#15970,#15977,#15984,#15991,#15998,
    #16005,#16012,#16019,#16026,#16033,#16040,#16047,#16054,#16061,
    #16068,#16075,#16082,#16089,#16096,#16103,#16110,#16117,#16124,
    #16131,#16138,#16145,#16152,#16159,#16166,#16173,#16180,#16187,
    #16194,#16201,#16208,#16215),#11108);
#15186 = STYLED_ITEM('color',(#15187),#6338);
#15187 = PRESENTATION_STYLE_ASSIGNMENT((#15188));
#15188 = SURFACE_STYLE_USAGE(.BOTH.,#15189);
#15189 = SURFACE_SIDE_STYLE('',(#15190));
#15190 = SURFACE_STYLE_FILL_AREA(#15191);
#15191 = FILL_AREA_STYLE('',(#15192));
#15192 = FILL_AREA_STYLE_COLOUR('',#13967);
#15193 = STYLED_ITEM('color',(#15194),#6378);
#15194 = PRESENTATION_STYLE_ASSIGNMENT((#15195));
#15195 = SURFACE_STYLE_USAGE(.BOTH.,#15196);
#15196 = SURFACE_SIDE_STYLE('',(#15197));
#15197 = SURFACE_STYLE_FILL_AREA(#15198);
#15198 = FILL_AREA_STYLE('',(#15199));
#15199 = FILL_AREA_STYLE_COLOUR('',#13967);
#15200 = STYLED_ITEM('color',(#15201),#6471);
#15201 = PRESENTATION_STYLE_ASSIGNMENT((#15202));
#15202 = SURFACE_STYLE_USAGE(.BOTH.,#15203);
#15203 = SURFACE_SIDE_STYLE('',(#15204));
#15204 = SURFACE_STYLE_FILL_AREA(#15205);
#15205 = FILL_AREA_STYLE('',(#15206));
#15206 = FILL_AREA_STYLE_COLOUR('',#13967);
#15207 = STYLED_ITEM('color',(#15208),#6494);
#15208 = PRESENTATION_STYLE_ASSIGNMENT((#15209));
#15209 = SURFACE_STYLE_USAGE(.BOTH.,#15210);
#15210 = SURFACE_SIDE_STYLE('',(#15211));
#15211 = SURFACE_STYLE_FILL_AREA(#15212);
#15212 = FILL_AREA_STYLE('',(#15213));
#15213 = FILL_AREA_STYLE_COLOUR('',#13967);
#15214 = STYLED_ITEM('color',(#15215),#6581);
#15215 = PRESENTATION_STYLE_ASSIGNMENT((#15216));
#15216 = SURFACE_STYLE_USAGE(.BOTH.,#15217);
#15217 = SURFACE_SIDE_STYLE('',(#15218));
#15218 = SURFACE_STYLE_FILL_AREA(#15219);
#15219 = FILL_AREA_STYLE('',(#15220));
#15220 = FILL_AREA_STYLE_COLOUR('',#13967);
#15221 = STYLED_ITEM('color',(#15222),#6598);
#15222 = PRESENTATION_STYLE_ASSIGNMENT((#15223));
#15223 = SURFACE_STYLE_USAGE(.BOTH.,#15224);
#15224 = SURFACE_SIDE_STYLE('',(#15225));
#15225 = SURFACE_STYLE_FILL_AREA(#15226);
#15226 = FILL_AREA_STYLE('',(#15227));
#15227 = FILL_AREA_STYLE_COLOUR('',#13967);
#15228 = STYLED_ITEM('color',(#15229),#6628);
#15229 = PRESENTATION_STYLE_ASSIGNMENT((#15230));
#15230 = SURFACE_STYLE_USAGE(.BOTH.,#15231);
#15231 = SURFACE_SIDE_STYLE('',(#15232));
#15232 = SURFACE_STYLE_FILL_AREA(#15233);
#15233 = FILL_AREA_STYLE('',(#15234));
#15234 = FILL_AREA_STYLE_COLOUR('',#13967);
#15235 = STYLED_ITEM('color',(#15236),#6658);
#15236 = PRESENTATION_STYLE_ASSIGNMENT((#15237));
#15237 = SURFACE_STYLE_USAGE(.BOTH.,#15238);
#15238 = SURFACE_SIDE_STYLE('',(#15239));
#15239 = SURFACE_STYLE_FILL_AREA(#15240);
#15240 = FILL_AREA_STYLE('',(#15241));
#15241 = FILL_AREA_STYLE_COLOUR('',#14502);
#15242 = STYLED_ITEM('color',(#15243),#6689);
#15243 = PRESENTATION_STYLE_ASSIGNMENT((#15244));
#15244 = SURFACE_STYLE_USAGE(.BOTH.,#15245);
#15245 = SURFACE_SIDE_STYLE('',(#15246));
#15246 = SURFACE_STYLE_FILL_AREA(#15247);
#15247 = FILL_AREA_STYLE('',(#15248));
#15248 = FILL_AREA_STYLE_COLOUR('',#14502);
#15249 = STYLED_ITEM('color',(#15250),#6720);
#15250 = PRESENTATION_STYLE_ASSIGNMENT((#15251));
#15251 = SURFACE_STYLE_USAGE(.BOTH.,#15252);
#15252 = SURFACE_SIDE_STYLE('',(#15253));
#15253 = SURFACE_STYLE_FILL_AREA(#15254);
#15254 = FILL_AREA_STYLE('',(#15255));
#15255 = FILL_AREA_STYLE_COLOUR('',#13967);
#15256 = STYLED_ITEM('color',(#15257),#6751);
#15257 = PRESENTATION_STYLE_ASSIGNMENT((#15258));
#15258 = SURFACE_STYLE_USAGE(.BOTH.,#15259);
#15259 = SURFACE_SIDE_STYLE('',(#15260));
#15260 = SURFACE_STYLE_FILL_AREA(#15261);
#15261 = FILL_AREA_STYLE('',(#15262));
#15262 = FILL_AREA_STYLE_COLOUR('',#13967);
#15263 = STYLED_ITEM('color',(#15264),#6782);
#15264 = PRESENTATION_STYLE_ASSIGNMENT((#15265));
#15265 = SURFACE_STYLE_USAGE(.BOTH.,#15266);
#15266 = SURFACE_SIDE_STYLE('',(#15267));
#15267 = SURFACE_STYLE_FILL_AREA(#15268);
#15268 = FILL_AREA_STYLE('',(#15269));
#15269 = FILL_AREA_STYLE_COLOUR('',#14502);
#15270 = STYLED_ITEM('color',(#15271),#6813);
#15271 = PRESENTATION_STYLE_ASSIGNMENT((#15272));
#15272 = SURFACE_STYLE_USAGE(.BOTH.,#15273);
#15273 = SURFACE_SIDE_STYLE('',(#15274));
#15274 = SURFACE_STYLE_FILL_AREA(#15275);
#15275 = FILL_AREA_STYLE('',(#15276));
#15276 = FILL_AREA_STYLE_COLOUR('',#14502);
#15277 = STYLED_ITEM('color',(#15278),#6844);
#15278 = PRESENTATION_STYLE_ASSIGNMENT((#15279));
#15279 = SURFACE_STYLE_USAGE(.BOTH.,#15280);
#15280 = SURFACE_SIDE_STYLE('',(#15281));
#15281 = SURFACE_STYLE_FILL_AREA(#15282);
#15282 = FILL_AREA_STYLE('',(#15283));
#15283 = FILL_AREA_STYLE_COLOUR('',#13967);
#15284 = STYLED_ITEM('color',(#15285),#6875);
#15285 = PRESENTATION_STYLE_ASSIGNMENT((#15286));
#15286 = SURFACE_STYLE_USAGE(.BOTH.,#15287);
#15287 = SURFACE_SIDE_STYLE('',(#15288));
#15288 = SURFACE_STYLE_FILL_AREA(#15289);
#15289 = FILL_AREA_STYLE('',(#15290));
#15290 = FILL_AREA_STYLE_COLOUR('',#13967);
#15291 = STYLED_ITEM('color',(#15292),#6898);
#15292 = PRESENTATION_STYLE_ASSIGNMENT((#15293));
#15293 = SURFACE_STYLE_USAGE(.BOTH.,#15294);
#15294 = SURFACE_SIDE_STYLE('',(#15295));
#15295 = SURFACE_STYLE_FILL_AREA(#15296);
#15296 = FILL_AREA_STYLE('',(#15297));
#15297 = FILL_AREA_STYLE_COLOUR('',#13967);
#15298 = STYLED_ITEM('color',(#15299),#6922);
#15299 = PRESENTATION_STYLE_ASSIGNMENT((#15300));
#15300 = SURFACE_STYLE_USAGE(.BOTH.,#15301);
#15301 = SURFACE_SIDE_STYLE('',(#15302));
#15302 = SURFACE_STYLE_FILL_AREA(#15303);
#15303 = FILL_AREA_STYLE('',(#15304));
#15304 = FILL_AREA_STYLE_COLOUR('',#13967);
#15305 = STYLED_ITEM('color',(#15306),#6952);
#15306 = PRESENTATION_STYLE_ASSIGNMENT((#15307));
#15307 = SURFACE_STYLE_USAGE(.BOTH.,#15308);
#15308 = SURFACE_SIDE_STYLE('',(#15309));
#15309 = SURFACE_STYLE_FILL_AREA(#15310);
#15310 = FILL_AREA_STYLE('',(#15311));
#15311 = FILL_AREA_STYLE_COLOUR('',#14502);
#15312 = STYLED_ITEM('color',(#15313),#6983);
#15313 = PRESENTATION_STYLE_ASSIGNMENT((#15314));
#15314 = SURFACE_STYLE_USAGE(.BOTH.,#15315);
#15315 = SURFACE_SIDE_STYLE('',(#15316));
#15316 = SURFACE_STYLE_FILL_AREA(#15317);
#15317 = FILL_AREA_STYLE('',(#15318));
#15318 = FILL_AREA_STYLE_COLOUR('',#14502);
#15319 = STYLED_ITEM('color',(#15320),#7014);
#15320 = PRESENTATION_STYLE_ASSIGNMENT((#15321));
#15321 = SURFACE_STYLE_USAGE(.BOTH.,#15322);
#15322 = SURFACE_SIDE_STYLE('',(#15323));
#15323 = SURFACE_STYLE_FILL_AREA(#15324);
#15324 = FILL_AREA_STYLE('',(#15325));
#15325 = FILL_AREA_STYLE_COLOUR('',#13967);
#15326 = STYLED_ITEM('color',(#15327),#7045);
#15327 = PRESENTATION_STYLE_ASSIGNMENT((#15328));
#15328 = SURFACE_STYLE_USAGE(.BOTH.,#15329);
#15329 = SURFACE_SIDE_STYLE('',(#15330));
#15330 = SURFACE_STYLE_FILL_AREA(#15331);
#15331 = FILL_AREA_STYLE('',(#15332));
#15332 = FILL_AREA_STYLE_COLOUR('',#13967);
#15333 = STYLED_ITEM('color',(#15334),#7076);
#15334 = PRESENTATION_STYLE_ASSIGNMENT((#15335));
#15335 = SURFACE_STYLE_USAGE(.BOTH.,#15336);
#15336 = SURFACE_SIDE_STYLE('',(#15337));
#15337 = SURFACE_STYLE_FILL_AREA(#15338);
#15338 = FILL_AREA_STYLE('',(#15339));
#15339 = FILL_AREA_STYLE_COLOUR('',#14502);
#15340 = STYLED_ITEM('color',(#15341),#7107);
#15341 = PRESENTATION_STYLE_ASSIGNMENT((#15342));
#15342 = SURFACE_STYLE_USAGE(.BOTH.,#15343);
#15343 = SURFACE_SIDE_STYLE('',(#15344));
#15344 = SURFACE_STYLE_FILL_AREA(#15345);
#15345 = FILL_AREA_STYLE('',(#15346));
#15346 = FILL_AREA_STYLE_COLOUR('',#14502);
#15347 = STYLED_ITEM('color',(#15348),#7138);
#15348 = PRESENTATION_STYLE_ASSIGNMENT((#15349));
#15349 = SURFACE_STYLE_USAGE(.BOTH.,#15350);
#15350 = SURFACE_SIDE_STYLE('',(#15351));
#15351 = SURFACE_STYLE_FILL_AREA(#15352);
#15352 = FILL_AREA_STYLE('',(#15353));
#15353 = FILL_AREA_STYLE_COLOUR('',#13967);
#15354 = STYLED_ITEM('color',(#15355),#7169);
#15355 = PRESENTATION_STYLE_ASSIGNMENT((#15356));
#15356 = SURFACE_STYLE_USAGE(.BOTH.,#15357);
#15357 = SURFACE_SIDE_STYLE('',(#15358));
#15358 = SURFACE_STYLE_FILL_AREA(#15359);
#15359 = FILL_AREA_STYLE('',(#15360));
#15360 = FILL_AREA_STYLE_COLOUR('',#13967);
#15361 = STYLED_ITEM('color',(#15362),#7186);
#15362 = PRESENTATION_STYLE_ASSIGNMENT((#15363));
#15363 = SURFACE_STYLE_USAGE(.BOTH.,#15364);
#15364 = SURFACE_SIDE_STYLE('',(#15365));
#15365 = SURFACE_STYLE_FILL_AREA(#15366);
#15366 = FILL_AREA_STYLE('',(#15367));
#15367 = FILL_AREA_STYLE_COLOUR('',#13967);
#15368 = STYLED_ITEM('color',(#15369),#7216);
#15369 = PRESENTATION_STYLE_ASSIGNMENT((#15370));
#15370 = SURFACE_STYLE_USAGE(.BOTH.,#15371);
#15371 = SURFACE_SIDE_STYLE('',(#15372));
#15372 = SURFACE_STYLE_FILL_AREA(#15373);
#15373 = FILL_AREA_STYLE('',(#15374));
#15374 = FILL_AREA_STYLE_COLOUR('',#14502);
#15375 = STYLED_ITEM('color',(#15376),#7274);
#15376 = PRESENTATION_STYLE_ASSIGNMENT((#15377));
#15377 = SURFACE_STYLE_USAGE(.BOTH.,#15378);
#15378 = SURFACE_SIDE_STYLE('',(#15379));
#15379 = SURFACE_STYLE_FILL_AREA(#15380);
#15380 = FILL_AREA_STYLE('',(#15381));
#15381 = FILL_AREA_STYLE_COLOUR('',#14502);
#15382 = STYLED_ITEM('color',(#15383),#7332);
#15383 = PRESENTATION_STYLE_ASSIGNMENT((#15384));
#15384 = SURFACE_STYLE_USAGE(.BOTH.,#15385);
#15385 = SURFACE_SIDE_STYLE('',(#15386));
#15386 = SURFACE_STYLE_FILL_AREA(#15387);
#15387 = FILL_AREA_STYLE('',(#15388));
#15388 = FILL_AREA_STYLE_COLOUR('',#13967);
#15389 = STYLED_ITEM('color',(#15390),#7362);
#15390 = PRESENTATION_STYLE_ASSIGNMENT((#15391));
#15391 = SURFACE_STYLE_USAGE(.BOTH.,#15392);
#15392 = SURFACE_SIDE_STYLE('',(#15393));
#15393 = SURFACE_STYLE_FILL_AREA(#15394);
#15394 = FILL_AREA_STYLE('',(#15395));
#15395 = FILL_AREA_STYLE_COLOUR('',#14502);
#15396 = STYLED_ITEM('color',(#15397),#7420);
#15397 = PRESENTATION_STYLE_ASSIGNMENT((#15398));
#15398 = SURFACE_STYLE_USAGE(.BOTH.,#15399);
#15399 = SURFACE_SIDE_STYLE('',(#15400));
#15400 = SURFACE_STYLE_FILL_AREA(#15401);
#15401 = FILL_AREA_STYLE('',(#15402));
#15402 = FILL_AREA_STYLE_COLOUR('',#14502);
#15403 = STYLED_ITEM('color',(#15404),#7437);
#15404 = PRESENTATION_STYLE_ASSIGNMENT((#15405));
#15405 = SURFACE_STYLE_USAGE(.BOTH.,#15406);
#15406 = SURFACE_SIDE_STYLE('',(#15407));
#15407 = SURFACE_STYLE_FILL_AREA(#15408);
#15408 = FILL_AREA_STYLE('',(#15409));
#15409 = FILL_AREA_STYLE_COLOUR('',#14502);
#15410 = STYLED_ITEM('color',(#15411),#7462);
#15411 = PRESENTATION_STYLE_ASSIGNMENT((#15412));
#15412 = SURFACE_STYLE_USAGE(.BOTH.,#15413);
#15413 = SURFACE_SIDE_STYLE('',(#15414));
#15414 = SURFACE_STYLE_FILL_AREA(#15415);
#15415 = FILL_AREA_STYLE('',(#15416));
#15416 = FILL_AREA_STYLE_COLOUR('',#14502);
#15417 = STYLED_ITEM('color',(#15418),#7512);
#15418 = PRESENTATION_STYLE_ASSIGNMENT((#15419));
#15419 = SURFACE_STYLE_USAGE(.BOTH.,#15420);
#15420 = SURFACE_SIDE_STYLE('',(#15421));
#15421 = SURFACE_STYLE_FILL_AREA(#15422);
#15422 = FILL_AREA_STYLE('',(#15423));
#15423 = FILL_AREA_STYLE_COLOUR('',#13967);
#15424 = STYLED_ITEM('color',(#15425),#7543);
#15425 = PRESENTATION_STYLE_ASSIGNMENT((#15426));
#15426 = SURFACE_STYLE_USAGE(.BOTH.,#15427);
#15427 = SURFACE_SIDE_STYLE('',(#15428));
#15428 = SURFACE_STYLE_FILL_AREA(#15429);
#15429 = FILL_AREA_STYLE('',(#15430));
#15430 = FILL_AREA_STYLE_COLOUR('',#14502);
#15431 = STYLED_ITEM('color',(#15432),#7601);
#15432 = PRESENTATION_STYLE_ASSIGNMENT((#15433));
#15433 = SURFACE_STYLE_USAGE(.BOTH.,#15434);
#15434 = SURFACE_SIDE_STYLE('',(#15435));
#15435 = SURFACE_STYLE_FILL_AREA(#15436);
#15436 = FILL_AREA_STYLE('',(#15437));
#15437 = FILL_AREA_STYLE_COLOUR('',#14502);
#15438 = STYLED_ITEM('color',(#15439),#7659);
#15439 = PRESENTATION_STYLE_ASSIGNMENT((#15440));
#15440 = SURFACE_STYLE_USAGE(.BOTH.,#15441);
#15441 = SURFACE_SIDE_STYLE('',(#15442));
#15442 = SURFACE_STYLE_FILL_AREA(#15443);
#15443 = FILL_AREA_STYLE('',(#15444));
#15444 = FILL_AREA_STYLE_COLOUR('',#13967);
#15445 = STYLED_ITEM('color',(#15446),#7690);
#15446 = PRESENTATION_STYLE_ASSIGNMENT((#15447));
#15447 = SURFACE_STYLE_USAGE(.BOTH.,#15448);
#15448 = SURFACE_SIDE_STYLE('',(#15449));
#15449 = SURFACE_STYLE_FILL_AREA(#15450);
#15450 = FILL_AREA_STYLE('',(#15451));
#15451 = FILL_AREA_STYLE_COLOUR('',#14502);
#15452 = STYLED_ITEM('color',(#15453),#7748);
#15453 = PRESENTATION_STYLE_ASSIGNMENT((#15454));
#15454 = SURFACE_STYLE_USAGE(.BOTH.,#15455);
#15455 = SURFACE_SIDE_STYLE('',(#15456));
#15456 = SURFACE_STYLE_FILL_AREA(#15457);
#15457 = FILL_AREA_STYLE('',(#15458));
#15458 = FILL_AREA_STYLE_COLOUR('',#14502);
#15459 = STYLED_ITEM('color',(#15460),#7765);
#15460 = PRESENTATION_STYLE_ASSIGNMENT((#15461));
#15461 = SURFACE_STYLE_USAGE(.BOTH.,#15462);
#15462 = SURFACE_SIDE_STYLE('',(#15463));
#15463 = SURFACE_STYLE_FILL_AREA(#15464);
#15464 = FILL_AREA_STYLE('',(#15465));
#15465 = FILL_AREA_STYLE_COLOUR('',#14502);
#15466 = STYLED_ITEM('color',(#15467),#7790);
#15467 = PRESENTATION_STYLE_ASSIGNMENT((#15468));
#15468 = SURFACE_STYLE_USAGE(.BOTH.,#15469);
#15469 = SURFACE_SIDE_STYLE('',(#15470));
#15470 = SURFACE_STYLE_FILL_AREA(#15471);
#15471 = FILL_AREA_STYLE('',(#15472));
#15472 = FILL_AREA_STYLE_COLOUR('',#14502);
#15473 = STYLED_ITEM('color',(#15474),#7840);
#15474 = PRESENTATION_STYLE_ASSIGNMENT((#15475));
#15475 = SURFACE_STYLE_USAGE(.BOTH.,#15476);
#15476 = SURFACE_SIDE_STYLE('',(#15477));
#15477 = SURFACE_STYLE_FILL_AREA(#15478);
#15478 = FILL_AREA_STYLE('',(#15479));
#15479 = FILL_AREA_STYLE_COLOUR('',#13967);
#15480 = STYLED_ITEM('color',(#15481),#7871);
#15481 = PRESENTATION_STYLE_ASSIGNMENT((#15482));
#15482 = SURFACE_STYLE_USAGE(.BOTH.,#15483);
#15483 = SURFACE_SIDE_STYLE('',(#15484));
#15484 = SURFACE_STYLE_FILL_AREA(#15485);
#15485 = FILL_AREA_STYLE('',(#15486));
#15486 = FILL_AREA_STYLE_COLOUR('',#13967);
#15487 = STYLED_ITEM('color',(#15488),#7894);
#15488 = PRESENTATION_STYLE_ASSIGNMENT((#15489));
#15489 = SURFACE_STYLE_USAGE(.BOTH.,#15490);
#15490 = SURFACE_SIDE_STYLE('',(#15491));
#15491 = SURFACE_STYLE_FILL_AREA(#15492);
#15492 = FILL_AREA_STYLE('',(#15493));
#15493 = FILL_AREA_STYLE_COLOUR('',#13967);
#15494 = STYLED_ITEM('color',(#15495),#7918);
#15495 = PRESENTATION_STYLE_ASSIGNMENT((#15496));
#15496 = SURFACE_STYLE_USAGE(.BOTH.,#15497);
#15497 = SURFACE_SIDE_STYLE('',(#15498));
#15498 = SURFACE_STYLE_FILL_AREA(#15499);
#15499 = FILL_AREA_STYLE('',(#15500));
#15500 = FILL_AREA_STYLE_COLOUR('',#14502);
#15501 = STYLED_ITEM('color',(#15502),#7976);
#15502 = PRESENTATION_STYLE_ASSIGNMENT((#15503));
#15503 = SURFACE_STYLE_USAGE(.BOTH.,#15504);
#15504 = SURFACE_SIDE_STYLE('',(#15505));
#15505 = SURFACE_STYLE_FILL_AREA(#15506);
#15506 = FILL_AREA_STYLE('',(#15507));
#15507 = FILL_AREA_STYLE_COLOUR('',#14502);
#15508 = STYLED_ITEM('color',(#15509),#8034);
#15509 = PRESENTATION_STYLE_ASSIGNMENT((#15510));
#15510 = SURFACE_STYLE_USAGE(.BOTH.,#15511);
#15511 = SURFACE_SIDE_STYLE('',(#15512));
#15512 = SURFACE_STYLE_FILL_AREA(#15513);
#15513 = FILL_AREA_STYLE('',(#15514));
#15514 = FILL_AREA_STYLE_COLOUR('',#13967);
#15515 = STYLED_ITEM('color',(#15516),#8064);
#15516 = PRESENTATION_STYLE_ASSIGNMENT((#15517));
#15517 = SURFACE_STYLE_USAGE(.BOTH.,#15518);
#15518 = SURFACE_SIDE_STYLE('',(#15519));
#15519 = SURFACE_STYLE_FILL_AREA(#15520);
#15520 = FILL_AREA_STYLE('',(#15521));
#15521 = FILL_AREA_STYLE_COLOUR('',#14502);
#15522 = STYLED_ITEM('color',(#15523),#8122);
#15523 = PRESENTATION_STYLE_ASSIGNMENT((#15524));
#15524 = SURFACE_STYLE_USAGE(.BOTH.,#15525);
#15525 = SURFACE_SIDE_STYLE('',(#15526));
#15526 = SURFACE_STYLE_FILL_AREA(#15527);
#15527 = FILL_AREA_STYLE('',(#15528));
#15528 = FILL_AREA_STYLE_COLOUR('',#14502);
#15529 = STYLED_ITEM('color',(#15530),#8139);
#15530 = PRESENTATION_STYLE_ASSIGNMENT((#15531));
#15531 = SURFACE_STYLE_USAGE(.BOTH.,#15532);
#15532 = SURFACE_SIDE_STYLE('',(#15533));
#15533 = SURFACE_STYLE_FILL_AREA(#15534);
#15534 = FILL_AREA_STYLE('',(#15535));
#15535 = FILL_AREA_STYLE_COLOUR('',#14502);
#15536 = STYLED_ITEM('color',(#15537),#8197);
#15537 = PRESENTATION_STYLE_ASSIGNMENT((#15538));
#15538 = SURFACE_STYLE_USAGE(.BOTH.,#15539);
#15539 = SURFACE_SIDE_STYLE('',(#15540));
#15540 = SURFACE_STYLE_FILL_AREA(#15541);
#15541 = FILL_AREA_STYLE('',(#15542));
#15542 = FILL_AREA_STYLE_COLOUR('',#14502);
#15543 = STYLED_ITEM('color',(#15544),#8214);
#15544 = PRESENTATION_STYLE_ASSIGNMENT((#15545));
#15545 = SURFACE_STYLE_USAGE(.BOTH.,#15546);
#15546 = SURFACE_SIDE_STYLE('',(#15547));
#15547 = SURFACE_STYLE_FILL_AREA(#15548);
#15548 = FILL_AREA_STYLE('',(#15549));
#15549 = FILL_AREA_STYLE_COLOUR('',#13967);
#15550 = STYLED_ITEM('color',(#15551),#8245);
#15551 = PRESENTATION_STYLE_ASSIGNMENT((#15552));
#15552 = SURFACE_STYLE_USAGE(.BOTH.,#15553);
#15553 = SURFACE_SIDE_STYLE('',(#15554));
#15554 = SURFACE_STYLE_FILL_AREA(#15555);
#15555 = FILL_AREA_STYLE('',(#15556));
#15556 = FILL_AREA_STYLE_COLOUR('',#14502);
#15557 = STYLED_ITEM('color',(#15558),#8303);
#15558 = PRESENTATION_STYLE_ASSIGNMENT((#15559));
#15559 = SURFACE_STYLE_USAGE(.BOTH.,#15560);
#15560 = SURFACE_SIDE_STYLE('',(#15561));
#15561 = SURFACE_STYLE_FILL_AREA(#15562);
#15562 = FILL_AREA_STYLE('',(#15563));
#15563 = FILL_AREA_STYLE_COLOUR('',#14502);
#15564 = STYLED_ITEM('color',(#15565),#8361);
#15565 = PRESENTATION_STYLE_ASSIGNMENT((#15566));
#15566 = SURFACE_STYLE_USAGE(.BOTH.,#15567);
#15567 = SURFACE_SIDE_STYLE('',(#15568));
#15568 = SURFACE_STYLE_FILL_AREA(#15569);
#15569 = FILL_AREA_STYLE('',(#15570));
#15570 = FILL_AREA_STYLE_COLOUR('',#13967);
#15571 = STYLED_ITEM('color',(#15572),#8392);
#15572 = PRESENTATION_STYLE_ASSIGNMENT((#15573));
#15573 = SURFACE_STYLE_USAGE(.BOTH.,#15574);
#15574 = SURFACE_SIDE_STYLE('',(#15575));
#15575 = SURFACE_STYLE_FILL_AREA(#15576);
#15576 = FILL_AREA_STYLE('',(#15577));
#15577 = FILL_AREA_STYLE_COLOUR('',#14502);
#15578 = STYLED_ITEM('color',(#15579),#8450);
#15579 = PRESENTATION_STYLE_ASSIGNMENT((#15580));
#15580 = SURFACE_STYLE_USAGE(.BOTH.,#15581);
#15581 = SURFACE_SIDE_STYLE('',(#15582));
#15582 = SURFACE_STYLE_FILL_AREA(#15583);
#15583 = FILL_AREA_STYLE('',(#15584));
#15584 = FILL_AREA_STYLE_COLOUR('',#14502);
#15585 = STYLED_ITEM('color',(#15586),#8467);
#15586 = PRESENTATION_STYLE_ASSIGNMENT((#15587));
#15587 = SURFACE_STYLE_USAGE(.BOTH.,#15588);
#15588 = SURFACE_SIDE_STYLE('',(#15589));
#15589 = SURFACE_STYLE_FILL_AREA(#15590);
#15590 = FILL_AREA_STYLE('',(#15591));
#15591 = FILL_AREA_STYLE_COLOUR('',#14502);
#15592 = STYLED_ITEM('color',(#15593),#8525);
#15593 = PRESENTATION_STYLE_ASSIGNMENT((#15594));
#15594 = SURFACE_STYLE_USAGE(.BOTH.,#15595);
#15595 = SURFACE_SIDE_STYLE('',(#15596));
#15596 = SURFACE_STYLE_FILL_AREA(#15597);
#15597 = FILL_AREA_STYLE('',(#15598));
#15598 = FILL_AREA_STYLE_COLOUR('',#14502);
#15599 = STYLED_ITEM('color',(#15600),#8542);
#15600 = PRESENTATION_STYLE_ASSIGNMENT((#15601));
#15601 = SURFACE_STYLE_USAGE(.BOTH.,#15602);
#15602 = SURFACE_SIDE_STYLE('',(#15603));
#15603 = SURFACE_STYLE_FILL_AREA(#15604);
#15604 = FILL_AREA_STYLE('',(#15605));
#15605 = FILL_AREA_STYLE_COLOUR('',#13967);
#15606 = STYLED_ITEM('color',(#15607),#8573);
#15607 = PRESENTATION_STYLE_ASSIGNMENT((#15608));
#15608 = SURFACE_STYLE_USAGE(.BOTH.,#15609);
#15609 = SURFACE_SIDE_STYLE('',(#15610));
#15610 = SURFACE_STYLE_FILL_AREA(#15611);
#15611 = FILL_AREA_STYLE('',(#15612));
#15612 = FILL_AREA_STYLE_COLOUR('',#13967);
#15613 = STYLED_ITEM('color',(#15614),#8590);
#15614 = PRESENTATION_STYLE_ASSIGNMENT((#15615));
#15615 = SURFACE_STYLE_USAGE(.BOTH.,#15616);
#15616 = SURFACE_SIDE_STYLE('',(#15617));
#15617 = SURFACE_STYLE_FILL_AREA(#15618);
#15618 = FILL_AREA_STYLE('',(#15619));
#15619 = FILL_AREA_STYLE_COLOUR('',#13967);
#15620 = STYLED_ITEM('color',(#15621),#8647);
#15621 = PRESENTATION_STYLE_ASSIGNMENT((#15622));
#15622 = SURFACE_STYLE_USAGE(.BOTH.,#15623);
#15623 = SURFACE_SIDE_STYLE('',(#15624));
#15624 = SURFACE_STYLE_FILL_AREA(#15625);
#15625 = FILL_AREA_STYLE('',(#15626));
#15626 = FILL_AREA_STYLE_COLOUR('',#14502);
#15627 = STYLED_ITEM('color',(#15628),#8666);
#15628 = PRESENTATION_STYLE_ASSIGNMENT((#15629));
#15629 = SURFACE_STYLE_USAGE(.BOTH.,#15630);
#15630 = SURFACE_SIDE_STYLE('',(#15631));
#15631 = SURFACE_STYLE_FILL_AREA(#15632);
#15632 = FILL_AREA_STYLE('',(#15633));
#15633 = FILL_AREA_STYLE_COLOUR('',#14502);
#15634 = STYLED_ITEM('color',(#15635),#8715);
#15635 = PRESENTATION_STYLE_ASSIGNMENT((#15636));
#15636 = SURFACE_STYLE_USAGE(.BOTH.,#15637);
#15637 = SURFACE_SIDE_STYLE('',(#15638));
#15638 = SURFACE_STYLE_FILL_AREA(#15639);
#15639 = FILL_AREA_STYLE('',(#15640));
#15640 = FILL_AREA_STYLE_COLOUR('',#14502);
#15641 = STYLED_ITEM('color',(#15642),#8739);
#15642 = PRESENTATION_STYLE_ASSIGNMENT((#15643));
#15643 = SURFACE_STYLE_USAGE(.BOTH.,#15644);
#15644 = SURFACE_SIDE_STYLE('',(#15645));
#15645 = SURFACE_STYLE_FILL_AREA(#15646);
#15646 = FILL_AREA_STYLE('',(#15647));
#15647 = FILL_AREA_STYLE_COLOUR('',#14502);
#15648 = STYLED_ITEM('color',(#15649),#8786);
#15649 = PRESENTATION_STYLE_ASSIGNMENT((#15650));
#15650 = SURFACE_STYLE_USAGE(.BOTH.,#15651);
#15651 = SURFACE_SIDE_STYLE('',(#15652));
#15652 = SURFACE_STYLE_FILL_AREA(#15653);
#15653 = FILL_AREA_STYLE('',(#15654));
#15654 = FILL_AREA_STYLE_COLOUR('',#14502);
#15655 = STYLED_ITEM('color',(#15656),#8798);
#15656 = PRESENTATION_STYLE_ASSIGNMENT((#15657));
#15657 = SURFACE_STYLE_USAGE(.BOTH.,#15658);
#15658 = SURFACE_SIDE_STYLE('',(#15659));
#15659 = SURFACE_STYLE_FILL_AREA(#15660);
#15660 = FILL_AREA_STYLE('',(#15661));
#15661 = FILL_AREA_STYLE_COLOUR('',#14502);
#15662 = STYLED_ITEM('color',(#15663),#8817);
#15663 = PRESENTATION_STYLE_ASSIGNMENT((#15664));
#15664 = SURFACE_STYLE_USAGE(.BOTH.,#15665);
#15665 = SURFACE_SIDE_STYLE('',(#15666));
#15666 = SURFACE_STYLE_FILL_AREA(#15667);
#15667 = FILL_AREA_STYLE('',(#15668));
#15668 = FILL_AREA_STYLE_COLOUR('',#14502);
#15669 = STYLED_ITEM('color',(#15670),#8834);
#15670 = PRESENTATION_STYLE_ASSIGNMENT((#15671));
#15671 = SURFACE_STYLE_USAGE(.BOTH.,#15672);
#15672 = SURFACE_SIDE_STYLE('',(#15673));
#15673 = SURFACE_STYLE_FILL_AREA(#15674);
#15674 = FILL_AREA_STYLE('',(#15675));
#15675 = FILL_AREA_STYLE_COLOUR('',#14502);
#15676 = STYLED_ITEM('color',(#15677),#8883);
#15677 = PRESENTATION_STYLE_ASSIGNMENT((#15678));
#15678 = SURFACE_STYLE_USAGE(.BOTH.,#15679);
#15679 = SURFACE_SIDE_STYLE('',(#15680));
#15680 = SURFACE_STYLE_FILL_AREA(#15681);
#15681 = FILL_AREA_STYLE('',(#15682));
#15682 = FILL_AREA_STYLE_COLOUR('',#14502);
#15683 = STYLED_ITEM('color',(#15684),#8907);
#15684 = PRESENTATION_STYLE_ASSIGNMENT((#15685));
#15685 = SURFACE_STYLE_USAGE(.BOTH.,#15686);
#15686 = SURFACE_SIDE_STYLE('',(#15687));
#15687 = SURFACE_STYLE_FILL_AREA(#15688);
#15688 = FILL_AREA_STYLE('',(#15689));
#15689 = FILL_AREA_STYLE_COLOUR('',#14502);
#15690 = STYLED_ITEM('color',(#15691),#8949);
#15691 = PRESENTATION_STYLE_ASSIGNMENT((#15692));
#15692 = SURFACE_STYLE_USAGE(.BOTH.,#15693);
#15693 = SURFACE_SIDE_STYLE('',(#15694));
#15694 = SURFACE_STYLE_FILL_AREA(#15695);
#15695 = FILL_AREA_STYLE('',(#15696));
#15696 = FILL_AREA_STYLE_COLOUR('',#14502);
#15697 = STYLED_ITEM('color',(#15698),#8966);
#15698 = PRESENTATION_STYLE_ASSIGNMENT((#15699));
#15699 = SURFACE_STYLE_USAGE(.BOTH.,#15700);
#15700 = SURFACE_SIDE_STYLE('',(#15701));
#15701 = SURFACE_STYLE_FILL_AREA(#15702);
#15702 = FILL_AREA_STYLE('',(#15703));
#15703 = FILL_AREA_STYLE_COLOUR('',#14502);
#15704 = STYLED_ITEM('color',(#15705),#8983);
#15705 = PRESENTATION_STYLE_ASSIGNMENT((#15706));
#15706 = SURFACE_STYLE_USAGE(.BOTH.,#15707);
#15707 = SURFACE_SIDE_STYLE('',(#15708));
#15708 = SURFACE_STYLE_FILL_AREA(#15709);
#15709 = FILL_AREA_STYLE('',(#15710));
#15710 = FILL_AREA_STYLE_COLOUR('',#14502);
#15711 = STYLED_ITEM('color',(#15712),#9002);
#15712 = PRESENTATION_STYLE_ASSIGNMENT((#15713));
#15713 = SURFACE_STYLE_USAGE(.BOTH.,#15714);
#15714 = SURFACE_SIDE_STYLE('',(#15715));
#15715 = SURFACE_STYLE_FILL_AREA(#15716);
#15716 = FILL_AREA_STYLE('',(#15717));
#15717 = FILL_AREA_STYLE_COLOUR('',#14502);
#15718 = STYLED_ITEM('color',(#15719),#9067);
#15719 = PRESENTATION_STYLE_ASSIGNMENT((#15720));
#15720 = SURFACE_STYLE_USAGE(.BOTH.,#15721);
#15721 = SURFACE_SIDE_STYLE('',(#15722));
#15722 = SURFACE_STYLE_FILL_AREA(#15723);
#15723 = FILL_AREA_STYLE('',(#15724));
#15724 = FILL_AREA_STYLE_COLOUR('',#14502);
#15725 = STYLED_ITEM('color',(#15726),#9091);
#15726 = PRESENTATION_STYLE_ASSIGNMENT((#15727));
#15727 = SURFACE_STYLE_USAGE(.BOTH.,#15728);
#15728 = SURFACE_SIDE_STYLE('',(#15729));
#15729 = SURFACE_STYLE_FILL_AREA(#15730);
#15730 = FILL_AREA_STYLE('',(#15731));
#15731 = FILL_AREA_STYLE_COLOUR('',#14502);
#15732 = STYLED_ITEM('color',(#15733),#9154);
#15733 = PRESENTATION_STYLE_ASSIGNMENT((#15734));
#15734 = SURFACE_STYLE_USAGE(.BOTH.,#15735);
#15735 = SURFACE_SIDE_STYLE('',(#15736));
#15736 = SURFACE_STYLE_FILL_AREA(#15737);
#15737 = FILL_AREA_STYLE('',(#15738));
#15738 = FILL_AREA_STYLE_COLOUR('',#14502);
#15739 = STYLED_ITEM('color',(#15740),#9166);
#15740 = PRESENTATION_STYLE_ASSIGNMENT((#15741));
#15741 = SURFACE_STYLE_USAGE(.BOTH.,#15742);
#15742 = SURFACE_SIDE_STYLE('',(#15743));
#15743 = SURFACE_STYLE_FILL_AREA(#15744);
#15744 = FILL_AREA_STYLE('',(#15745));
#15745 = FILL_AREA_STYLE_COLOUR('',#14502);
#15746 = STYLED_ITEM('color',(#15747),#9231);
#15747 = PRESENTATION_STYLE_ASSIGNMENT((#15748));
#15748 = SURFACE_STYLE_USAGE(.BOTH.,#15749);
#15749 = SURFACE_SIDE_STYLE('',(#15750));
#15750 = SURFACE_STYLE_FILL_AREA(#15751);
#15751 = FILL_AREA_STYLE('',(#15752));
#15752 = FILL_AREA_STYLE_COLOUR('',#14502);
#15753 = STYLED_ITEM('color',(#15754),#9255);
#15754 = PRESENTATION_STYLE_ASSIGNMENT((#15755));
#15755 = SURFACE_STYLE_USAGE(.BOTH.,#15756);
#15756 = SURFACE_SIDE_STYLE('',(#15757));
#15757 = SURFACE_STYLE_FILL_AREA(#15758);
#15758 = FILL_AREA_STYLE('',(#15759));
#15759 = FILL_AREA_STYLE_COLOUR('',#14502);
#15760 = STYLED_ITEM('color',(#15761),#9318);
#15761 = PRESENTATION_STYLE_ASSIGNMENT((#15762));
#15762 = SURFACE_STYLE_USAGE(.BOTH.,#15763);
#15763 = SURFACE_SIDE_STYLE('',(#15764));
#15764 = SURFACE_STYLE_FILL_AREA(#15765);
#15765 = FILL_AREA_STYLE('',(#15766));
#15766 = FILL_AREA_STYLE_COLOUR('',#14502);
#15767 = STYLED_ITEM('color',(#15768),#9335);
#15768 = PRESENTATION_STYLE_ASSIGNMENT((#15769));
#15769 = SURFACE_STYLE_USAGE(.BOTH.,#15770);
#15770 = SURFACE_SIDE_STYLE('',(#15771));
#15771 = SURFACE_STYLE_FILL_AREA(#15772);
#15772 = FILL_AREA_STYLE('',(#15773));
#15773 = FILL_AREA_STYLE_COLOUR('',#14502);
#15774 = STYLED_ITEM('color',(#15775),#9349);
#15775 = PRESENTATION_STYLE_ASSIGNMENT((#15776));
#15776 = SURFACE_STYLE_USAGE(.BOTH.,#15777);
#15777 = SURFACE_SIDE_STYLE('',(#15778));
#15778 = SURFACE_STYLE_FILL_AREA(#15779);
#15779 = FILL_AREA_STYLE('',(#15780));
#15780 = FILL_AREA_STYLE_COLOUR('',#14502);
#15781 = STYLED_ITEM('color',(#15782),#9366);
#15782 = PRESENTATION_STYLE_ASSIGNMENT((#15783));
#15783 = SURFACE_STYLE_USAGE(.BOTH.,#15784);
#15784 = SURFACE_SIDE_STYLE('',(#15785));
#15785 = SURFACE_STYLE_FILL_AREA(#15786);
#15786 = FILL_AREA_STYLE('',(#15787));
#15787 = FILL_AREA_STYLE_COLOUR('',#14502);
#15788 = STYLED_ITEM('color',(#15789),#9383);
#15789 = PRESENTATION_STYLE_ASSIGNMENT((#15790));
#15790 = SURFACE_STYLE_USAGE(.BOTH.,#15791);
#15791 = SURFACE_SIDE_STYLE('',(#15792));
#15792 = SURFACE_STYLE_FILL_AREA(#15793);
#15793 = FILL_AREA_STYLE('',(#15794));
#15794 = FILL_AREA_STYLE_COLOUR('',#13967);
#15795 = STYLED_ITEM('color',(#15796),#9732);
#15796 = PRESENTATION_STYLE_ASSIGNMENT((#15797));
#15797 = SURFACE_STYLE_USAGE(.BOTH.,#15798);
#15798 = SURFACE_SIDE_STYLE('',(#15799));
#15799 = SURFACE_STYLE_FILL_AREA(#15800);
#15800 = FILL_AREA_STYLE('',(#15801));
#15801 = FILL_AREA_STYLE_COLOUR('',#13967);
#15802 = STYLED_ITEM('color',(#15803),#9783);
#15803 = PRESENTATION_STYLE_ASSIGNMENT((#15804));
#15804 = SURFACE_STYLE_USAGE(.BOTH.,#15805);
#15805 = SURFACE_SIDE_STYLE('',(#15806));
#15806 = SURFACE_STYLE_FILL_AREA(#15807);
#15807 = FILL_AREA_STYLE('',(#15808));
#15808 = FILL_AREA_STYLE_COLOUR('',#14502);
#15809 = STYLED_ITEM('color',(#15810),#9802);
#15810 = PRESENTATION_STYLE_ASSIGNMENT((#15811));
#15811 = SURFACE_STYLE_USAGE(.BOTH.,#15812);
#15812 = SURFACE_SIDE_STYLE('',(#15813));
#15813 = SURFACE_STYLE_FILL_AREA(#15814);
#15814 = FILL_AREA_STYLE('',(#15815));
#15815 = FILL_AREA_STYLE_COLOUR('',#14502);
#15816 = STYLED_ITEM('color',(#15817),#9851);
#15817 = PRESENTATION_STYLE_ASSIGNMENT((#15818));
#15818 = SURFACE_STYLE_USAGE(.BOTH.,#15819);
#15819 = SURFACE_SIDE_STYLE('',(#15820));
#15820 = SURFACE_STYLE_FILL_AREA(#15821);
#15821 = FILL_AREA_STYLE('',(#15822));
#15822 = FILL_AREA_STYLE_COLOUR('',#14502);
#15823 = STYLED_ITEM('color',(#15824),#9875);
#15824 = PRESENTATION_STYLE_ASSIGNMENT((#15825));
#15825 = SURFACE_STYLE_USAGE(.BOTH.,#15826);
#15826 = SURFACE_SIDE_STYLE('',(#15827));
#15827 = SURFACE_STYLE_FILL_AREA(#15828);
#15828 = FILL_AREA_STYLE('',(#15829));
#15829 = FILL_AREA_STYLE_COLOUR('',#14502);
#15830 = STYLED_ITEM('color',(#15831),#9922);
#15831 = PRESENTATION_STYLE_ASSIGNMENT((#15832));
#15832 = SURFACE_STYLE_USAGE(.BOTH.,#15833);
#15833 = SURFACE_SIDE_STYLE('',(#15834));
#15834 = SURFACE_STYLE_FILL_AREA(#15835);
#15835 = FILL_AREA_STYLE('',(#15836));
#15836 = FILL_AREA_STYLE_COLOUR('',#14502);
#15837 = STYLED_ITEM('color',(#15838),#9934);
#15838 = PRESENTATION_STYLE_ASSIGNMENT((#15839));
#15839 = SURFACE_STYLE_USAGE(.BOTH.,#15840);
#15840 = SURFACE_SIDE_STYLE('',(#15841));
#15841 = SURFACE_STYLE_FILL_AREA(#15842);
#15842 = FILL_AREA_STYLE('',(#15843));
#15843 = FILL_AREA_STYLE_COLOUR('',#14502);
#15844 = STYLED_ITEM('color',(#15845),#9988);
#15845 = PRESENTATION_STYLE_ASSIGNMENT((#15846));
#15846 = SURFACE_STYLE_USAGE(.BOTH.,#15847);
#15847 = SURFACE_SIDE_STYLE('',(#15848));
#15848 = SURFACE_STYLE_FILL_AREA(#15849);
#15849 = FILL_AREA_STYLE('',(#15850));
#15850 = FILL_AREA_STYLE_COLOUR('',#14502);
#15851 = STYLED_ITEM('color',(#15852),#10012);
#15852 = PRESENTATION_STYLE_ASSIGNMENT((#15853));
#15853 = SURFACE_STYLE_USAGE(.BOTH.,#15854);
#15854 = SURFACE_SIDE_STYLE('',(#15855));
#15855 = SURFACE_STYLE_FILL_AREA(#15856);
#15856 = FILL_AREA_STYLE('',(#15857));
#15857 = FILL_AREA_STYLE_COLOUR('',#14502);
#15858 = STYLED_ITEM('color',(#15859),#10054);
#15859 = PRESENTATION_STYLE_ASSIGNMENT((#15860));
#15860 = SURFACE_STYLE_USAGE(.BOTH.,#15861);
#15861 = SURFACE_SIDE_STYLE('',(#15862));
#15862 = SURFACE_STYLE_FILL_AREA(#15863);
#15863 = FILL_AREA_STYLE('',(#15864));
#15864 = FILL_AREA_STYLE_COLOUR('',#14502);
#15865 = STYLED_ITEM('color',(#15866),#10073);
#15866 = PRESENTATION_STYLE_ASSIGNMENT((#15867));
#15867 = SURFACE_STYLE_USAGE(.BOTH.,#15868);
#15868 = SURFACE_SIDE_STYLE('',(#15869));
#15869 = SURFACE_STYLE_FILL_AREA(#15870);
#15870 = FILL_AREA_STYLE('',(#15871));
#15871 = FILL_AREA_STYLE_COLOUR('',#14502);
#15872 = STYLED_ITEM('color',(#15873),#10085);
#15873 = PRESENTATION_STYLE_ASSIGNMENT((#15874));
#15874 = SURFACE_STYLE_USAGE(.BOTH.,#15875);
#15875 = SURFACE_SIDE_STYLE('',(#15876));
#15876 = SURFACE_STYLE_FILL_AREA(#15877);
#15877 = FILL_AREA_STYLE('',(#15878));
#15878 = FILL_AREA_STYLE_COLOUR('',#14502);
#15879 = STYLED_ITEM('color',(#15880),#10102);
#15880 = PRESENTATION_STYLE_ASSIGNMENT((#15881));
#15881 = SURFACE_STYLE_USAGE(.BOTH.,#15882);
#15882 = SURFACE_SIDE_STYLE('',(#15883));
#15883 = SURFACE_STYLE_FILL_AREA(#15884);
#15884 = FILL_AREA_STYLE('',(#15885));
#15885 = FILL_AREA_STYLE_COLOUR('',#14502);
#15886 = STYLED_ITEM('color',(#15887),#10119);
#15887 = PRESENTATION_STYLE_ASSIGNMENT((#15888));
#15888 = SURFACE_STYLE_USAGE(.BOTH.,#15889);
#15889 = SURFACE_SIDE_STYLE('',(#15890));
#15890 = SURFACE_STYLE_FILL_AREA(#15891);
#15891 = FILL_AREA_STYLE('',(#15892));
#15892 = FILL_AREA_STYLE_COLOUR('',#14502);
#15893 = STYLED_ITEM('color',(#15894),#10138);
#15894 = PRESENTATION_STYLE_ASSIGNMENT((#15895));
#15895 = SURFACE_STYLE_USAGE(.BOTH.,#15896);
#15896 = SURFACE_SIDE_STYLE('',(#15897));
#15897 = SURFACE_STYLE_FILL_AREA(#15898);
#15898 = FILL_AREA_STYLE('',(#15899));
#15899 = FILL_AREA_STYLE_COLOUR('',#14502);
#15900 = STYLED_ITEM('color',(#15901),#10155);
#15901 = PRESENTATION_STYLE_ASSIGNMENT((#15902));
#15902 = SURFACE_STYLE_USAGE(.BOTH.,#15903);
#15903 = SURFACE_SIDE_STYLE('',(#15904));
#15904 = SURFACE_STYLE_FILL_AREA(#15905);
#15905 = FILL_AREA_STYLE('',(#15906));
#15906 = FILL_AREA_STYLE_COLOUR('',#14502);
#15907 = STYLED_ITEM('color',(#15908),#10220);
#15908 = PRESENTATION_STYLE_ASSIGNMENT((#15909));
#15909 = SURFACE_STYLE_USAGE(.BOTH.,#15910);
#15910 = SURFACE_SIDE_STYLE('',(#15911));
#15911 = SURFACE_STYLE_FILL_AREA(#15912);
#15912 = FILL_AREA_STYLE('',(#15913));
#15913 = FILL_AREA_STYLE_COLOUR('',#14502);
#15914 = STYLED_ITEM('color',(#15915),#10244);
#15915 = PRESENTATION_STYLE_ASSIGNMENT((#15916));
#15916 = SURFACE_STYLE_USAGE(.BOTH.,#15917);
#15917 = SURFACE_SIDE_STYLE('',(#15918));
#15918 = SURFACE_STYLE_FILL_AREA(#15919);
#15919 = FILL_AREA_STYLE('',(#15920));
#15920 = FILL_AREA_STYLE_COLOUR('',#14502);
#15921 = STYLED_ITEM('color',(#15922),#10302);
#15922 = PRESENTATION_STYLE_ASSIGNMENT((#15923));
#15923 = SURFACE_STYLE_USAGE(.BOTH.,#15924);
#15924 = SURFACE_SIDE_STYLE('',(#15925));
#15925 = SURFACE_STYLE_FILL_AREA(#15926);
#15926 = FILL_AREA_STYLE('',(#15927));
#15927 = FILL_AREA_STYLE_COLOUR('',#14502);
#15928 = STYLED_ITEM('color',(#15929),#10324);
#15929 = PRESENTATION_STYLE_ASSIGNMENT((#15930));
#15930 = SURFACE_STYLE_USAGE(.BOTH.,#15931);
#15931 = SURFACE_SIDE_STYLE('',(#15932));
#15932 = SURFACE_STYLE_FILL_AREA(#15933);
#15933 = FILL_AREA_STYLE('',(#15934));
#15934 = FILL_AREA_STYLE_COLOUR('',#14502);
#15935 = STYLED_ITEM('color',(#15936),#10389);
#15936 = PRESENTATION_STYLE_ASSIGNMENT((#15937));
#15937 = SURFACE_STYLE_USAGE(.BOTH.,#15938);
#15938 = SURFACE_SIDE_STYLE('',(#15939));
#15939 = SURFACE_STYLE_FILL_AREA(#15940);
#15940 = FILL_AREA_STYLE('',(#15941));
#15941 = FILL_AREA_STYLE_COLOUR('',#14502);
#15942 = STYLED_ITEM('color',(#15943),#10413);
#15943 = PRESENTATION_STYLE_ASSIGNMENT((#15944));
#15944 = SURFACE_STYLE_USAGE(.BOTH.,#15945);
#15945 = SURFACE_SIDE_STYLE('',(#15946));
#15946 = SURFACE_STYLE_FILL_AREA(#15947);
#15947 = FILL_AREA_STYLE('',(#15948));
#15948 = FILL_AREA_STYLE_COLOUR('',#14502);
#15949 = STYLED_ITEM('color',(#15950),#10471);
#15950 = PRESENTATION_STYLE_ASSIGNMENT((#15951));
#15951 = SURFACE_STYLE_USAGE(.BOTH.,#15952);
#15952 = SURFACE_SIDE_STYLE('',(#15953));
#15953 = SURFACE_STYLE_FILL_AREA(#15954);
#15954 = FILL_AREA_STYLE('',(#15955));
#15955 = FILL_AREA_STYLE_COLOUR('',#14502);
#15956 = STYLED_ITEM('color',(#15957),#10485);
#15957 = PRESENTATION_STYLE_ASSIGNMENT((#15958));
#15958 = SURFACE_STYLE_USAGE(.BOTH.,#15959);
#15959 = SURFACE_SIDE_STYLE('',(#15960));
#15960 = SURFACE_STYLE_FILL_AREA(#15961);
#15961 = FILL_AREA_STYLE('',(#15962));
#15962 = FILL_AREA_STYLE_COLOUR('',#14502);
#15963 = STYLED_ITEM('color',(#15964),#10502);
#15964 = PRESENTATION_STYLE_ASSIGNMENT((#15965));
#15965 = SURFACE_STYLE_USAGE(.BOTH.,#15966);
#15966 = SURFACE_SIDE_STYLE('',(#15967));
#15967 = SURFACE_STYLE_FILL_AREA(#15968);
#15968 = FILL_AREA_STYLE('',(#15969));
#15969 = FILL_AREA_STYLE_COLOUR('',#14502);
#15970 = STYLED_ITEM('color',(#15971),#10519);
#15971 = PRESENTATION_STYLE_ASSIGNMENT((#15972));
#15972 = SURFACE_STYLE_USAGE(.BOTH.,#15973);
#15973 = SURFACE_SIDE_STYLE('',(#15974));
#15974 = SURFACE_STYLE_FILL_AREA(#15975);
#15975 = FILL_AREA_STYLE('',(#15976));
#15976 = FILL_AREA_STYLE_COLOUR('',#13967);
#15977 = STYLED_ITEM('color',(#15978),#10536);
#15978 = PRESENTATION_STYLE_ASSIGNMENT((#15979));
#15979 = SURFACE_STYLE_USAGE(.BOTH.,#15980);
#15980 = SURFACE_SIDE_STYLE('',(#15981));
#15981 = SURFACE_STYLE_FILL_AREA(#15982);
#15982 = FILL_AREA_STYLE('',(#15983));
#15983 = FILL_AREA_STYLE_COLOUR('',#13967);
#15984 = STYLED_ITEM('color',(#15985),#10565);
#15985 = PRESENTATION_STYLE_ASSIGNMENT((#15986));
#15986 = SURFACE_STYLE_USAGE(.BOTH.,#15987);
#15987 = SURFACE_SIDE_STYLE('',(#15988));
#15988 = SURFACE_STYLE_FILL_AREA(#15989);
#15989 = FILL_AREA_STYLE('',(#15990));
#15990 = FILL_AREA_STYLE_COLOUR('',#14502);
#15991 = STYLED_ITEM('color',(#15992),#10582);
#15992 = PRESENTATION_STYLE_ASSIGNMENT((#15993));
#15993 = SURFACE_STYLE_USAGE(.BOTH.,#15994);
#15994 = SURFACE_SIDE_STYLE('',(#15995));
#15995 = SURFACE_STYLE_FILL_AREA(#15996);
#15996 = FILL_AREA_STYLE('',(#15997));
#15997 = FILL_AREA_STYLE_COLOUR('',#14502);
#15998 = STYLED_ITEM('color',(#15999),#10599);
#15999 = PRESENTATION_STYLE_ASSIGNMENT((#16000));
#16000 = SURFACE_STYLE_USAGE(.BOTH.,#16001);
#16001 = SURFACE_SIDE_STYLE('',(#16002));
#16002 = SURFACE_STYLE_FILL_AREA(#16003);
#16003 = FILL_AREA_STYLE('',(#16004));
#16004 = FILL_AREA_STYLE_COLOUR('',#14502);
#16005 = STYLED_ITEM('color',(#16006),#10611);
#16006 = PRESENTATION_STYLE_ASSIGNMENT((#16007));
#16007 = SURFACE_STYLE_USAGE(.BOTH.,#16008);
#16008 = SURFACE_SIDE_STYLE('',(#16009));
#16009 = SURFACE_STYLE_FILL_AREA(#16010);
#16010 = FILL_AREA_STYLE('',(#16011));
#16011 = FILL_AREA_STYLE_COLOUR('',#14502);
#16012 = STYLED_ITEM('color',(#16013),#10628);
#16013 = PRESENTATION_STYLE_ASSIGNMENT((#16014));
#16014 = SURFACE_STYLE_USAGE(.BOTH.,#16015);
#16015 = SURFACE_SIDE_STYLE('',(#16016));
#16016 = SURFACE_STYLE_FILL_AREA(#16017);
#16017 = FILL_AREA_STYLE('',(#16018));
#16018 = FILL_AREA_STYLE_COLOUR('',#14502);
#16019 = STYLED_ITEM('color',(#16020),#10645);
#16020 = PRESENTATION_STYLE_ASSIGNMENT((#16021));
#16021 = SURFACE_STYLE_USAGE(.BOTH.,#16022);
#16022 = SURFACE_SIDE_STYLE('',(#16023));
#16023 = SURFACE_STYLE_FILL_AREA(#16024);
#16024 = FILL_AREA_STYLE('',(#16025));
#16025 = FILL_AREA_STYLE_COLOUR('',#14502);
#16026 = STYLED_ITEM('color',(#16027),#10657);
#16027 = PRESENTATION_STYLE_ASSIGNMENT((#16028));
#16028 = SURFACE_STYLE_USAGE(.BOTH.,#16029);
#16029 = SURFACE_SIDE_STYLE('',(#16030));
#16030 = SURFACE_STYLE_FILL_AREA(#16031);
#16031 = FILL_AREA_STYLE('',(#16032));
#16032 = FILL_AREA_STYLE_COLOUR('',#14502);
#16033 = STYLED_ITEM('color',(#16034),#10674);
#16034 = PRESENTATION_STYLE_ASSIGNMENT((#16035));
#16035 = SURFACE_STYLE_USAGE(.BOTH.,#16036);
#16036 = SURFACE_SIDE_STYLE('',(#16037));
#16037 = SURFACE_STYLE_FILL_AREA(#16038);
#16038 = FILL_AREA_STYLE('',(#16039));
#16039 = FILL_AREA_STYLE_COLOUR('',#14502);
#16040 = STYLED_ITEM('color',(#16041),#10691);
#16041 = PRESENTATION_STYLE_ASSIGNMENT((#16042));
#16042 = SURFACE_STYLE_USAGE(.BOTH.,#16043);
#16043 = SURFACE_SIDE_STYLE('',(#16044));
#16044 = SURFACE_STYLE_FILL_AREA(#16045);
#16045 = FILL_AREA_STYLE('',(#16046));
#16046 = FILL_AREA_STYLE_COLOUR('',#14502);
#16047 = STYLED_ITEM('color',(#16048),#10708);
#16048 = PRESENTATION_STYLE_ASSIGNMENT((#16049));
#16049 = SURFACE_STYLE_USAGE(.BOTH.,#16050);
#16050 = SURFACE_SIDE_STYLE('',(#16051));
#16051 = SURFACE_STYLE_FILL_AREA(#16052);
#16052 = FILL_AREA_STYLE('',(#16053));
#16053 = FILL_AREA_STYLE_COLOUR('',#14502);
#16054 = STYLED_ITEM('color',(#16055),#10725);
#16055 = PRESENTATION_STYLE_ASSIGNMENT((#16056));
#16056 = SURFACE_STYLE_USAGE(.BOTH.,#16057);
#16057 = SURFACE_SIDE_STYLE('',(#16058));
#16058 = SURFACE_STYLE_FILL_AREA(#16059);
#16059 = FILL_AREA_STYLE('',(#16060));
#16060 = FILL_AREA_STYLE_COLOUR('',#14502);
#16061 = STYLED_ITEM('color',(#16062),#10737);
#16062 = PRESENTATION_STYLE_ASSIGNMENT((#16063));
#16063 = SURFACE_STYLE_USAGE(.BOTH.,#16064);
#16064 = SURFACE_SIDE_STYLE('',(#16065));
#16065 = SURFACE_STYLE_FILL_AREA(#16066);
#16066 = FILL_AREA_STYLE('',(#16067));
#16067 = FILL_AREA_STYLE_COLOUR('',#14502);
#16068 = STYLED_ITEM('color',(#16069),#10754);
#16069 = PRESENTATION_STYLE_ASSIGNMENT((#16070));
#16070 = SURFACE_STYLE_USAGE(.BOTH.,#16071);
#16071 = SURFACE_SIDE_STYLE('',(#16072));
#16072 = SURFACE_STYLE_FILL_AREA(#16073);
#16073 = FILL_AREA_STYLE('',(#16074));
#16074 = FILL_AREA_STYLE_COLOUR('',#14502);
#16075 = STYLED_ITEM('color',(#16076),#10771);
#16076 = PRESENTATION_STYLE_ASSIGNMENT((#16077));
#16077 = SURFACE_STYLE_USAGE(.BOTH.,#16078);
#16078 = SURFACE_SIDE_STYLE('',(#16079));
#16079 = SURFACE_STYLE_FILL_AREA(#16080);
#16080 = FILL_AREA_STYLE('',(#16081));
#16081 = FILL_AREA_STYLE_COLOUR('',#14502);
#16082 = STYLED_ITEM('color',(#16083),#10788);
#16083 = PRESENTATION_STYLE_ASSIGNMENT((#16084));
#16084 = SURFACE_STYLE_USAGE(.BOTH.,#16085);
#16085 = SURFACE_SIDE_STYLE('',(#16086));
#16086 = SURFACE_STYLE_FILL_AREA(#16087);
#16087 = FILL_AREA_STYLE('',(#16088));
#16088 = FILL_AREA_STYLE_COLOUR('',#14502);
#16089 = STYLED_ITEM('color',(#16090),#10805);
#16090 = PRESENTATION_STYLE_ASSIGNMENT((#16091));
#16091 = SURFACE_STYLE_USAGE(.BOTH.,#16092);
#16092 = SURFACE_SIDE_STYLE('',(#16093));
#16093 = SURFACE_STYLE_FILL_AREA(#16094);
#16094 = FILL_AREA_STYLE('',(#16095));
#16095 = FILL_AREA_STYLE_COLOUR('',#14502);
#16096 = STYLED_ITEM('color',(#16097),#10817);
#16097 = PRESENTATION_STYLE_ASSIGNMENT((#16098));
#16098 = SURFACE_STYLE_USAGE(.BOTH.,#16099);
#16099 = SURFACE_SIDE_STYLE('',(#16100));
#16100 = SURFACE_STYLE_FILL_AREA(#16101);
#16101 = FILL_AREA_STYLE('',(#16102));
#16102 = FILL_AREA_STYLE_COLOUR('',#13967);
#16103 = STYLED_ITEM('color',(#16104),#10845);
#16104 = PRESENTATION_STYLE_ASSIGNMENT((#16105));
#16105 = SURFACE_STYLE_USAGE(.BOTH.,#16106);
#16106 = SURFACE_SIDE_STYLE('',(#16107));
#16107 = SURFACE_STYLE_FILL_AREA(#16108);
#16108 = FILL_AREA_STYLE('',(#16109));
#16109 = FILL_AREA_STYLE_COLOUR('',#13967);
#16110 = STYLED_ITEM('color',(#16111),#10856);
#16111 = PRESENTATION_STYLE_ASSIGNMENT((#16112));
#16112 = SURFACE_STYLE_USAGE(.BOTH.,#16113);
#16113 = SURFACE_SIDE_STYLE('',(#16114));
#16114 = SURFACE_STYLE_FILL_AREA(#16115);
#16115 = FILL_AREA_STYLE('',(#16116));
#16116 = FILL_AREA_STYLE_COLOUR('',#14502);
#16117 = STYLED_ITEM('color',(#16118),#10873);
#16118 = PRESENTATION_STYLE_ASSIGNMENT((#16119));
#16119 = SURFACE_STYLE_USAGE(.BOTH.,#16120);
#16120 = SURFACE_SIDE_STYLE('',(#16121));
#16121 = SURFACE_STYLE_FILL_AREA(#16122);
#16122 = FILL_AREA_STYLE('',(#16123));
#16123 = FILL_AREA_STYLE_COLOUR('',#14502);
#16124 = STYLED_ITEM('color',(#16125),#10890);
#16125 = PRESENTATION_STYLE_ASSIGNMENT((#16126));
#16126 = SURFACE_STYLE_USAGE(.BOTH.,#16127);
#16127 = SURFACE_SIDE_STYLE('',(#16128));
#16128 = SURFACE_STYLE_FILL_AREA(#16129);
#16129 = FILL_AREA_STYLE('',(#16130));
#16130 = FILL_AREA_STYLE_COLOUR('',#14502);
#16131 = STYLED_ITEM('color',(#16132),#10902);
#16132 = PRESENTATION_STYLE_ASSIGNMENT((#16133));
#16133 = SURFACE_STYLE_USAGE(.BOTH.,#16134);
#16134 = SURFACE_SIDE_STYLE('',(#16135));
#16135 = SURFACE_STYLE_FILL_AREA(#16136);
#16136 = FILL_AREA_STYLE('',(#16137));
#16137 = FILL_AREA_STYLE_COLOUR('',#14502);
#16138 = STYLED_ITEM('color',(#16139),#10919);
#16139 = PRESENTATION_STYLE_ASSIGNMENT((#16140));
#16140 = SURFACE_STYLE_USAGE(.BOTH.,#16141);
#16141 = SURFACE_SIDE_STYLE('',(#16142));
#16142 = SURFACE_STYLE_FILL_AREA(#16143);
#16143 = FILL_AREA_STYLE('',(#16144));
#16144 = FILL_AREA_STYLE_COLOUR('',#14502);
#16145 = STYLED_ITEM('color',(#16146),#10936);
#16146 = PRESENTATION_STYLE_ASSIGNMENT((#16147));
#16147 = SURFACE_STYLE_USAGE(.BOTH.,#16148);
#16148 = SURFACE_SIDE_STYLE('',(#16149));
#16149 = SURFACE_STYLE_FILL_AREA(#16150);
#16150 = FILL_AREA_STYLE('',(#16151));
#16151 = FILL_AREA_STYLE_COLOUR('',#14502);
#16152 = STYLED_ITEM('color',(#16153),#10948);
#16153 = PRESENTATION_STYLE_ASSIGNMENT((#16154));
#16154 = SURFACE_STYLE_USAGE(.BOTH.,#16155);
#16155 = SURFACE_SIDE_STYLE('',(#16156));
#16156 = SURFACE_STYLE_FILL_AREA(#16157);
#16157 = FILL_AREA_STYLE('',(#16158));
#16158 = FILL_AREA_STYLE_COLOUR('',#14502);
#16159 = STYLED_ITEM('color',(#16160),#10965);
#16160 = PRESENTATION_STYLE_ASSIGNMENT((#16161));
#16161 = SURFACE_STYLE_USAGE(.BOTH.,#16162);
#16162 = SURFACE_SIDE_STYLE('',(#16163));
#16163 = SURFACE_STYLE_FILL_AREA(#16164);
#16164 = FILL_AREA_STYLE('',(#16165));
#16165 = FILL_AREA_STYLE_COLOUR('',#14502);
#16166 = STYLED_ITEM('color',(#16167),#10982);
#16167 = PRESENTATION_STYLE_ASSIGNMENT((#16168));
#16168 = SURFACE_STYLE_USAGE(.BOTH.,#16169);
#16169 = SURFACE_SIDE_STYLE('',(#16170));
#16170 = SURFACE_STYLE_FILL_AREA(#16171);
#16171 = FILL_AREA_STYLE('',(#16172));
#16172 = FILL_AREA_STYLE_COLOUR('',#14502);
#16173 = STYLED_ITEM('color',(#16174),#10999);
#16174 = PRESENTATION_STYLE_ASSIGNMENT((#16175));
#16175 = SURFACE_STYLE_USAGE(.BOTH.,#16176);
#16176 = SURFACE_SIDE_STYLE('',(#16177));
#16177 = SURFACE_STYLE_FILL_AREA(#16178);
#16178 = FILL_AREA_STYLE('',(#16179));
#16179 = FILL_AREA_STYLE_COLOUR('',#14502);
#16180 = STYLED_ITEM('color',(#16181),#11016);
#16181 = PRESENTATION_STYLE_ASSIGNMENT((#16182));
#16182 = SURFACE_STYLE_USAGE(.BOTH.,#16183);
#16183 = SURFACE_SIDE_STYLE('',(#16184));
#16184 = SURFACE_STYLE_FILL_AREA(#16185);
#16185 = FILL_AREA_STYLE('',(#16186));
#16186 = FILL_AREA_STYLE_COLOUR('',#14502);
#16187 = STYLED_ITEM('color',(#16188),#11028);
#16188 = PRESENTATION_STYLE_ASSIGNMENT((#16189));
#16189 = SURFACE_STYLE_USAGE(.BOTH.,#16190);
#16190 = SURFACE_SIDE_STYLE('',(#16191));
#16191 = SURFACE_STYLE_FILL_AREA(#16192);
#16192 = FILL_AREA_STYLE('',(#16193));
#16193 = FILL_AREA_STYLE_COLOUR('',#14502);
#16194 = STYLED_ITEM('color',(#16195),#11045);
#16195 = PRESENTATION_STYLE_ASSIGNMENT((#16196));
#16196 = SURFACE_STYLE_USAGE(.BOTH.,#16197);
#16197 = SURFACE_SIDE_STYLE('',(#16198));
#16198 = SURFACE_STYLE_FILL_AREA(#16199);
#16199 = FILL_AREA_STYLE('',(#16200));
#16200 = FILL_AREA_STYLE_COLOUR('',#14502);
#16201 = STYLED_ITEM('color',(#16202),#11062);
#16202 = PRESENTATION_STYLE_ASSIGNMENT((#16203));
#16203 = SURFACE_STYLE_USAGE(.BOTH.,#16204);
#16204 = SURFACE_SIDE_STYLE('',(#16205));
#16205 = SURFACE_STYLE_FILL_AREA(#16206);
#16206 = FILL_AREA_STYLE('',(#16207));
#16207 = FILL_AREA_STYLE_COLOUR('',#14502);
#16208 = STYLED_ITEM('color',(#16209),#11079);
#16209 = PRESENTATION_STYLE_ASSIGNMENT((#16210));
#16210 = SURFACE_STYLE_USAGE(.BOTH.,#16211);
#16211 = SURFACE_SIDE_STYLE('',(#16212));
#16212 = SURFACE_STYLE_FILL_AREA(#16213);
#16213 = FILL_AREA_STYLE('',(#16214));
#16214 = FILL_AREA_STYLE_COLOUR('',#14502);
#16215 = STYLED_ITEM('color',(#16216),#11096);
#16216 = PRESENTATION_STYLE_ASSIGNMENT((#16217));
#16217 = SURFACE_STYLE_USAGE(.BOTH.,#16218);
#16218 = SURFACE_SIDE_STYLE('',(#16219));
#16219 = SURFACE_STYLE_FILL_AREA(#16220);
#16220 = FILL_AREA_STYLE('',(#16221));
#16221 = FILL_AREA_STYLE_COLOUR('',#14502);
#16222 = MECHANICAL_DESIGN_GEOMETRIC_PRESENTATION_REPRESENTATION('',(
    #16223),#13948);
#16223 = STYLED_ITEM('color',(#16224),#11132);
#16224 = PRESENTATION_STYLE_ASSIGNMENT((#16225));
#16225 = SURFACE_STYLE_USAGE(.BOTH.,#16226);
#16226 = SURFACE_SIDE_STYLE('',(#16227));
#16227 = SURFACE_STYLE_FILL_AREA(#16228);
#16228 = FILL_AREA_STYLE('',(#16229));
#16229 = FILL_AREA_STYLE_COLOUR('',#16230);
#16230 = COLOUR_RGB('',0.313304153717,0.484529207832,0.410020903123);
#16231 = MECHANICAL_DESIGN_GEOMETRIC_PRESENTATION_REPRESENTATION('',(
    #16232,#16240,#16247,#16254,#16261,#16268,#16275,#16282,#16289,
    #16296,#16303,#16310,#16317,#16324,#16331),#4116);
#16232 = STYLED_ITEM('color',(#16233),#3455);
#16233 = PRESENTATION_STYLE_ASSIGNMENT((#16234));
#16234 = SURFACE_STYLE_USAGE(.BOTH.,#16235);
#16235 = SURFACE_SIDE_STYLE('',(#16236));
#16236 = SURFACE_STYLE_FILL_AREA(#16237);
#16237 = FILL_AREA_STYLE('',(#16238));
#16238 = FILL_AREA_STYLE_COLOUR('',#16239);
#16239 = COLOUR_RGB('',0.883000012551,0.711000022565,0.492000011028);
#16240 = STYLED_ITEM('color',(#16241),#3488);
#16241 = PRESENTATION_STYLE_ASSIGNMENT((#16242));
#16242 = SURFACE_STYLE_USAGE(.BOTH.,#16243);
#16243 = SURFACE_SIDE_STYLE('',(#16244));
#16244 = SURFACE_STYLE_FILL_AREA(#16245);
#16245 = FILL_AREA_STYLE('',(#16246));
#16246 = FILL_AREA_STYLE_COLOUR('',#16239);
#16247 = STYLED_ITEM('color',(#16248),#3514);
#16248 = PRESENTATION_STYLE_ASSIGNMENT((#16249));
#16249 = SURFACE_STYLE_USAGE(.BOTH.,#16250);
#16250 = SURFACE_SIDE_STYLE('',(#16251));
#16251 = SURFACE_STYLE_FILL_AREA(#16252);
#16252 = FILL_AREA_STYLE('',(#16253));
#16253 = FILL_AREA_STYLE_COLOUR('',#16239);
#16254 = STYLED_ITEM('color',(#16255),#3534);
#16255 = PRESENTATION_STYLE_ASSIGNMENT((#16256));
#16256 = SURFACE_STYLE_USAGE(.BOTH.,#16257);
#16257 = SURFACE_SIDE_STYLE('',(#16258));
#16258 = SURFACE_STYLE_FILL_AREA(#16259);
#16259 = FILL_AREA_STYLE('',(#16260));
#16260 = FILL_AREA_STYLE_COLOUR('',#16239);
#16261 = STYLED_ITEM('color',(#16262),#3717);
#16262 = PRESENTATION_STYLE_ASSIGNMENT((#16263));
#16263 = SURFACE_STYLE_USAGE(.BOTH.,#16264);
#16264 = SURFACE_SIDE_STYLE('',(#16265));
#16265 = SURFACE_STYLE_FILL_AREA(#16266);
#16266 = FILL_AREA_STYLE('',(#16267));
#16267 = FILL_AREA_STYLE_COLOUR('',#16239);
#16268 = STYLED_ITEM('color',(#16269),#3742);
#16269 = PRESENTATION_STYLE_ASSIGNMENT((#16270));
#16270 = SURFACE_STYLE_USAGE(.BOTH.,#16271);
#16271 = SURFACE_SIDE_STYLE('',(#16272));
#16272 = SURFACE_STYLE_FILL_AREA(#16273);
#16273 = FILL_AREA_STYLE('',(#16274));
#16274 = FILL_AREA_STYLE_COLOUR('',#14502);
#16275 = STYLED_ITEM('color',(#16276),#3768);
#16276 = PRESENTATION_STYLE_ASSIGNMENT((#16277));
#16277 = SURFACE_STYLE_USAGE(.BOTH.,#16278);
#16278 = SURFACE_SIDE_STYLE('',(#16279));
#16279 = SURFACE_STYLE_FILL_AREA(#16280);
#16280 = FILL_AREA_STYLE('',(#16281));
#16281 = FILL_AREA_STYLE_COLOUR('',#16239);
#16282 = STYLED_ITEM('color',(#16283),#3788);
#16283 = PRESENTATION_STYLE_ASSIGNMENT((#16284));
#16284 = SURFACE_STYLE_USAGE(.BOTH.,#16285);
#16285 = SURFACE_SIDE_STYLE('',(#16286));
#16286 = SURFACE_STYLE_FILL_AREA(#16287);
#16287 = FILL_AREA_STYLE('',(#16288));
#16288 = FILL_AREA_STYLE_COLOUR('',#14502);
#16289 = STYLED_ITEM('color',(#16290),#3813);
#16290 = PRESENTATION_STYLE_ASSIGNMENT((#16291));
#16291 = SURFACE_STYLE_USAGE(.BOTH.,#16292);
#16292 = SURFACE_SIDE_STYLE('',(#16293));
#16293 = SURFACE_STYLE_FILL_AREA(#16294);
#16294 = FILL_AREA_STYLE('',(#16295));
#16295 = FILL_AREA_STYLE_COLOUR('',#16239);
#16296 = STYLED_ITEM('color',(#16297),#3838);
#16297 = PRESENTATION_STYLE_ASSIGNMENT((#16298));
#16298 = SURFACE_STYLE_USAGE(.BOTH.,#16299);
#16299 = SURFACE_SIDE_STYLE('',(#16300));
#16300 = SURFACE_STYLE_FILL_AREA(#16301);
#16301 = FILL_AREA_STYLE('',(#16302));
#16302 = FILL_AREA_STYLE_COLOUR('',#14502);
#16303 = STYLED_ITEM('color',(#16304),#3847);
#16304 = PRESENTATION_STYLE_ASSIGNMENT((#16305));
#16305 = SURFACE_STYLE_USAGE(.BOTH.,#16306);
#16306 = SURFACE_SIDE_STYLE('',(#16307));
#16307 = SURFACE_STYLE_FILL_AREA(#16308);
#16308 = FILL_AREA_STYLE('',(#16309));
#16309 = FILL_AREA_STYLE_COLOUR('',#16239);
#16310 = STYLED_ITEM('color',(#16311),#3873);
#16311 = PRESENTATION_STYLE_ASSIGNMENT((#16312));
#16312 = SURFACE_STYLE_USAGE(.BOTH.,#16313);
#16313 = SURFACE_SIDE_STYLE('',(#16314));
#16314 = SURFACE_STYLE_FILL_AREA(#16315);
#16315 = FILL_AREA_STYLE('',(#16316));
#16316 = FILL_AREA_STYLE_COLOUR('',#16239);
#16317 = STYLED_ITEM('color',(#16318),#4056);
#16318 = PRESENTATION_STYLE_ASSIGNMENT((#16319));
#16319 = SURFACE_STYLE_USAGE(.BOTH.,#16320);
#16320 = SURFACE_SIDE_STYLE('',(#16321));
#16321 = SURFACE_STYLE_FILL_AREA(#16322);
#16322 = FILL_AREA_STYLE('',(#16323));
#16323 = FILL_AREA_STYLE_COLOUR('',#14502);
#16324 = STYLED_ITEM('color',(#16325),#4082);
#16325 = PRESENTATION_STYLE_ASSIGNMENT((#16326));
#16326 = SURFACE_STYLE_USAGE(.BOTH.,#16327);
#16327 = SURFACE_SIDE_STYLE('',(#16328));
#16328 = SURFACE_STYLE_FILL_AREA(#16329);
#16329 = FILL_AREA_STYLE('',(#16330));
#16330 = FILL_AREA_STYLE_COLOUR('',#14502);
#16331 = STYLED_ITEM('color',(#16332),#4107);
#16332 = PRESENTATION_STYLE_ASSIGNMENT((#16333));
#16333 = SURFACE_STYLE_USAGE(.BOTH.,#16334);
#16334 = SURFACE_SIDE_STYLE('',(#16335));
#16335 = SURFACE_STYLE_FILL_AREA(#16336);
#16336 = FILL_AREA_STYLE('',(#16337));
#16337 = FILL_AREA_STYLE_COLOUR('',#14502);
ENDSEC;
END-ISO-10303-21;
